customerID,gender,SeniorCitizen,Partner,Dependents,tenure,PhoneService,MultipleLines,InternetService,OnlineSecurity,OnlineBackup,DeviceProtection,TechSupport,StreamingTV,StreamingMovies,Contract,PaperlessBilling,PaymentMethod,MonthlyCharges,TotalCharges,Churn
CUST-00001,Male,0,No,No,67,Yes,No,Fiber optic,No,No,No,No,No,Yes,One year,No,Electronic check,99.76,6217.79,No
CUST-00002,Female,1,No,No,25,Yes,No,Fiber optic,Yes,No,No,No,No,No,Two year,No,Credit card (automatic),113.74,2973.22,Yes
CUST-00003,Male,0,No,No,61,Yes,No,Fiber optic,No,No,No,No,Yes,No,Month-to-month,Yes,Mailed check,52.35,3417.46,No
CUST-00004,Male,0,Yes,No,26,Yes,No,DSL,No,No,Yes,No,No,Yes,Month-to-month,Yes,Electronic check,81.78,1895.3,No
CUST-00005,Male,0,Yes,No,34,Yes,Yes,DSL,Yes,Yes,No,No,No,Yes,One year,Yes,Bank transfer (automatic),41.21,1242.03,No
CUST-00006,Female,1,Yes,No,9,Yes,Yes,Fiber optic,No,Yes,Yes,No,No,Yes,Month-to-month,Yes,Credit card (automatic),92.41,933.74,Yes
CUST-00007,Male,0,Yes,Yes,40,Yes,No,Fiber optic,No,Yes,No,No,Yes,Yes,One year,No,Credit card (automatic),117.16,4205.62,Yes
CUST-00008,Male,0,Yes,No,7,No,No phone service,No,No internet service,No internet service,No internet service,No internet service,No internet service,No internet service,Two year,Yes,Credit card (automatic),50.57,359.4,Yes
CUST-00009,Male,0,Yes,No,30,Yes,No,Fiber optic,No,No,Yes,Yes,No,No,Month-to-month,Yes,Bank transfer (automatic),24.84,768.41,No
CUST-00010,Female,0,Yes,Yes,66,Yes,Yes,Fiber optic,Yes,No,No,No,No,Yes,One year,No,Credit card (automatic),116.07,7246.27,No
CUST-00011,Male,0,Yes,Yes,30,Yes,Yes,Fiber optic,No,Yes,No,No,Yes,Yes,Month-to-month,Yes,Mailed check,21.38,637.94,No
CUST-00012,Male,0,Yes,No,68,Yes,No,No,No internet service,No internet service,No internet service,No internet service,No internet service,No internet service,One year,No,Mailed check,54.85,3510.12,No
CUST-00013,Male,0,No,No,58,No,No phone service,DSL,No,No,Yes,No,No,No,Month-to-month,Yes,Bank transfer (automatic),74.5,4744.9,No
CUST-00014,Male,0,No,Yes,55,Yes,Yes,No,No internet service,No internet service,No internet service,No internet service,No internet service,No internet service,Month-to-month,Yes,Credit card (automatic),96.83,4770.75,Yes
CUST-00015,Female,0,Yes,No,14,No,No phone service,Fiber optic,No,Yes,No,No,Yes,No,One year,No,Electronic check,40.01,527.03,No
CUST-00016,Male,0,Yes,No,37,Yes,No,No,No internet service,No internet service,No internet service,No internet service,No internet service,No internet service,Two year,Yes,Mailed check,23.68,877.9,No
CUST-00017,Female,0,Yes,Yes,44,Yes,Yes,No,No internet service,No internet service,No internet service,No internet service,No internet service,No internet service,Month-to-month,No,Bank transfer (automatic),88.29,3651.7,Yes
CUST-00018,Female,0,No,Yes,6,Yes,No,DSL,Yes,No,No,Yes,No,No,One year,No,Electronic check,28.01,186.32,No
CUST-00019,Female,1,Yes,No,26,No,No phone service,Fiber optic,No,Yes,No,Yes,Yes,No,Two year,No,Electronic check,42.76,1243.55,No
CUST-00020,Male,0,No,No,14,Yes,Yes,Fiber optic,No,Yes,Yes,No,No,Yes,Month-to-month,Yes,Mailed check,45.16,690.2,Yes
CUST-00021,Female,1,Yes,No,8,Yes,No,Fiber optic,No,Yes,Yes,No,No,No,Month-to-month,No,Credit card (automatic),102.45,914.38,No
CUST-00022,Male,0,Yes,No,24,Yes,Yes,DSL,No,No,No,No,No,No,Month-to-month,Yes,Bank transfer (automatic),76.49,1797.31,No
CUST-00023,Female,0,Yes,Yes,39,Yes,Yes,No,No internet service,No internet service,No internet service,No internet service,No internet service,No internet service,Two year,No,Bank transfer (automatic),63.64,2511.26,No
CUST-00024,Female,1,Yes,No,49,Yes,No,No,No internet service,No internet service,No internet service,No internet service,No internet service,No internet service,Month-to-month,Yes,Electronic check,20.83,1061.82,Yes
CUST-00025,Female,0,No,No,63,Yes,No,Fiber optic,No,No,No,No,Yes,No,Month-to-month,No,Mailed check,69.32,4735.94,No
CUST-00026,Female,0,No,No,26,Yes,Yes,DSL,No,No,Yes,No,Yes,No,Two year,Yes,Credit card (automatic),89.87,2230.86,No
CUST-00027,Female,0,No,No,10,Yes,No,No,No internet service,No internet service,No internet service,No internet service,No internet service,No internet service,Two year,No,Credit card (automatic),116.4,1010.91,No
CUST-00028,Female,0,No,Yes,58,Yes,Yes,Fiber optic,Yes,No,No,No,Yes,No,One year,Yes,Credit card (automatic),66.77,4301.69,No
CUST-00029,Female,0,No,No,14,Yes,No,Fiber optic,Yes,No,No,No,No,No,Month-to-month,Yes,Credit card (automatic),74.22,1123.98,No
CUST-00030,Female,0,No,Yes,71,Yes,No,DSL,Yes,Yes,No,No,Yes,No,Month-to-month,No,Credit card (automatic),50.55,3585.58,Yes
CUST-00031,Male,0,Yes,Yes,39,Yes,No,DSL,No,No,No,No,Yes,No,Month-to-month,Yes,Electronic check,100.23,3420.23,No
CUST-00032,Male,0,Yes,No,31,Yes,No,Fiber optic,No,No,Yes,No,Yes,No,Two year,Yes,Electronic check,72.55,2204.83,No
CUST-00033,Female,0,Yes,Yes,50,Yes,No,DSL,Yes,No,No,Yes,No,No,Two year,No,Bank transfer (automatic),56.05,2426.9,No
CUST-00034,Female,0,No,No,16,Yes,No,Fiber optic,No,No,No,No,Yes,No,Month-to-month,Yes,Bank transfer (automatic),29.96,485.28,No
CUST-00035,Female,0,Yes,Yes,72,Yes,No,DSL,No,No,Yes,No,No,No,Month-to-month,No,Credit card (automatic),107.88,6777.28,No
CUST-00036,Male,0,No,Yes,51,No,No phone service,No,No internet service,No internet service,No internet service,No internet service,No internet service,No internet service,Month-to-month,Yes,Mailed check,98.79,5405.12,Yes
CUST-00037,Female,1,Yes,No,15,Yes,No,No,No internet service,No internet service,No internet service,No internet service,No internet service,No internet service,Month-to-month,No,Mailed check,39.08,519.49,Yes
CUST-00038,Male,0,No,Yes,38,Yes,No,DSL,Yes,No,No,No,Yes,Yes,Month-to-month,No,Credit card (automatic),106.2, ,No
CUST-00039,Male,1,Yes,Yes,71,Yes,No,DSL,No,No,No,No,No,No,One year,No,Electronic check,74.26,4960.8,No
CUST-00040,Male,0,Yes,No,72,Yes,No,Fiber optic,No,No,Yes,No,No,Yes,Month-to-month,No,Mailed check,95.69,6293.39,Yes
CUST-00041,Male,0,No,Yes,21,Yes,No,Fiber optic,No,No,Yes,No,No,No,Two year,Yes,Electronic check,83.7,1993.78,No
CUST-00042,Male,0,Yes,Yes,16,Yes,No,DSL,No,No,No,No,No,No,Month-to-month,No,Credit card (automatic),25.3,435.79,No
CUST-00043,Female,0,No,No,67,Yes,Yes,Fiber optic,No,No,No,Yes,No,No,One year,Yes,Bank transfer (automatic),43.25,3115.54,No
CUST-00044,Female,0,Yes,Yes,65,Yes,No,No,No internet service,No internet service,No internet service,No internet service,No internet service,No internet service,One year,No,Electronic check,60.74,3819.53,No
CUST-00045,Female,0,Yes,No,13,Yes,No,DSL,No,No,No,Yes,No,Yes,One year,Yes,Mailed check,29.47,409.46,No
CUST-00046,Female,0,No,Yes,64,Yes,No,DSL,No,No,No,No,Yes,No,Month-to-month,Yes,Bank transfer (automatic),55.71,3555.43,No
CUST-00047,Female,1,No,Yes,61,Yes,No,Fiber optic,Yes,No,Yes,Yes,No,No,Month-to-month,Yes,Credit card (automatic),21.87,1319.84,No
CUST-00048,Male,0,Yes,No,32,Yes,No,No,No internet service,No internet service,No internet service,No internet service,No internet service,No internet service,Month-to-month,Yes,Electronic check,107.05,3751.72,No
CUST-00049,Female,0,No,No,12,Yes,No,DSL,No,No,No,No,Yes,Yes,One year,No,Electronic check,22.59,258.64,No
CUST-00050,Female,0,No,Yes,41,Yes,No,Fiber optic,No,Yes,Yes,No,No,Yes,One year,Yes,Mailed check,73.36,2637.91,No
CUST-00051,Male,0,No,No,66,Yes,No,DSL,Yes,Yes,No,Yes,Yes,Yes,Month-to-month,Yes,Bank transfer (automatic),87.55,4996.82,No
CUST-00052,Female,0,Yes,Yes,8,Yes,No,No,No internet service,No internet service,No internet service,No internet service,No internet service,No internet service,One year,Yes,Credit card (automatic),47.68,420.97,No
CUST-00053,Male,0,Yes,Yes,59,Yes,Yes,Fiber optic,No,No,No,No,No,Yes,Two year,Yes,Mailed check,18.46,1186.47,No
CUST-00054,Female,1,No,No,25,Yes,No,Fiber optic,No,Yes,Yes,No,Yes,Yes,Month-to-month,No,Electronic check,73.92,1877.99,Yes
CUST-00055,Male,0,No,Yes,5,No,No phone service,No,No internet service,No internet service,No internet service,No internet service,No internet service,No internet service,Month-to-month,Yes,Credit card (automatic),64.98,309.82,No
CUST-00056,Female,0,No,No,45,Yes,Yes,Fiber optic,No,No,No,Yes,No,No,Month-to-month,Yes,Credit card (automatic),37.03,1534.04,No
CUST-00057,Female,0,Yes,Yes,2,Yes,No,Fiber optic,Yes,No,No,No,No,No,Month-to-month,No,Electronic check,27.51,60.46,Yes
CUST-00058,Male,0,Yes,No,42,Yes,Yes,DSL,No,No,No,No,No,No,Month-to-month,Yes,Bank transfer (automatic),98.43,3657.08,Yes
CUST-00059,Male,0,No,No,38,Yes,No,Fiber optic,No,Yes,Yes,Yes,Yes,No,One year,No,Electronic check,37.85,1588.98,No
CUST-00060,Male,0,Yes,No,3,Yes,Yes,DSL,No,No,No,No,No,No,Month-to-month,Yes,Credit card (automatic),60.96,172.05,Yes
CUST-00061,Male,0,Yes,Yes,46,Yes,Yes,No,No internet service,No internet service,No internet service,No internet service,No internet service,No internet service,One year,Yes,Mailed check,97.43,4104.95,No
CUST-00062,Male,0,Yes,No,22,Yes,No,Fiber optic,Yes,Yes,No,No,No,Yes,Month-to-month,Yes,Credit card (automatic),110.25,2737.67,No
CUST-00063,Male,0,No,No,33,Yes,No,No,No internet service,No internet service,No internet service,No internet service,No internet service,No internet service,One year,Yes,Mailed check,58.3,1862.48,No
CUST-00064,Male,0,Yes,No,32,Yes,Yes,DSL,No,Yes,No,No,Yes,No,Two year,Yes,Bank transfer (automatic),65.07,2366.06,No
CUST-00065,Male,0,No,No,17,Yes,Yes,DSL,No,No,No,No,No,Yes,Two year,No,Mailed check,89.66,1590.08,No
CUST-00066,Female,0,No,No,56,Yes,No,Fiber optic,No,No,No,No,No,No,Two year,Yes,Mailed check,33.64,1943.32,No
CUST-00067,Female,0,No,No,3,Yes,No,DSL,No,Yes,No,No,No,No,One year,Yes,Bank transfer (automatic),102.64,296.97,No
CUST-00068,Male,1,Yes,No,70,Yes,No,DSL,Yes,No,Yes,Yes,No,No,Two year,No,Electronic check,45.59,2962.13,No
CUST-00069,Female,1,Yes,No,49,Yes,No,No,No internet service,No internet service,No internet service,No internet service,No internet service,No internet service,One year,No,Electronic check,60.08,2596.41,Yes
CUST-00070,Female,0,No,No,55,Yes,Yes,DSL,No,Yes,No,No,Yes,No,Month-to-month,Yes,Electronic check,112.56,6352.7,No
CUST-00071,Female,0,No,Yes,31,Yes,No,Fiber optic,No,No,No,Yes,Yes,Yes,Two year,No,Mailed check,115.75,3103.97,No
CUST-00072,Female,0,No,No,21,Yes,Yes,No,No internet service,No internet service,No internet service,No internet service,No internet service,No internet service,Month-to-month,Yes,Bank transfer (automatic),61.81,1261.22,No
CUST-00073,Male,0,No,No,16,Yes,No,DSL,No,No,No,Yes,No,No,Two year,No,Electronic check,45.27,802.3,No
CUST-00074,Female,1,No,No,17,Yes,Yes,Fiber optic,No,No,No,No,No,No,Two year,Yes,Electronic check,32.03,611.7,No
CUST-00075,Male,0,No,Yes,1,Yes,No,No,No internet service,No internet service,No internet service,No internet service,No internet service,No internet service,Two year,Yes,Bank transfer (automatic),33.88,33.19,No
CUST-00076,Female,1,Yes,No,72,Yes,Yes,No,No internet service,No internet service,No internet service,No internet service,No internet service,No internet service,Two year,No,Mailed check,69.53,4781.77,No
CUST-00077,Female,1,Yes,No,65,Yes,Yes,Fiber optic,No,No,No,No,No,No,Month-to-month,Yes,Electronic check,87.17,5693.82,No
CUST-00078,Female,0,No,No,66,Yes,Yes,No,No internet service,No internet service,No internet service,No internet service,No internet service,No internet service,Month-to-month,Yes,Electronic check,54.72,3181.35,No
CUST-00079,Male,0,Yes,No,37,Yes,Yes,DSL,No,Yes,No,No,No,Yes,Month-to-month,No,Mailed check,42.27,1380.28,Yes
CUST-00080,Female,0,No,No,24,Yes,Yes,DSL,No,Yes,Yes,Yes,No,No,Month-to-month,No,Electronic check,18.56,383.87,No
CUST-00081,Male,1,Yes,No,62,Yes,No,Fiber optic,No,No,No,No,Yes,No,Month-to-month,Yes,Bank transfer (automatic),47.44,3270.29,Yes
CUST-00082,Female,0,No,Yes,21,Yes,No,Fiber optic,Yes,No,No,No,Yes,Yes,Month-to-month,No,Credit card (automatic),81.54,1864.23,No
CUST-00083,Male,1,Yes,Yes,37,Yes,No,Fiber optic,No,No,No,No,No,Yes,Two year,Yes,Bank transfer (automatic),92.72,3182.65,No
CUST-00084,Female,0,Yes,Yes,35,Yes,No,Fiber optic,No,No,Yes,Yes,Yes,No,Month-to-month,No,Mailed check,100.13,3703.12,No
CUST-00085,Male,0,No,Yes,38,No,No phone service,No,No internet service,No internet service,No internet service,No internet service,No internet service,No internet service,Two year,No,Mailed check,70.73,3002.77,No
CUST-00086,Male,1,Yes,No,53,Yes,No,Fiber optic,No,Yes,Yes,No,Yes,No,Month-to-month,No,Credit card (automatic),110.95,6433.97,Yes
CUST-00087,Female,0,Yes,No,15,Yes,No,No,No internet service,No internet service,No internet service,No internet service,No internet service,No internet service,Month-to-month,Yes,Electronic check,97.57,1328.54,No
CUST-00088,Male,0,Yes,No,42,Yes,Yes,Fiber optic,No,No,Yes,No,No,No,Month-to-month,No,Mailed check,97.29,3837.2,Yes
CUST-00089,Female,0,No,No,4,Yes,No,Fiber optic,No,Yes,No,No,No,No,Two year,No,Electronic check,20.0,74.83,No
CUST-00090,Female,0,No,No,39,Yes,Yes,Fiber optic,Yes,No,No,No,No,No,Month-to-month,Yes,Mailed check,23.16,888.57,No
CUST-00091,Female,0,No,No,23,Yes,Yes,Fiber optic,No,No,No,Yes,No,Yes,Month-to-month,No,Bank transfer (automatic),95.17,2177.46,No
CUST-00092,Female,0,Yes,No,15,Yes,Yes,Fiber optic,No,Yes,Yes,Yes,Yes,No,Two year,Yes,Bank transfer (automatic),48.75,684.73,No
CUST-00093,Female,1,No,Yes,12,Yes,No,No,No internet service,No internet service,No internet service,No internet service,No internet service,No internet service,One year,Yes,Bank transfer (automatic),46.64,618.61,No
CUST-00094,Female,1,Yes,No,70,Yes,No,No,No internet service,No internet service,No internet service,No internet service,No internet service,No internet service,Two year,No,Electronic check,47.98,2918.0,No
CUST-00095,Female,0,No,Yes,54,Yes,No,Fiber optic,Yes,No,No,No,No,No,One year,Yes,Mailed check,93.82,5089.64,No
CUST-00096,Female,0,No,No,38,Yes,Yes,No,No internet service,No internet service,No internet service,No internet service,No internet service,No internet service,Month-to-month,No,Bank transfer (automatic),86.36,3139.94,Yes
CUST-00097,Female,0,No,No,28,Yes,Yes,Fiber optic,Yes,No,No,No,No,Yes,Month-to-month,No,Credit card (automatic),23.23,710.25,Yes
CUST-00098,Female,0,No,No,19,Yes,No,DSL,No,Yes,No,No,No,No,One year,Yes,Electronic check,97.78,2106.61,No
CUST-00099,Female,1,No,Yes,69,Yes,Yes,Fiber optic,No,Yes,Yes,No,Yes,No,Month-to-month,No,Electronic check,62.24,3793.86,No
CUST-00100,Male,0,No,No,64,Yes,Yes,DSL,Yes,Yes,No,No,Yes,No,Month-to-month,Yes,Bank transfer (automatic),92.66,5838.74,No
CUST-00101,Male,0,Yes,No,4,Yes,Yes,Fiber optic,No,No,Yes,No,Yes,No,Two year,Yes,Mailed check,113.38,441.27,Yes
CUST-00102,Female,0,No,Yes,10,Yes,Yes,No,No internet service,No internet service,No internet service,No internet service,No internet service,No internet service,One year,No,Mailed check,82.22,704.0,No
CUST-00103,Female,0,Yes,Yes,12,Yes,No,No,No internet service,No internet service,No internet service,No internet service,No internet service,No internet service,Month-to-month,Yes,Electronic check,86.84,1155.04,Yes
CUST-00104,Female,0,Yes,No,69,Yes,No,Fiber optic,No,No,No,No,No,Yes,One year,Yes,Electronic check,52.38,3299.55,No
CUST-00105,Female,0,Yes,Yes,7,No,No phone service,No,No internet service,No internet service,No internet service,No internet service,No internet service,No internet service,Month-to-month,Yes,Electronic check,80.77,495.26,Yes
CUST-00106,Female,0,Yes,No,44,Yes,Yes,Fiber optic,No,No,Yes,No,Yes,No,Month-to-month,No,Bank transfer (automatic),90.27,4456.8,Yes
CUST-00107,Female,0,Yes,No,23,No,No phone service,Fiber optic,Yes,Yes,No,No,No,Yes,Month-to-month,Yes,Mailed check,44.46,957.12,Yes
CUST-00108,Female,0,No,No,2,No,No phone service,No,No internet service,No internet service,No internet service,No internet service,No internet service,No internet service,Month-to-month,Yes,Electronic check,51.53,104.82,Yes
CUST-00109,Female,0,Yes,Yes,37,Yes,No,Fiber optic,No,No,No,No,Yes,No,Two year,Yes,Electronic check,27.27,1028.77,No
CUST-00110,Male,0,Yes,No,69,Yes,Yes,Fiber optic,Yes,No,No,No,No,No,Two year,No,Mailed check,95.25,7557.42,No
CUST-00111,Female,0,No,No,20,Yes,Yes,No,No internet service,No internet service,No internet service,No internet service,No internet service,No internet service,Month-to-month,Yes,Electronic check,81.36,1786.05,Yes
CUST-00112,Male,0,Yes,Yes,44,Yes,Yes,DSL,No,No,Yes,No,Yes,Yes,Two year,Yes,Bank transfer (automatic),56.84,2299.4,No
CUST-00113,Female,0,No,Yes,70,Yes,No,No,No internet service,No internet service,No internet service,No internet service,No internet service,No internet service,Month-to-month,Yes,Mailed check,71.83,5195.63,No
CUST-00114,Female,0,No,Yes,51,Yes,No,Fiber optic,No,No,No,No,Yes,Yes,Month-to-month,No,Electronic check,86.33,3774.7,No
CUST-00115,Male,0,No,No,31,Yes,Yes,Fiber optic,No,No,Yes,Yes,No,No,Month-to-month,Yes,Electronic check,36.67,1163.2,No
CUST-00116,Female,1,No,No,41,Yes,No,Fiber optic,Yes,No,No,No,No,No,One year,Yes,Mailed check,86.3,3990.0,Yes
CUST-00117,Male,1,Yes,Yes,58,Yes,No,DSL,No,Yes,No,No,No,No,One year,No,Electronic check,81.41,4127.13,No
CUST-00118,Female,0,Yes,No,5,Yes,No,No,No internet service,No internet service,No internet service,No internet service,No internet service,No internet service,Month-to-month,Yes,Electronic check,83.34,366.84,Yes
CUST-00119,Female,1,Yes,No,33,No,No phone service,Fiber optic,Yes,Yes,No,Yes,No,Yes,Month-to-month,Yes,Credit card (automatic),50.93,1449.99,Yes
CUST-00120,Male,0,No,No,43,Yes,Yes,DSL,Yes,Yes,No,No,No,Yes,Two year,Yes,Bank transfer (automatic),33.41,1466.96,No
CUST-00121,Female,0,Yes,No,19,Yes,No,No,No internet service,No internet service,No internet service,No internet service,No internet service,No internet service,Two year,Yes,Bank transfer (automatic),57.56,1044.32,No
CUST-00122,Male,0,Yes,Yes,32,Yes,No,Fiber optic,No,No,Yes,No,No,Yes,One year,No,Electronic check,27.7,775.9,No
CUST-00123,Female,0,Yes,Yes,3,Yes,Yes,No,No internet service,No internet service,No internet service,No internet service,No internet service,No internet service,Month-to-month,Yes,Mailed check,34.68,95.8,Yes
CUST-00124,Male,0,No,No,1,Yes,No,No,No internet service,No internet service,No internet service,No internet service,No internet service,No internet service,Two year,No,Electronic check,73.92,82.91,No
CUST-00125,Male,0,Yes,Yes,41,Yes,No,DSL,No,No,No,No,No,No,One year,Yes,Credit card (automatic),111.25,4334.36,No
CUST-00126,Female,0,No,No,48,Yes,No,Fiber optic,No,Yes,Yes,No,No,No,Month-to-month,No,Mailed check,40.64,1750.73,No
CUST-00127,Female,0,Yes,No,39,Yes,Yes,Fiber optic,No,No,No,Yes,No,Yes,Two year,No,Credit card (automatic),72.18,2716.29,No
CUST-00128,Male,0,Yes,No,5,Yes,No,No,No internet service,No internet service,No internet service,No internet service,No internet service,No internet service,One year,Yes,Mailed check,34.13,161.62,Yes
CUST-00129,Female,1,Yes,No,11,Yes,No,Fiber optic,No,No,Yes,No,Yes,Yes,Month-to-month,Yes,Credit card (automatic),72.21,832.35,No
CUST-00130,Female,0,No,No,22,Yes,Yes,No,No internet service,No internet service,No internet service,No internet service,No internet service,No internet service,Month-to-month,Yes,Bank transfer (automatic),94.08,1911.41,Yes
CUST-00131,Female,0,No,No,64,Yes,No,Fiber optic,No,Yes,No,No,No,No,Month-to-month,Yes,Bank transfer (automatic),99.94,5448.15,No
CUST-00132,Male,0,Yes,No,12,Yes,No,DSL,No,No,No,Yes,Yes,Yes,One year,Yes,Bank transfer (automatic),88.57,1141.72,No
CUST-00133,Male,0,Yes,No,53,Yes,No,DSL,No,No,Yes,No,Yes,No,Month-to-month,No,Electronic check,38.6,2047.32,No
CUST-00134,Male,0,No,No,55,Yes,No,Fiber optic,No,Yes,No,No,Yes,Yes,Month-to-month,Yes,Bank transfer (automatic),63.44,3187.13,No
CUST-00135,Male,0,Yes,No,53,Yes,No,No,No internet service,No internet service,No internet service,No internet service,No internet service,No internet service,Month-to-month,Yes,Electronic check,100.37,5193.76,No
CUST-00136,Male,0,Yes,Yes,21,Yes,Yes,Fiber optic,Yes,No,No,No,No,No,Month-to-month,No,Bank transfer (automatic),92.16,1909.69,No
CUST-00137,Male,0,Yes,Yes,19,Yes,No,No,No internet service,No internet service,No internet service,No internet service,No internet service,No internet service,One year,Yes,Mailed check,98.94,2109.04,No
CUST-00138,Male,0,Yes,No,69,Yes,Yes,Fiber optic,Yes,Yes,No,No,No,No,Two year,Yes,Credit card (automatic),27.8,1640.53,No
CUST-00139,Male,0,Yes,No,72,Yes,Yes,DSL,Yes,No,Yes,No,No,No,Month-to-month,Yes,Mailed check,91.38,7427.86,No
CUST-00140,Male,0,Yes,No,66,Yes,No,No,No internet service,No internet service,No internet service,No internet service,No internet service,No internet service,Month-to-month,Yes,Electronic check,62.78,3566.89,Yes
CUST-00141,Female,0,Yes,No,59,Yes,Yes,Fiber optic,No,Yes,No,No,No,Yes,Two year,Yes,Mailed check,54.12,3659.62,No
CUST-00142,Male,0,No,Yes,49,Yes,Yes,Fiber optic,No,No,Yes,Yes,No,No,Month-to-month,Yes,Mailed check,34.5,1693.57,No
CUST-00143,Female,0,Yes,No,59,Yes,Yes,DSL,No,Yes,No,No,Yes,No,Month-to-month,No,Electronic check,42.18,2445.99,No
CUST-00144,Female,1,No,No,23,Yes,No,DSL,No,Yes,Yes,No,No,No,Month-to-month,Yes,Bank transfer (automatic),78.57,1931.44,No
CUST-00145,Female,1,Yes,No,3,Yes,Yes,Fiber optic,No,No,No,Yes,Yes,No,One year,Yes,Mailed check,88.82,228.7,No
CUST-00146,Male,1,No,No,56,Yes,No,No,No internet service,No internet service,No internet service,No internet service,No internet service,No internet service,Two year,No,Mailed check,72.99,4496.06,No
CUST-00147,Male,0,Yes,No,58,No,No phone service,DSL,No,Yes,Yes,Yes,No,No,Two year,Yes,Bank transfer (automatic),115.25,7494.05,No
CUST-00148,Male,0,No,No,62,Yes,Yes,No,No internet service,No internet service,No internet service,No internet service,No internet service,No internet service,Month-to-month,No,Electronic check,37.04,1996.4,No
CUST-00149,Male,0,Yes,No,18,Yes,Yes,Fiber optic,No,No,No,No,Yes,Yes,Month-to-month,Yes,Electronic check,75.99,1355.03,Yes
CUST-00150,Female,0,No,No,61,Yes,Yes,Fiber optic,Yes,No,Yes,No,No,Yes,One year,No,Electronic check,92.91,5426.08,No
CUST-00151,Male,0,Yes,No,37,Yes,No,No,No internet service,No internet service,No internet service,No internet service,No internet service,No internet service,Two year,No,Mailed check,42.41,1681.4,No
CUST-00152,Male,0,Yes,Yes,54,Yes,Yes,DSL,Yes,No,Yes,No,No,No,Two year,Yes,Credit card (automatic),22.61,1316.3,No
CUST-00153,Male,1,No,No,65,Yes,No,No,No internet service,No internet service,No internet service,No internet service,No internet service,No internet service,One year,Yes,Mailed check,42.23,2822.13,No
CUST-00154,Male,0,No,No,14,Yes,No,No,No internet service,No internet service,No internet service,No internet service,No internet service,No internet service,Two year,No,Electronic check,18.94,290.29,No
CUST-00155,Male,1,Yes,No,5,Yes,Yes,DSL,No,No,Yes,No,No,No,Month-to-month,No,Electronic check,64.3,337.6,No
CUST-00156,Female,0,No,No,62,Yes,Yes,Fiber optic,Yes,Yes,Yes,Yes,Yes,No,Month-to-month,Yes,Electronic check,22.65,1403.22,No
CUST-00157,Male,0,Yes,No,1,Yes,No,DSL,No,Yes,No,No,No,Yes,Month-to-month,Yes,Electronic check,93.77,95.6,Yes
CUST-00158,Female,0,Yes,No,63,Yes,No,Fiber optic,Yes,Yes,No,Yes,Yes,No,Month-to-month,No,Mailed check,108.75,6456.64,No
CUST-00159,Male,0,No,No,67,Yes,No,Fiber optic,Yes,Yes,No,No,No,No,One year,Yes,Mailed check,50.49,3330.46,No
CUST-00160,Female,0,Yes,No,20,Yes,Yes,No,No internet service,No internet service,No internet service,No internet service,No internet service,No internet service,Month-to-month,Yes,Mailed check,77.3,1748.06,No
CUST-00161,Male,0,No,Yes,43,Yes,No,Fiber optic,No,Yes,No,Yes,No,Yes,Month-to-month,No,Mailed check,101.25,4678.63,No
CUST-00162,Male,0,Yes,No,42,Yes,Yes,Fiber optic,Yes,No,No,No,No,Yes,Month-to-month,No,Mailed check,44.63,1718.66,No
CUST-00163,Female,0,No,Yes,69,Yes,Yes,Fiber optic,Yes,No,No,No,No,No,Month-to-month,Yes,Bank transfer (automatic),89.31,5407.59,No
CUST-00164,Female,1,No,Yes,39,Yes,Yes,Fiber optic,No,No,No,Yes,No,No,Two year,Yes,Mailed check,108.19,3673.81,Yes
CUST-00165,Female,0,No,No,62,Yes,Yes,DSL,No,No,No,Yes,Yes,Yes,Month-to-month,No,Credit card (automatic),87.26,5981.23,No
CUST-00166,Male,1,No,No,48,Yes,No,DSL,No,Yes,No,No,No,Yes,Month-to-month,No,Credit card (automatic),86.61,4575.96,No
CUST-00167,Female,0,Yes,Yes,6,Yes,Yes,DSL,Yes,No,No,No,No,Yes,Month-to-month,No,Electronic check,29.0,164.58,No
CUST-00168,Male,0,No,No,42,Yes,No,DSL,No,No,Yes,Yes,No,No,Two year,Yes,Electronic check,34.18,1225.31,No
CUST-00169,Male,0,Yes,No,58,Yes,Yes,DSL,No,Yes,No,No,Yes,No,Month-to-month,Yes,Credit card (automatic),77.16,4376.52,No
CUST-00170,Female,0,No,Yes,43,Yes,Yes,Fiber optic,No,No,Yes,No,No,No,Two year,Yes,Electronic check,37.38,1527.78,No
CUST-00171,Female,0,No,No,10,Yes,No,DSL,Yes,No,No,No,No,Yes,Month-to-month,No,Bank transfer (automatic),65.2,579.17,No
CUST-00172,Male,0,No,No,39,Yes,No,No,No internet service,No internet service,No internet service,No internet service,No internet service,No internet service,Two year,Yes,Credit card (automatic),105.7,3748.77,No
CUST-00173,Male,0,No,No,13,Yes,No,DSL,No,No,No,No,No,No,Month-to-month,Yes,Electronic check,113.81,1524.47,No
CUST-00174,Female,0,Yes,No,39,Yes,Yes,Fiber optic,Yes,No,No,No,No,No,Month-to-month,Yes,Electronic check,59.74,2482.65,No
CUST-00175,Female,0,No,No,11,Yes,Yes,Fiber optic,Yes,No,No,No,Yes,No,One year,Yes,Electronic check,33.41,375.37,No
CUST-00176,Female,0,Yes,No,16,Yes,Yes,DSL,No,Yes,Yes,No,No,No,One year,Yes,Bank transfer (automatic),110.02,1584.5,No
CUST-00177,Male,0,No,No,33,Yes,No,DSL,No,No,Yes,Yes,Yes,Yes,Month-to-month,Yes,Bank transfer (automatic),65.24,2031.61,No
CUST-00178,Male,0,Yes,No,60,Yes,Yes,DSL,No,Yes,Yes,No,Yes,No,Month-to-month,No,Mailed check,47.37,3016.79,No
CUST-00179,Male,0,No,No,59,Yes,No,Fiber optic,No,No,No,Yes,No,No,Month-to-month,Yes,Credit card (automatic),118.11,6095.6,No
CUST-00180,Male,0,Yes,No,51,Yes,No,No,No internet service,No internet service,No internet service,No internet service,No internet service,No internet service,Month-to-month,No,Credit card (automatic),108.66,5846.54,No
CUST-00181,Male,0,No,Yes,15,Yes,No,No,No internet service,No internet service,No internet service,No internet service,No internet service,No internet service,Two year,Yes,Electronic check,61.67,1023.49,No
CUST-00182,Male,0,Yes,Yes,43,Yes,No,DSL,No,Yes,No,Yes,No,Yes,Month-to-month,Yes,Credit card (automatic),23.33,1091.14,No
CUST-00183,Female,0,No,No,27,Yes,No,No,No internet service,No internet service,No internet service,No internet service,No internet service,No internet service,Month-to-month,No,Electronic check,76.98,2125.59,Yes
CUST-00184,Male,0,Yes,No,56,Yes,Yes,Fiber optic,Yes,No,No,No,Yes,No,Month-to-month,No,Electronic check,90.26,5652.72,Yes
CUST-00185,Male,0,No,Yes,60,Yes,No,Fiber optic,No,No,No,No,No,No,Month-to-month,No,Bank transfer (automatic),18.78,977.36,No
CUST-00186,Male,0,Yes,No,70,Yes,No,DSL,No,No,No,No,No,Yes,One year,No,Bank transfer (automatic),51.54,3641.42,No
CUST-00187,Female,1,No,Yes,47,Yes,No,DSL,No,No,Yes,No,No,No,Two year,Yes,Electronic check,27.74,1410.31,No
CUST-00188,Male,0,Yes,Yes,8,Yes,Yes,Fiber optic,No,No,No,No,No,Yes,Month-to-month,Yes,Electronic check,106.59,842.07,Yes
CUST-00189,Male,0,No,Yes,63,Yes,No,No,No internet service,No internet service,No internet service,No internet service,No internet service,No internet service,Month-to-month,No,Bank transfer (automatic),22.47,1622.64,No
CUST-00190,Female,0,Yes,No,7,Yes,Yes,DSL,No,Yes,No,No,Yes,Yes,Two year,No,Electronic check,113.76,681.23,No
CUST-00191,Male,0,No,No,2,Yes,No,Fiber optic,No,No,Yes,No,Yes,No,One year,Yes,Electronic check,21.78,41.36,Yes
CUST-00192,Male,0,Yes,Yes,17,Yes,No,DSL,No,Yes,No,No,No,No,Two year,No,Mailed check,21.66,411.6,No
CUST-00193,Male,0,Yes,No,4,Yes,No,DSL,Yes,Yes,Yes,Yes,Yes,Yes,Two year,No,Credit card (automatic),61.85,222.9,No
CUST-00194,Male,0,No,Yes,26,Yes,No,No,No internet service,No internet service,No internet service,No internet service,No internet service,No internet service,Month-to-month,Yes,Credit card (automatic),53.73,1379.79,Yes
CUST-00195,Male,0,Yes,No,72,Yes,No,DSL,No,Yes,Yes,Yes,No,Yes,Month-to-month,No,Electronic check,23.17,1788.54,No
CUST-00196,Female,0,Yes,Yes,69,Yes,No,DSL,No,No,Yes,Yes,No,No,Two year,No,Electronic check,97.8,6746.62,No
CUST-00197,Female,0,No,No,5,Yes,No,No,No internet service,No internet service,No internet service,No internet service,No internet service,No internet service,Month-to-month,Yes,Mailed check,24.85,119.85,No
CUST-00198,Female,1,No,No,5,Yes,No,Fiber optic,Yes,No,No,No,No,Yes,Month-to-month,Yes,Mailed check,24.34,104.18,Yes
CUST-00199,Male,0,No,No,69,Yes,No,DSL,No,Yes,No,Yes,No,No,Month-to-month,Yes,Bank transfer (automatic),67.07,5033.33,No
CUST-00200,Male,1,Yes,Yes,3,Yes,No,Fiber optic,No,No,No,No,No,No,Month-to-month,Yes,Credit card (automatic),53.34,170.2,No
CUST-00201,Male,0,Yes,Yes,38,Yes,No,Fiber optic,Yes,No,Yes,No,No,Yes,Two year,Yes,Bank transfer (automatic),32.48,1386.2,No
CUST-00202,Female,1,No,No,1,Yes,No,Fiber optic,Yes,Yes,No,Yes,Yes,Yes,Two year,Yes,Electronic check,30.58,34.3,No
CUST-00203,Male,1,Yes,No,8,Yes,Yes,Fiber optic,No,Yes,Yes,No,No,Yes,Two year,Yes,Mailed check,115.72,1023.46,Yes
CUST-00204,Male,0,No,No,13,Yes,No,Fiber optic,No,No,No,Yes,Yes,Yes,Month-to-month,Yes,Mailed check,82.92,1033.37,Yes
CUST-00205,Female,0,Yes,No,70,Yes,Yes,DSL,No,No,No,No,Yes,No,One year,Yes,Credit card (automatic),39.26,2689.86,No
CUST-00206,Male,0,No,No,50,Yes,No,No,No internet service,No internet service,No internet service,No internet service,No internet service,No internet service,Month-to-month,No,Mailed check,50.53,2847.48,No
CUST-00207,Female,0,No,No,8,Yes,No,DSL,No,No,No,No,Yes,No,Month-to-month,Yes,Bank transfer (automatic),84.77,606.81,No
CUST-00208,Female,0,No,No,30,Yes,Yes,No,No internet service,No internet service,No internet service,No internet service,No internet service,No internet service,Two year,Yes,Electronic check,27.03,695.47,No
CUST-00209,Female,0,Yes,Yes,40,Yes,Yes,DSL,No,No,No,Yes,No,No,Two year,Yes,Mailed check,54.17,2261.03,No
CUST-00210,Male,0,No,No,33,Yes,No,No,No internet service,No internet service,No internet service,No internet service,No internet service,No internet service,Month-to-month,Yes,Electronic check,21.06,659.67,No
CUST-00211,Male,0,Yes,No,52,Yes,No,No,No internet service,No internet service,No internet service,No internet service,No internet service,No internet service,Month-to-month,No,Electronic check,79.11,3737.53,No
CUST-00212,Male,1,No,No,33,Yes,Yes,Fiber optic,Yes,Yes,No,No,No,Yes,Month-to-month,No,Mailed check,104.12,3355.5,Yes
CUST-00213,Male,0,No,Yes,37,Yes,No,Fiber optic,No,No,Yes,Yes,No,Yes,Month-to-month,Yes,Bank transfer (automatic),108.92,3720.37,No
CUST-00214,Male,0,Yes,No,70,Yes,Yes,Fiber optic,No,Yes,No,No,No,No,Month-to-month,Yes,Credit card (automatic),83.05,5416.68,No
CUST-00215,Male,0,Yes,No,69,Yes,No,Fiber optic,Yes,No,No,No,Yes,Yes,Two year,No,Electronic check,99.53,6265.49,No
CUST-00216,Male,1,No,No,4,Yes,No,Fiber optic,No,No,No,No,No,No,Two year,Yes,Electronic check,94.76,408.91,Yes
CUST-00217,Female,0,Yes,Yes,60,Yes,No,Fiber optic,No,No,No,No,No,No,Two year,No,Mailed check,20.31,1387.71,No
CUST-00218,Male,0,No,No,31,Yes,Yes,Fiber optic,No,No,No,No,Yes,Yes,Two year,Yes,Electronic check,35.43,1143.91,No
CUST-00219,Female,0,Yes,Yes,14,Yes,No,DSL,No,No,No,Yes,Yes,Yes,One year,Yes,Credit card (automatic),24.87,354.08,No
CUST-00220,Male,0,Yes,No,60,No,No phone service,DSL,Yes,No,No,No,No,No,One year,No,Credit card (automatic),46.4,3108.08,No
CUST-00221,Male,0,No,No,68,Yes,No,Fiber optic,No,No,Yes,Yes,No,No,Month-to-month,No,Credit card (automatic),26.71,1556.15,No
CUST-00222,Male,1,No,No,26,No,No phone service,Fiber optic,Yes,No,No,No,No,Yes,Month-to-month,No,Bank transfer (automatic),69.42,1650.01,Yes
CUST-00223,Female,0,Yes,No,24,Yes,No,No,No internet service,No internet service,No internet service,No internet service,No internet service,No internet service,Month-to-month,No,Credit card (automatic),37.52,890.71,No
CUST-00224,Female,0,No,No,56,Yes,No,Fiber optic,Yes,No,No,Yes,No,No,Month-to-month,No,Credit card (automatic),35.39,1747.2,No
CUST-00225,Female,1,No,No,9,Yes,Yes,Fiber optic,No,Yes,No,No,Yes,Yes,Month-to-month,Yes,Mailed check,117.17,1021.39,Yes
CUST-00226,Female,0,No,Yes,35,Yes,Yes,Fiber optic,Yes,No,Yes,No,No,No,Month-to-month,Yes,Bank transfer (automatic),110.19,3720.1,No
CUST-00227,Male,0,Yes,No,24,Yes,No,DSL,Yes,No,Yes,No,No,No,Month-to-month,Yes,Electronic check,38.28,1041.81,Yes
CUST-00228,Female,1,Yes,No,31,Yes,No,No,No internet service,No internet service,No internet service,No internet service,No internet service,No internet service,Month-to-month,Yes,Credit card (automatic),39.03,1087.93,No
CUST-00229,Male,0,No,Yes,66,Yes,Yes,Fiber optic,Yes,Yes,Yes,No,No,No,Month-to-month,Yes,Credit card (automatic),91.96,6025.38,No
CUST-00230,Male,0,No,No,66,Yes,Yes,No,No internet service,No internet service,No internet service,No internet service,No internet service,No internet service,Month-to-month,Yes,Credit card (automatic),84.19,4903.09,No
CUST-00231,Female,0,Yes,Yes,41,Yes,No,DSL,Yes,No,No,Yes,No,No,One year,No,Electronic check,48.68,2166.7,No
CUST-00232,Female,0,No,Yes,36,Yes,Yes,Fiber optic,Yes,Yes,Yes,No,Yes,Yes,Two year,No,Electronic check,105.28,4073.52,Yes
CUST-00233,Female,0,Yes,No,34,Yes,No,Fiber optic,No,No,No,No,No,No,Month-to-month,No,Electronic check,30.48,1181.97,Yes
CUST-00234,Female,0,Yes,No,39,Yes,No,Fiber optic,No,No,Yes,No,Yes,No,Two year,No,Mailed check,96.16,3590.46,No
CUST-00235,Female,0,No,No,23,No,No phone service,Fiber optic,No,No,No,No,No,No,One year,Yes,Electronic check,109.39,2885.48,Yes
CUST-00236,Female,1,No,No,44,Yes,No,DSL,No,Yes,Yes,No,No,No,Month-to-month,Yes,Credit card (automatic),33.42,1555.78,No
CUST-00237,Female,0,Yes,No,70,Yes,No,DSL,No,No,No,No,No,Yes,Month-to-month,No,Bank transfer (automatic),74.24,4547.22,No
CUST-00238,Female,1,No,Yes,58,Yes,No,Fiber optic,No,Yes,No,No,No,Yes,One year,No,Mailed check,23.98,1199.24,No
CUST-00239,Male,0,No,Yes,59,Yes,No,DSL,No,No,Yes,Yes,Yes,Yes,Two year,No,Mailed check,99.63,5211.1,No
CUST-00240,Female,0,No,No,26,Yes,No,DSL,No,No,Yes,Yes,No,Yes,Month-to-month,Yes,Electronic check,91.4,2020.11,No
CUST-00241,Female,0,No,No,22,Yes,No,No,No internet service,No internet service,No internet service,No internet service,No internet service,No internet service,One year,No,Mailed check,65.39,1521.83,Yes
CUST-00242,Male,0,Yes,No,40,Yes,Yes,Fiber optic,Yes,No,Yes,No,No,No,Month-to-month,No,Mailed check,47.55,2163.17,No
CUST-00243,Female,0,Yes,No,11,Yes,No,No,No internet service,No internet service,No internet service,No internet service,No internet service,No internet service,Month-to-month,Yes,Bank transfer (automatic),36.29,344.52,No
CUST-00244,Male,1,Yes,Yes,9,No,No phone service,Fiber optic,No,Yes,No,No,No,Yes,Month-to-month,Yes,Electronic check,90.95,744.47,Yes
CUST-00245,Male,0,No,No,12,Yes,Yes,Fiber optic,No,No,No,No,No,No,Month-to-month,Yes,Bank transfer (automatic),87.93,1200.76,No
CUST-00246,Female,0,No,No,26,Yes,Yes,DSL,Yes,Yes,Yes,No,No,No,One year,Yes,Bank transfer (automatic),70.61,1697.6,No
CUST-00247,Male,0,Yes,No,38,Yes,Yes,No,No internet service,No internet service,No internet service,No internet service,No internet service,No internet service,Month-to-month,Yes,Mailed check,32.51,1367.52,No
CUST-00248,Male,0,Yes,Yes,3,Yes,No,Fiber optic,Yes,No,No,No,No,No,One year,Yes,Credit card (automatic),23.44,63.9,No
CUST-00249,Male,0,Yes,No,15,Yes,Yes,Fiber optic,No,No,No,No,Yes,Yes,Month-to-month,Yes,Bank transfer (automatic),21.59,369.44,Yes
CUST-00250,Male,0,Yes,Yes,47,Yes,Yes,DSL,Yes,No,Yes,No,No,No,Month-to-month,Yes,Bank transfer (automatic),106.98,4861.51,No
CUST-00251,Female,0,No,No,5,Yes,No,Fiber optic,No,Yes,Yes,Yes,No,No,Month-to-month,Yes,Credit card (automatic),30.64,162.67,No
CUST-00252,Male,0,No,Yes,54,No,No phone service,No,No internet service,No internet service,No internet service,No internet service,No internet service,No internet service,One year,No,Electronic check,67.12,4108.17,No
CUST-00253,Female,0,Yes,No,24,Yes,Yes,Fiber optic,No,Yes,No,Yes,Yes,No,Two year,Yes,Electronic check,101.18,2266.05,No
CUST-00254,Male,0,No,No,11,Yes,No,No,No internet service,No internet service,No internet service,No internet service,No internet service,No internet service,Month-to-month,Yes,Mailed check,64.58,695.83,No
CUST-00255,Male,0,No,No,33,Yes,Yes,Fiber optic,No,Yes,Yes,No,No,No,Month-to-month,No,Bank transfer (automatic),19.38,596.1,No
CUST-00256,Male,1,No,No,57,Yes,Yes,Fiber optic,Yes,Yes,No,No,No,No,Month-to-month,No,Mailed check,99.46,5650.02,No
CUST-00257,Male,0,Yes,Yes,52,Yes,Yes,DSL,No,Yes,No,Yes,Yes,No,Two year,No,Electronic check,27.75,1618.53,No
CUST-00258,Female,0,Yes,No,64,Yes,No,Fiber optic,No,No,No,No,No,No,One year,No,Electronic check,69.39,4036.06,No
CUST-00259,Female,0,Yes,No,43,Yes,No,No,No internet service,No internet service,No internet service,No internet service,No internet service,No internet service,Two year,No,Credit card (automatic),100.58,4354.06,No
CUST-00260,Male,0,No,No,44,Yes,Yes,Fiber optic,No,No,Yes,No,No,Yes,Month-to-month,Yes,Electronic check,75.55,2978.41,Yes
CUST-00261,Male,1,No,No,36,Yes,Yes,Fiber optic,No,No,No,No,No,Yes,One year,Yes,Mailed check,38.25,1338.21,No
CUST-00262,Female,0,No,No,12,Yes,Yes,No,No internet service,No internet service,No internet service,No internet service,No internet service,No internet service,Month-to-month,Yes,Mailed check,30.83,336.93,No
CUST-00263,Male,0,Yes,No,56,Yes,No,DSL,No,No,No,No,No,No,Month-to-month,Yes,Mailed check,117.36,6037.26,No
CUST-00264,Male,0,Yes,No,3,Yes,No,DSL,Yes,Yes,No,No,No,No,One year,No,Bank transfer (automatic),43.19,128.4,No
CUST-00265,Male,0,Yes,No,50,No,No phone service,Fiber optic,Yes,No,No,Yes,Yes,Yes,Month-to-month,Yes,Credit card (automatic),19.66,1054.27,No
CUST-00266,Female,0,No,Yes,29,Yes,No,DSL,No,No,Yes,Yes,Yes,No,One year,Yes,Credit card (automatic),55.67,1434.2,No
CUST-00267,Female,0,Yes,Yes,16,Yes,No,DSL,No,No,No,Yes,No,Yes,One year,Yes,Electronic check,92.02,1600.61,No
CUST-00268,Female,0,Yes,Yes,40,Yes,Yes,Fiber optic,No,No,No,No,Yes,No,Month-to-month,Yes,Electronic check,59.99,2750.67,No
CUST-00269,Male,0,No,Yes,27,Yes,Yes,Fiber optic,Yes,No,No,No,Yes,No,Month-to-month,Yes,Electronic check,34.17,868.64,No
CUST-00270,Male,0,No,No,70,Yes,Yes,Fiber optic,No,No,Yes,Yes,No,No,Month-to-month,No,Bank transfer (automatic),37.75,2404.04,No
CUST-00271,Female,1,No,Yes,42,Yes,No,No,No internet service,No internet service,No internet service,No internet service,No internet service,No internet service,Month-to-month,Yes,Mailed check,90.4,3258.65,No
CUST-00272,Female,0,Yes,Yes,57,Yes,No,DSL,No,No,No,No,No,Yes,Month-to-month,No,Mailed check,112.12,5803.44,No
CUST-00273,Female,0,No,No,10,Yes,No,DSL,No,Yes,No,Yes,No,No,Month-to-month,No,Credit card (automatic),45.19,465.27,No
CUST-00274,Female,0,Yes,No,38,Yes,Yes,DSL,Yes,No,No,No,No,No,Month-to-month,No,Mailed check,111.59,4680.58,Yes
CUST-00275,Male,1,No,No,8,Yes,Yes,Fiber optic,No,Yes,Yes,No,No,No,Month-to-month,Yes,Credit card (automatic),31.15,212.19,Yes
CUST-00276,Female,0,Yes,No,18,Yes,Yes,No,No internet service,No internet service,No internet service,No internet service,No internet service,No internet service,Month-to-month,Yes,Mailed check,27.59,516.09,Yes
CUST-00277,Male,1,Yes,Yes,17,Yes,No,No,No internet service,No internet service,No internet service,No internet service,No internet service,No internet service,Month-to-month,Yes,Mailed check,35.35,537.13,No
CUST-00278,Female,0,No,Yes,58,Yes,No,DSL,Yes,No,Yes,No,Yes,Yes,Two year,No,Bank transfer (automatic),57.68,3645.64,No
CUST-00279,Male,0,No,No,66,Yes,No,DSL,Yes,No,No,No,Yes,No,Month-to-month,No,Credit card (automatic),72.04,4352.38,No
CUST-00280,Female,0,No,No,44,Yes,No,Fiber optic,No,No,No,No,No,Yes,One year,Yes,Credit card (automatic),41.33,1582.28,No
CUST-00281,Female,0,Yes,No,9,Yes,Yes,Fiber optic,Yes,Yes,Yes,No,Yes,No,Month-to-month,No,Mailed check,26.49,272.78,No
CUST-00282,Female,0,Yes,No,48,Yes,Yes,No,No internet service,No internet service,No internet service,No internet service,No internet service,No internet service,One year,Yes,Bank transfer (automatic),92.2,4378.89,No
CUST-00283,Female,0,No,Yes,39,Yes,Yes,Fiber optic,No,Yes,No,Yes,No,Yes,Month-to-month,Yes,Electronic check,47.7,1791.73,No
CUST-00284,Male,0,No,No,6,Yes,Yes,No,No internet service,No internet service,No internet service,No internet service,No internet service,No internet service,Month-to-month,No,Electronic check,73.15,448.85,No
CUST-00285,Female,0,No,Yes,30,Yes,No,No,No internet service,No internet service,No internet service,No internet service,No internet service,No internet service,One year,No,Electronic check,95.08,2900.14,No
CUST-00286,Male,0,No,No,18,Yes,No,Fiber optic,No,No,No,Yes,Yes,No,Two year,Yes,Electronic check,28.84,448.41,No
CUST-00287,Male,0,No,No,43,Yes,Yes,DSL,No,No,No,No,Yes,No,Two year,No,Mailed check,69.81,2863.08,No
CUST-00288,Male,0,No,No,33,Yes,Yes,DSL,Yes,No,Yes,No,No,Yes,Month-to-month,No,Bank transfer (automatic),102.13,3482.68,No
CUST-00289,Male,0,Yes,No,53,Yes,No,Fiber optic,Yes,No,Yes,Yes,Yes,Yes,Month-to-month,No,Electronic check,54.38,3266.31,No
CUST-00290,Female,0,Yes,No,56,No,No phone service,Fiber optic,No,No,Yes,No,No,Yes,One year,Yes,Electronic check,71.64,4195.06,Yes
CUST-00291,Male,0,Yes,No,19,Yes,No,DSL,No,No,No,Yes,No,No,Month-to-month,No,Mailed check,112.7,1928.82,No
CUST-00292,Male,1,Yes,No,69,Yes,Yes,DSL,No,No,Yes,Yes,No,No,One year,Yes,Credit card (automatic),93.06,5476.62,No
CUST-00293,Male,0,No,No,26,Yes,No,DSL,No,Yes,Yes,No,No,Yes,Two year,Yes,Electronic check,57.56,1625.12,No
CUST-00294,Female,0,No,No,29,Yes,Yes,DSL,Yes,No,No,No,Yes,Yes,Month-to-month,Yes,Bank transfer (automatic),32.79,1045.71,No
CUST-00295,Female,0,No,No,24,Yes,No,No,No internet service,No internet service,No internet service,No internet service,No internet service,No internet service,Two year,No,Bank transfer (automatic),45.62,990.86,No
CUST-00296,Female,1,Yes,No,6,Yes,Yes,Fiber optic,No,No,No,No,No,Yes,Month-to-month,Yes,Electronic check,73.85,419.3,Yes
CUST-00297,Female,0,Yes,Yes,54,Yes,Yes,Fiber optic,No,No,No,No,No,No,Month-to-month,Yes,Electronic check,34.98,2050.96,No
CUST-00298,Male,0,Yes,No,39,Yes,Yes,DSL,Yes,Yes,Yes,Yes,No,No,Month-to-month,No,Bank transfer (automatic),54.06,2224.61,Yes
CUST-00299,Male,1,No,No,4,Yes,Yes,No,No internet service,No internet service,No internet service,No internet service,No internet service,No internet service,Month-to-month,Yes,Mailed check,83.89,298.53,No
CUST-00300,Female,0,Yes,No,58,Yes,Yes,Fiber optic,No,Yes,No,Yes,No,Yes,Month-to-month,Yes,Electronic check,111.87,6806.77,Yes
CUST-00301,Male,0,No,No,48,Yes,No,Fiber optic,No,Yes,No,No,Yes,Yes,Month-to-month,Yes,Bank transfer (automatic),40.86,2084.33,No
CUST-00302,Male,0,Yes,Yes,60,Yes,Yes,DSL,No,Yes,No,Yes,Yes,No,Month-to-month,No,Mailed check,43.79,3012.77,No
CUST-00303,Male,0,Yes,Yes,26,Yes,No,No,No internet service,No internet service,No internet service,No internet service,No internet service,No internet service,Month-to-month,No,Bank transfer (automatic),87.14,2532.51,No
CUST-00304,Female,0,No,No,40,Yes,No,No,No internet service,No internet service,No internet service,No internet service,No internet service,No internet service,One year,Yes,Electronic check,30.35,1045.16,No
CUST-00305,Female,0,No,Yes,56,Yes,Yes,No,No internet service,No internet service,No internet service,No internet service,No internet service,No internet service,Two year,No,Electronic check,34.83,1720.31,No
CUST-00306,Male,0,Yes,Yes,39,Yes,No,Fiber optic,Yes,Yes,No,No,Yes,Yes,Month-to-month,No,Electronic check,35.8,1355.55,Yes
CUST-00307,Female,1,No,Yes,39,Yes,No,Fiber optic,No,Yes,No,Yes,No,Yes,One year,No,Mailed check,83.64,3086.34,No
CUST-00308,Female,0,No,Yes,48,Yes,Yes,DSL,No,Yes,Yes,No,No,No,Two year,Yes,Bank transfer (automatic),65.18,2757.63,No
CUST-00309,Female,0,No,No,25,Yes,No,DSL,No,No,No,No,Yes,No,Month-to-month,Yes,Bank transfer (automatic),30.55,823.2,No
CUST-00310,Female,0,No,No,34,No,No phone service,DSL,No,No,No,No,No,No,One year,No,Mailed check,45.69,1456.67,No
CUST-00311,Female,0,No,No,21,Yes,No,DSL,No,No,No,No,No,No,One year,No,Mailed check,64.57,1497.42,No
CUST-00312,Male,0,Yes,No,25,Yes,Yes,DSL,No,No,No,Yes,No,Yes,Month-to-month,Yes,Bank transfer (automatic),49.35,1179.52,No
CUST-00313,Female,0,No,Yes,22,Yes,No,No,No internet service,No internet service,No internet service,No internet service,No internet service,No internet service,Two year,Yes,Electronic check,60.1,1419.28,Yes
CUST-00314,Male,0,Yes,Yes,23,Yes,No,Fiber optic,No,No,Yes,No,No,No,Month-to-month,No,Electronic check,110.41,2318.73,No
CUST-00315,Male,0,No,No,25,Yes,Yes,Fiber optic,Yes,No,No,Yes,Yes,No,Two year,Yes,Electronic check,115.28,2856.85,Yes
CUST-00316,Female,0,Yes,No,26,Yes,No,DSL,No,Yes,No,No,Yes,Yes,One year,No,Electronic check,117.96,3116.73,Yes
CUST-00317,Male,0,Yes,Yes,30,Yes,No,DSL,Yes,Yes,No,No,No,No,Month-to-month,No,Electronic check,20.87,616.18,No
CUST-00318,Male,0,No,No,38,No,No phone service,Fiber optic,Yes,No,Yes,No,No,No,One year,No,Mailed check,90.07,3707.93,No
CUST-00319,Male,0,Yes,No,34,Yes,Yes,No,No internet service,No internet service,No internet service,No internet service,No internet service,No internet service,Two year,Yes,Electronic check,112.23,4001.38,No
CUST-00320,Female,0,Yes,No,15,Yes,Yes,DSL,No,No,No,No,Yes,No,Two year,No,Bank transfer (automatic),109.11,1676.93,Yes
CUST-00321,Female,1,No,Yes,44,Yes,Yes,DSL,Yes,Yes,No,No,Yes,No,One year,Yes,Electronic check,20.74,839.03,No
CUST-00322,Male,0,No,No,10,Yes,Yes,DSL,No,Yes,No,Yes,No,No,Month-to-month,Yes,Electronic check,99.38,1001.18,No
CUST-00323,Female,0,No,Yes,37,Yes,No,Fiber optic,No,Yes,No,Yes,No,Yes,Month-to-month,No,Bank transfer (automatic),64.37,2527.19,No
CUST-00324,Female,0,Yes,No,7,Yes,No,Fiber optic,No,No,No,Yes,No,Yes,Two year,Yes,Bank transfer (automatic),103.69,822.11,Yes
CUST-00325,Female,0,No,No,32,Yes,No,DSL,No,Yes,No,No,Yes,Yes,Two year,Yes,Electronic check,90.16,2572.37,No
CUST-00326,Female,0,Yes,No,11,Yes,No,Fiber optic,No,No,No,No,No,No,Month-to-month,No,Bank transfer (automatic),62.48,762.87,Yes
CUST-00327,Male,1,Yes,Yes,48,Yes,Yes,Fiber optic,Yes,No,No,Yes,Yes,No,Month-to-month,No,Electronic check,47.94,2039.1,No
CUST-00328,Male,1,No,Yes,68,Yes,No,DSL,No,No,No,No,Yes,No,One year,No,Credit card (automatic),18.34,1315.45,No
CUST-00329,Female,0,No,No,48,Yes,No,Fiber optic,Yes,No,No,No,No,No,Month-to-month,No,Electronic check,72.55,3629.79,No
CUST-00330,Female,0,No,No,45,Yes,No,DSL,Yes,No,Yes,No,Yes,Yes,Month-to-month,Yes,Mailed check,58.36,2921.4,Yes
CUST-00331,Male,0,No,No,33,Yes,No,No,No internet service,No internet service,No internet service,No internet service,No internet service,No internet service,One year,Yes,Credit card (automatic),52.35,1499.13,No
CUST-00332,Male,0,Yes,No,4,Yes,No,Fiber optic,No,No,No,Yes,No,No,One year,Yes,Bank transfer (automatic),65.31,291.44,Yes
CUST-00333,Female,0,No,Yes,47,Yes,No,Fiber optic,No,No,Yes,No,Yes,No,Month-to-month,Yes,Bank transfer (automatic),66.11,2945.54,No
CUST-00334,Male,0,Yes,No,53,Yes,No,DSL,Yes,No,No,No,No,No,Two year,No,Bank transfer (automatic),76.18,4013.35,No
CUST-00335,Female,0,No,Yes,31,Yes,No,Fiber optic,No,No,No,No,No,Yes,Two year,No,Mailed check,84.42,2897.44,No
CUST-00336,Female,0,No,Yes,31,Yes,No,No,No internet service,No internet service,No internet service,No internet service,No internet service,No internet service,Month-to-month,Yes,Electronic check,34.69,1090.68,Yes
CUST-00337,Male,0,No,No,27,Yes,Yes,Fiber optic,No,No,No,No,No,Yes,Month-to-month,No,Mailed check,40.57,1042.57,No
CUST-00338,Male,1,No,No,48,Yes,No,Fiber optic,No,No,No,No,Yes,No,Month-to-month,Yes,Electronic check,64.16,3337.88,No
CUST-00339,Female,0,No,No,36,Yes,Yes,DSL,No,Yes,No,No,No,Yes,Month-to-month,No,Electronic check,44.96,1408.33,No
CUST-00340,Female,0,No,No,49,Yes,No,DSL,No,No,No,Yes,No,Yes,Month-to-month,Yes,Electronic check,98.12,5052.5,No
CUST-00341,Male,0,Yes,No,31,Yes,No,Fiber optic,No,Yes,Yes,Yes,No,No,One year,Yes,Mailed check,66.61,1756.17,No
CUST-00342,Female,1,Yes,Yes,44,Yes,No,DSL,No,Yes,No,No,No,Yes,Month-to-month,No,Electronic check,72.05,2731.67,No
CUST-00343,Male,1,No,No,59,Yes,Yes,DSL,No,No,Yes,No,Yes,Yes,One year,No,Bank transfer (automatic),74.61,5012.47,No
CUST-00344,Female,0,No,No,23,Yes,Yes,Fiber optic,No,No,No,No,No,No,Month-to-month,No,Credit card (automatic),91.23,2082.02,No
CUST-00345,Male,0,Yes,No,68,Yes,No,DSL,No,No,No,Yes,No,No,One year,Yes,Electronic check,89.23,5266.0,No
CUST-00346,Male,0,Yes,No,42,Yes,Yes,Fiber optic,No,No,Yes,No,No,No,Two year,No,Bank transfer (automatic),87.33,4096.69,No
CUST-00347,Male,0,Yes,No,42,Yes,No,Fiber optic,No,No,No,No,No,Yes,One year,No,Electronic check,26.45,984.19,No
CUST-00348,Female,0,No,No,13,Yes,No,Fiber optic,No,No,Yes,Yes,Yes,Yes,One year,Yes,Mailed check,93.79,1049.17,No
CUST-00349,Female,0,Yes,No,1,Yes,No,Fiber optic,No,No,Yes,Yes,No,Yes,Two year,No,Credit card (automatic),97.73, ,Yes
CUST-00350,Male,0,Yes,No,53,Yes,No,Fiber optic,No,No,Yes,No,No,No,Two year,Yes,Bank transfer (automatic),82.8,3944.8,Yes
CUST-00351,Female,0,No,Yes,40,Yes,Yes,Fiber optic,No,No,Yes,No,No,Yes,Month-to-month,Yes,Bank transfer (automatic),103.9,3628.09,Yes
CUST-00352,Male,0,No,No,46,Yes,Yes,DSL,No,No,No,Yes,Yes,No,Two year,Yes,Electronic check,48.94,2065.72,No
CUST-00353,Male,1,Yes,Yes,22,Yes,No,No,No internet service,No internet service,No internet service,No internet service,No internet service,No internet service,Two year,Yes,Credit card (automatic),26.13,499.28,No
CUST-00354,Female,0,Yes,Yes,52,Yes,No,Fiber optic,No,Yes,Yes,Yes,No,No,Two year,Yes,Electronic check,48.96,2458.38,No
CUST-00355,Female,0,No,Yes,28,Yes,No,Fiber optic,No,Yes,No,No,No,Yes,Month-to-month,Yes,Bank transfer (automatic),90.63,2847.62,No
CUST-00356,Male,0,Yes,Yes,53,Yes,Yes,Fiber optic,No,No,Yes,No,Yes,Yes,One year,Yes,Mailed check,95.95,4729.3,No
CUST-00357,Female,0,No,No,63,No,No phone service,DSL,No,No,Yes,Yes,Yes,No,One year,Yes,Mailed check,80.46,5426.17,No
CUST-00358,Female,0,No,No,17,Yes,No,No,No internet service,No internet service,No internet service,No internet service,No internet service,No internet service,Month-to-month,Yes,Mailed check,35.22,522.84,No
CUST-00359,Male,0,Yes,Yes,64,Yes,No,No,No internet service,No internet service,No internet service,No internet service,No internet service,No internet service,One year,No,Bank transfer (automatic),92.04,5066.96,No
CUST-00360,Male,1,No,Yes,6,Yes,No,No,No internet service,No internet service,No internet service,No internet service,No internet service,No internet service,Two year,Yes,Electronic check,19.36,106.57,No
CUST-00361,Female,0,Yes,No,14,Yes,No,No,No internet service,No internet service,No internet service,No internet service,No internet service,No internet service,Month-to-month,Yes,Electronic check,24.11,359.39,Yes
CUST-00362,Male,0,Yes,Yes,17,Yes,No,DSL,No,Yes,No,Yes,No,No,Two year,No,Mailed check,27.62,430.58,No
CUST-00363,Male,0,No,No,38,Yes,No,DSL,No,Yes,No,Yes,No,Yes,One year,No,Electronic check,43.1,1442.73,No
CUST-00364,Female,0,No,Yes,69,Yes,Yes,No,No internet service,No internet service,No internet service,No internet service,No internet service,No internet service,One year,Yes,Mailed check,62.96,4202.31,No
CUST-00365,Male,0,Yes,Yes,13,Yes,No,DSL,Yes,Yes,Yes,No,No,No,Month-to-month,Yes,Bank transfer (automatic),72.57,984.51,No
CUST-00366,Male,0,Yes,No,53,Yes,Yes,DSL,No,Yes,Yes,No,No,No,One year,Yes,Credit card (automatic),69.96,3951.38,No
CUST-00367,Female,0,Yes,No,9,Yes,No,No,No internet service,No internet service,No internet service,No internet service,No internet service,No internet service,One year,Yes,Electronic check,91.31,723.94,Yes
CUST-00368,Female,0,Yes,No,44,Yes,Yes,Fiber optic,Yes,No,No,No,Yes,No,Month-to-month,No,Electronic check,31.28,1231.43,No
CUST-00369,Male,0,No,Yes,26,Yes,Yes,Fiber optic,No,No,Yes,No,No,Yes,Month-to-month,Yes,Mailed check,78.88,1748.01,Yes
CUST-00370,Male,0,Yes,No,19,Yes,No,Fiber optic,No,No,No,No,Yes,Yes,Month-to-month,Yes,Bank transfer (automatic),65.7,1411.13,Yes
CUST-00371,Female,0,No,No,48,Yes,Yes,No,No internet service,No internet service,No internet service,No internet service,No internet service,No internet service,Month-to-month,Yes,Credit card (automatic),86.41,4060.62,Yes
CUST-00372,Female,0,Yes,Yes,30,Yes,No,Fiber optic,No,Yes,No,No,No,Yes,Two year,Yes,Credit card (automatic),116.22,2964.65,No
CUST-00373,Female,0,No,Yes,32,Yes,No,Fiber optic,No,No,Yes,No,Yes,No,Month-to-month,Yes,Electronic check,55.57,1852.63,No
CUST-00374,Female,0,No,Yes,69,Yes,Yes,No,No internet service,No internet service,No internet service,No internet service,No internet service,No internet service,Month-to-month,Yes,Mailed check,43.01,3150.41,No
CUST-00375,Male,1,No,No,11,Yes,No,Fiber optic,No,No,No,No,Yes,Yes,Two year,Yes,Mailed check,104.5,1088.81,No
CUST-00376,Female,0,Yes,Yes,26,Yes,No,DSL,No,No,No,Yes,No,Yes,Month-to-month,No,Mailed check,47.57,1060.08,No
CUST-00377,Female,0,Yes,No,26,Yes,Yes,Fiber optic,No,Yes,No,No,No,Yes,Month-to-month,Yes,Electronic check,104.77,3128.23,Yes
CUST-00378,Male,1,Yes,Yes,17,Yes,No,DSL,Yes,Yes,No,No,No,Yes,Month-to-month,No,Electronic check,23.96,382.17,No
CUST-00379,Female,0,No,Yes,44,Yes,Yes,DSL,No,No,No,Yes,No,No,Two year,Yes,Mailed check,24.59,946.28,No
CUST-00380,Male,0,No,Yes,23,Yes,Yes,DSL,Yes,Yes,No,Yes,No,Yes,Month-to-month,Yes,Bank transfer (automatic),81.25,2127.33,No
CUST-00381,Female,0,No,No,25,Yes,No,Fiber optic,No,No,Yes,Yes,No,Yes,Month-to-month,No,Credit card (automatic),46.71,1067.74,No
CUST-00382,Female,0,No,Yes,37,Yes,No,Fiber optic,No,Yes,No,No,Yes,No,One year,No,Bank transfer (automatic),57.65,2225.65,No
CUST-00383,Female,0,Yes,No,65,Yes,Yes,DSL,Yes,No,Yes,Yes,No,Yes,One year,Yes,Bank transfer (automatic),20.05,1301.82,No
CUST-00384,Male,0,No,No,2,Yes,Yes,DSL,No,No,No,Yes,No,No,Month-to-month,No,Mailed check,70.52,153.02,No
CUST-00385,Male,0,No,No,32,Yes,Yes,DSL,No,No,No,No,No,Yes,Month-to-month,Yes,Electronic check,19.67,555.47,No
CUST-00386,Female,0,Yes,No,55,Yes,No,Fiber optic,Yes,Yes,No,No,No,No,Month-to-month,Yes,Bank transfer (automatic),104.27,6188.7,No
CUST-00387,Male,1,Yes,No,50,Yes,Yes,DSL,No,No,No,Yes,No,Yes,One year,Yes,Electronic check,86.11,4227.45,No
CUST-00388,Male,0,No,No,65,Yes,No,Fiber optic,Yes,No,Yes,Yes,Yes,Yes,Month-to-month,Yes,Bank transfer (automatic),62.32,3615.09,No
CUST-00389,Male,1,Yes,No,32,Yes,No,Fiber optic,No,No,Yes,No,No,No,Month-to-month,Yes,Bank transfer (automatic),82.62,2765.49,No
CUST-00390,Male,0,Yes,Yes,37,Yes,Yes,DSL,Yes,No,Yes,Yes,Yes,No,Two year,Yes,Electronic check,65.61,2722.76,No
CUST-00391,Male,0,No,Yes,13,Yes,No,Fiber optic,Yes,No,No,No,Yes,No,Month-to-month,No,Electronic check,34.55,425.69,No
CUST-00392,Male,0,No,No,54,No,No phone service,Fiber optic,No,No,No,No,Yes,No,One year,Yes,Credit card (automatic),72.1,4205.68,Yes
CUST-00393,Female,0,Yes,No,3,Yes,Yes,DSL,Yes,Yes,Yes,No,No,No,One year,No,Credit card (automatic),110.51,296.68,No
CUST-00394,Female,0,Yes,No,42,Yes,Yes,DSL,No,No,No,No,No,No,One year,No,Bank transfer (automatic),82.03,3952.72,No
CUST-00395,Male,0,No,Yes,40,Yes,Yes,Fiber optic,No,No,No,Yes,No,Yes,Month-to-month,No,Mailed check,100.61,4271.28,Yes
CUST-00396,Female,0,No,No,66,Yes,No,No,No internet service,No internet service,No internet service,No internet service,No internet service,No internet service,Two year,Yes,Credit card (automatic),43.45,2913.91,No
CUST-00397,Female,1,Yes,No,60,Yes,No,No,No internet service,No internet service,No internet service,No internet service,No internet service,No internet service,Month-to-month,Yes,Electronic check,59.91,3564.34,No
CUST-00398,Female,0,No,No,11,Yes,No,DSL,Yes,No,No,No,Yes,No,One year,No,Credit card (automatic),46.05,529.9,No
CUST-00399,Female,0,No,No,1,Yes,No,DSL,No,No,No,No,Yes,No,Month-to-month,No,Electronic check,93.94,102.03,No
CUST-00400,Male,0,No,No,26,No,No phone service,DSL,No,No,No,No,Yes,Yes,Month-to-month,Yes,Credit card (automatic),82.36,1898.93,Yes
CUST-00401,Female,0,Yes,Yes,42,Yes,Yes,Fiber optic,No,No,No,No,No,No,Month-to-month,Yes,Electronic check,75.75,3335.71,Yes
CUST-00402,Female,0,Yes,No,62,Yes,No,Fiber optic,No,Yes,No,No,Yes,No,Month-to-month,Yes,Credit card (automatic),19.0,1326.15,No
CUST-00403,Male,0,No,No,61,Yes,Yes,No,No internet service,No internet service,No internet service,No internet service,No internet service,No internet service,Month-to-month,Yes,Credit card (automatic),104.51,5942.4,No
CUST-00404,Male,0,Yes,No,62,No,No phone service,No,No internet service,No internet service,No internet service,No internet service,No internet service,No internet service,Month-to-month,Yes,Electronic check,109.98,7377.58,No
CUST-00405,Female,1,No,No,12,Yes,Yes,Fiber optic,No,Yes,No,No,Yes,Yes,Month-to-month,No,Mailed check,88.81,939.84,Yes
CUST-00406,Female,0,Yes,No,27,No,No phone service,Fiber optic,No,Yes,Yes,No,No,No,One year,Yes,Electronic check,107.1,3238.33,No
CUST-00407,Female,0,Yes,Yes,67,Yes,Yes,DSL,No,Yes,No,No,No,Yes,Two year,Yes,Mailed check,102.54,5917.99,No
CUST-00408,Female,0,Yes,Yes,28,No,No phone service,Fiber optic,No,No,No,Yes,Yes,Yes,Two year,Yes,Electronic check,100.59,2401.74,No
CUST-00409,Female,0,Yes,No,66,Yes,Yes,Fiber optic,No,No,No,No,No,No,Month-to-month,Yes,Electronic check,92.32,5868.19,No
CUST-00410,Female,0,No,No,28,Yes,Yes,Fiber optic,No,Yes,Yes,Yes,Yes,Yes,Two year,No,Electronic check,24.66,696.74,No
CUST-00411,Male,0,Yes,Yes,21,Yes,No,DSL,Yes,No,Yes,No,No,No,Two year,No,Mailed check,31.2,646.21,No
CUST-00412,Female,1,No,No,7,Yes,No,Fiber optic,No,No,Yes,Yes,No,No,Month-to-month,Yes,Bank transfer (automatic),102.97,652.16,Yes
CUST-00413,Female,0,No,No,14,No,No phone service,Fiber optic,No,No,Yes,Yes,No,Yes,Two year,Yes,Electronic check,58.27,889.66,No
CUST-00414,Male,0,Yes,Yes,39,Yes,Yes,Fiber optic,No,No,No,No,No,No,Month-to-month,Yes,Bank transfer (automatic),94.18,3897.31,No
CUST-00415,Male,1,No,Yes,62,Yes,No,Fiber optic,No,No,Yes,No,No,No,Month-to-month,No,Electronic check,38.24,2638.97,Yes
CUST-00416,Male,0,Yes,Yes,12,Yes,Yes,DSL,Yes,Yes,Yes,No,No,Yes,Month-to-month,Yes,Electronic check,83.57,858.61,Yes
CUST-00417,Male,0,No,No,38,Yes,No,Fiber optic,Yes,Yes,No,Yes,Yes,No,One year,No,Mailed check,42.54,1541.08,No
CUST-00418,Female,0,No,No,58,Yes,No,No,No internet service,No internet service,No internet service,No internet service,No internet service,No internet service,Month-to-month,No,Electronic check,62.01,3270.47,No
CUST-00419,Female,0,Yes,No,56,Yes,Yes,Fiber optic,No,No,No,Yes,Yes,No,Month-to-month,Yes,Mailed check,47.1,2746.29,No
CUST-00420,Female,0,Yes,No,39,Yes,Yes,Fiber optic,Yes,No,Yes,No,Yes,No,One year,Yes,Electronic check,63.26,2818.74,No
CUST-00421,Female,0,No,No,4,Yes,No,Fiber optic,No,No,No,Yes,Yes,Yes,One year,No,Mailed check,116.94,439.22,No
CUST-00422,Female,0,No,No,48,Yes,Yes,Fiber optic,No,No,No,No,Yes,No,Month-to-month,Yes,Credit card (automatic),85.26,4528.14,No
CUST-00423,Female,0,Yes,No,7,Yes,Yes,DSL,No,No,No,Yes,No,Yes,Two year,No,Bank transfer (automatic),104.95,815.59,No
CUST-00424,Male,0,No,No,60,Yes,No,DSL,Yes,Yes,No,No,Yes,No,Month-to-month,Yes,Mailed check,66.62,3741.34,Yes
CUST-00425,Female,0,Yes,Yes,40,Yes,Yes,No,No internet service,No internet service,No internet service,No internet service,No internet service,No internet service,One year,No,Mailed check,19.9,695.21,No
CUST-00426,Male,0,No,No,8,No,No phone service,Fiber optic,No,Yes,Yes,Yes,Yes,Yes,One year,No,Mailed check,90.08,799.77,No
CUST-00427,Male,0,Yes,No,58,Yes,Yes,Fiber optic,No,No,No,No,No,Yes,One year,No,Electronic check,115.48,7302.96,No
CUST-00428,Female,0,No,Yes,57,Yes,No,DSL,Yes,No,No,No,Yes,No,Two year,Yes,Mailed check,47.03,2778.86,No
CUST-00429,Male,0,Yes,No,35,Yes,Yes,Fiber optic,No,No,No,No,No,No,Two year,Yes,Bank transfer (automatic),84.44,2852.01,No
CUST-00430,Female,0,No,No,13,Yes,No,No,No internet service,No internet service,No internet service,No internet service,No internet service,No internet service,One year,Yes,Credit card (automatic),61.97,737.1,No
CUST-00431,Male,1,No,No,39,Yes,No,DSL,No,No,No,No,No,Yes,Month-to-month,Yes,Bank transfer (automatic),72.59,2685.51,No
CUST-00432,Female,0,No,No,21,Yes,Yes,DSL,No,No,No,No,No,Yes,One year,Yes,Bank transfer (automatic),25.15,465.75,No
CUST-00433,Male,0,No,Yes,47,Yes,No,DSL,No,Yes,No,No,No,No,Month-to-month,No,Electronic check,94.01,4850.32,No
CUST-00434,Female,0,No,No,2,Yes,No,DSL,No,No,No,Yes,Yes,No,Month-to-month,Yes,Electronic check,104.43,186.16,Yes
CUST-00435,Female,0,No,No,44,Yes,Yes,Fiber optic,No,Yes,No,Yes,No,No,One year,No,Electronic check,25.33,992.65,No
CUST-00436,Female,0,No,No,30,Yes,No,Fiber optic,No,Yes,No,No,No,No,Two year,No,Electronic check,73.3,2454.72,Yes
CUST-00437,Female,1,No,No,55,Yes,No,Fiber optic,Yes,Yes,Yes,Yes,No,Yes,One year,Yes,Bank transfer (automatic),94.88,5514.46,No
CUST-00438,Female,0,No,No,40,Yes,No,Fiber optic,Yes,No,No,Yes,No,Yes,Month-to-month,Yes,Bank transfer (automatic),117.04,4339.33,Yes
CUST-00439,Male,0,No,Yes,24,Yes,No,Fiber optic,Yes,Yes,Yes,No,No,No,One year,No,Mailed check,51.02,1140.92,No
CUST-00440,Male,0,Yes,No,42,Yes,No,DSL,Yes,No,No,Yes,No,No,Month-to-month,Yes,Electronic check,52.46,2445.61,No
CUST-00441,Male,1,No,No,28,Yes,Yes,No,No internet service,No internet service,No internet service,No internet service,No internet service,No internet service,One year,Yes,Bank transfer (automatic),106.34,3055.6,Yes
CUST-00442,Female,0,Yes,No,51,Yes,No,Fiber optic,No,No,No,Yes,No,No,One year,Yes,Mailed check,88.82,4417.57,No
CUST-00443,Male,1,No,No,22,Yes,Yes,DSL,No,Yes,Yes,Yes,Yes,Yes,One year,Yes,Electronic check,114.29,2814.49,Yes
CUST-00444,Female,0,No,No,8,No,No phone service,DSL,No,No,No,Yes,No,Yes,One year,Yes,Bank transfer (automatic),66.7,486.53,No
CUST-00445,Female,0,No,No,14,Yes,No,Fiber optic,No,No,No,No,No,No,One year,Yes,Electronic check,80.61,1143.45,No
CUST-00446,Male,0,Yes,Yes,45,No,No phone service,DSL,No,No,No,No,Yes,Yes,Month-to-month,Yes,Mailed check,26.01,1321.39,No
CUST-00447,Male,0,Yes,No,38,Yes,No,No,No internet service,No internet service,No internet service,No internet service,No internet service,No internet service,Month-to-month,No,Electronic check,115.63,4366.57,Yes
CUST-00448,Female,0,No,No,32,Yes,No,Fiber optic,No,Yes,No,No,No,No,Month-to-month,Yes,Electronic check,54.93,1648.95,No
CUST-00449,Male,0,Yes,Yes,62,Yes,No,No,No internet service,No internet service,No internet service,No internet service,No internet service,No internet service,Month-to-month,No,Electronic check,74.98,5338.27,No
CUST-00450,Female,0,Yes,Yes,67,Yes,Yes,Fiber optic,No,Yes,Yes,No,Yes,No,Month-to-month,No,Electronic check,76.68,5176.84,No
CUST-00451,Female,0,No,No,61,Yes,No,No,No internet service,No internet service,No internet service,No internet service,No internet service,No internet service,Two year,Yes,Bank transfer (automatic),63.82,3789.09,No
CUST-00452,Female,0,No,No,13,Yes,Yes,Fiber optic,No,Yes,Yes,No,No,No,Month-to-month,No,Electronic check,97.72,1205.95,No
CUST-00453,Female,0,Yes,Yes,47,Yes,Yes,DSL,No,Yes,No,Yes,Yes,No,Month-to-month,Yes,Electronic check,76.68,3409.99,No
CUST-00454,Female,0,No,Yes,54,Yes,No,Fiber optic,No,No,No,No,No,No,One year,No,Credit card (automatic),41.28,2001.73,Yes
CUST-00455,Male,0,Yes,Yes,71,Yes,No,Fiber optic,No,Yes,Yes,No,Yes,No,Two year,No,Credit card (automatic),52.89,4070.77,No
CUST-00456,Male,0,No,Yes,52,Yes,Yes,No,No internet service,No internet service,No internet service,No internet service,No internet service,No internet service,Month-to-month,No,Mailed check,114.15,5753.36,No
CUST-00457,Female,0,Yes,No,72,Yes,Yes,DSL,No,No,No,No,No,No,One year,Yes,Bank transfer (automatic),102.59,7537.06,No
CUST-00458,Female,0,No,No,25,Yes,Yes,Fiber optic,No,Yes,Yes,No,Yes,No,Month-to-month,Yes,Credit card (automatic),115.43,3037.28,No
CUST-00459,Male,0,Yes,No,23,Yes,No,No,No internet service,No internet service,No internet service,No internet service,No internet service,No internet service,One year,Yes,Credit card (automatic),43.28,1002.45,No
CUST-00460,Male,0,No,No,30,No,No phone service,Fiber optic,No,No,No,Yes,No,No,Month-to-month,Yes,Mailed check,62.66,1770.69,No
CUST-00461,Female,0,Yes,No,11,Yes,Yes,No,No internet service,No internet service,No internet service,No internet service,No internet service,No internet service,One year,No,Electronic check,25.5,303.84,No
CUST-00462,Male,0,No,No,35,No,No phone service,DSL,No,No,No,No,Yes,No,Two year,Yes,Bank transfer (automatic),64.7,2286.51,Yes
CUST-00463,Female,0,Yes,No,27,Yes,No,Fiber optic,No,No,Yes,No,No,Yes,Month-to-month,Yes,Mailed check,41.88,1009.68,No
CUST-00464,Male,0,Yes,No,67,Yes,No,Fiber optic,No,No,No,No,Yes,Yes,Month-to-month,Yes,Electronic check,60.07,3714.38,No
CUST-00465,Female,0,No,No,47,Yes,No,DSL,No,No,No,No,No,Yes,Month-to-month,Yes,Electronic check,49.03,2103.51,No
CUST-00466,Male,0,No,No,50,Yes,Yes,DSL,No,Yes,No,No,Yes,Yes,Two year,No,Mailed check,22.88,1135.66,No
CUST-00467,Female,0,Yes,No,8,Yes,No,DSL,No,No,No,No,No,Yes,Month-to-month,No,Mailed check,45.15,316.58,No
CUST-00468,Male,0,Yes,Yes,55,Yes,No,DSL,Yes,No,No,No,Yes,Yes,Month-to-month,Yes,Mailed check,71.0,4056.41,No
CUST-00469,Male,0,Yes,Yes,42,Yes,No,DSL,Yes,No,No,No,No,No,Month-to-month,No,Mailed check,26.9,1254.06,No
CUST-00470,Female,0,Yes,No,67,Yes,Yes,DSL,Yes,No,No,Yes,No,No,Two year,No,Electronic check,81.07,5718.91,No
CUST-00471,Male,0,Yes,No,20,Yes,No,Fiber optic,Yes,No,No,No,No,Yes,Month-to-month,No,Electronic check,87.72,1630.51,Yes
CUST-00472,Female,0,Yes,No,45,No,No phone service,DSL,Yes,No,No,Yes,Yes,No,One year,Yes,Bank transfer (automatic),56.84,2536.51,No
CUST-00473,Male,1,No,No,35,Yes,Yes,No,No internet service,No internet service,No internet service,No internet service,No internet service,No internet service,One year,No,Mailed check,109.61,3570.57,No
CUST-00474,Female,0,No,Yes,20,Yes,No,Fiber optic,Yes,No,Yes,No,No,Yes,Month-to-month,Yes,Mailed check,26.78,509.64,No
CUST-00475,Male,0,Yes,No,24,Yes,Yes,DSL,No,Yes,No,No,No,Yes,Two year,Yes,Bank transfer (automatic),81.17,2085.95,No
CUST-00476,Female,0,No,No,57,Yes,Yes,Fiber optic,No,No,No,No,No,No,One year,Yes,Bank transfer (automatic),92.17,5376.78,No
CUST-00477,Male,0,No,Yes,55,Yes,No,No,No internet service,No internet service,No internet service,No internet service,No internet service,No internet service,Month-to-month,No,Bank transfer (automatic),97.21,4852.55,No
CUST-00478,Female,0,Yes,No,9,Yes,No,DSL,No,Yes,No,No,Yes,No,One year,Yes,Bank transfer (automatic),63.61,613.42,No
CUST-00479,Male,0,Yes,No,16,Yes,No,No,No internet service,No internet service,No internet service,No internet service,No internet service,No internet service,Month-to-month,Yes,Bank transfer (automatic),45.17,828.15,Yes
CUST-00480,Female,0,No,No,55,Yes,No,Fiber optic,No,No,No,No,No,No,One year,No,Mailed check,115.0,6853.36,No
CUST-00481,Female,0,Yes,No,72,Yes,No,No,No internet service,No internet service,No internet service,No internet service,No internet service,No internet service,Month-to-month,Yes,Electronic check,111.44,7907.71,No
CUST-00482,Female,1,Yes,No,58,Yes,No,Fiber optic,No,Yes,No,Yes,No,No,Two year,Yes,Electronic check,117.28,6236.52,Yes
CUST-00483,Male,0,No,No,64,Yes,No,Fiber optic,No,Yes,No,No,Yes,Yes,Month-to-month,No,Credit card (automatic),91.04,5444.68,Yes
CUST-00484,Female,0,No,No,49,Yes,No,DSL,No,No,Yes,No,No,No,Month-to-month,No,Electronic check,96.81,4121.64,No
CUST-00485,Male,0,Yes,No,29,Yes,Yes,DSL,No,No,Yes,No,Yes,No,Two year,Yes,Bank transfer (automatic),111.72,3049.31,No
CUST-00486,Female,0,No,No,7,Yes,No,Fiber optic,No,No,No,No,Yes,No,Month-to-month,No,Electronic check,62.79,459.55,Yes
CUST-00487,Male,0,No,No,69,Yes,Yes,DSL,Yes,No,Yes,Yes,No,No,Month-to-month,Yes,Credit card (automatic),34.59,2554.44,No
CUST-00488,Female,0,No,No,2,Yes,Yes,Fiber optic,Yes,No,Yes,No,Yes,No,Month-to-month,No,Electronic check,74.5,151.17,No
CUST-00489,Male,0,No,No,33,Yes,Yes,Fiber optic,No,No,No,Yes,No,No,Month-to-month,Yes,Credit card (automatic),66.19,2437.9,No
CUST-00490,Male,0,Yes,No,48,Yes,No,DSL,No,No,No,Yes,Yes,No,Month-to-month,No,Credit card (automatic),96.65,4177.89,No
CUST-00491,Female,0,No,No,37,Yes,No,DSL,Yes,Yes,No,No,No,Yes,Two year,No,Electronic check,92.54,3454.38,No
CUST-00492,Male,0,Yes,No,30,Yes,No,DSL,No,No,Yes,No,Yes,Yes,Month-to-month,Yes,Credit card (automatic),45.97,1222.25,No
CUST-00493,Male,0,Yes,No,41,Yes,Yes,Fiber optic,No,No,No,No,No,No,Two year,No,Electronic check,28.54,1084.91,No
CUST-00494,Female,1,Yes,Yes,4,No,No phone service,Fiber optic,Yes,No,Yes,No,No,Yes,Two year,No,Bank transfer (automatic),75.97,342.38,Yes
CUST-00495,Male,0,Yes,No,39,Yes,No,Fiber optic,No,Yes,No,Yes,No,No,Month-to-month,No,Mailed check,86.29,3823.52,No
CUST-00496,Male,0,Yes,No,24,Yes,Yes,DSL,No,Yes,No,Yes,No,No,Month-to-month,Yes,Credit card (automatic),69.25,1484.67,No
CUST-00497,Male,0,Yes,No,50,Yes,No,No,No internet service,No internet service,No internet service,No internet service,No internet service,No internet service,Month-to-month,Yes,Mailed check,85.32,4174.98,No
CUST-00498,Female,0,Yes,No,37,Yes,No,Fiber optic,Yes,No,No,No,No,Yes,Month-to-month,Yes,Electronic check,93.81,3735.21,Yes
CUST-00499,Male,0,No,No,53,Yes,No,Fiber optic,No,Yes,No,No,Yes,No,Month-to-month,Yes,Electronic check,62.87,3506.7,No
CUST-00500,Female,0,Yes,No,25,Yes,No,DSL,No,No,Yes,No,Yes,No,Two year,Yes,Electronic check,68.75,1818.24,Yes
CUST-00501,Male,1,No,No,31,Yes,Yes,Fiber optic,Yes,No,No,No,No,Yes,One year,No,Mailed check,82.05,2627.15,Yes
CUST-00502,Male,0,Yes,Yes,38,Yes,No,No,No internet service,No internet service,No internet service,No internet service,No internet service,No internet service,Month-to-month,Yes,Credit card (automatic),80.19,2760.48,No
CUST-00503,Male,0,Yes,Yes,58,Yes,Yes,DSL,No,No,Yes,No,No,No,Month-to-month,Yes,Mailed check,67.02,4226.65,No
CUST-00504,Female,0,Yes,No,53,No,No phone service,Fiber optic,No,Yes,Yes,No,No,Yes,Month-to-month,Yes,Credit card (automatic),43.72,2414.32,Yes
CUST-00505,Male,0,Yes,Yes,50,Yes,Yes,Fiber optic,Yes,No,No,No,Yes,Yes,Month-to-month,Yes,Credit card (automatic),86.74,4380.22,No
CUST-00506,Male,0,No,No,4,Yes,Yes,DSL,Yes,Yes,No,No,No,No,One year,Yes,Electronic check,57.25,200.0,Yes
CUST-00507,Female,0,Yes,No,52,Yes,Yes,Fiber optic,Yes,No,Yes,No,No,Yes,One year,Yes,Credit card (automatic),64.31,3014.0,Yes
CUST-00508,Male,0,No,No,31,Yes,Yes,DSL,Yes,No,Yes,No,No,No,Month-to-month,Yes,Electronic check,71.03,2378.35,Yes
CUST-00509,Female,0,No,No,14,Yes,No,Fiber optic,Yes,Yes,No,No,Yes,No,Month-to-month,No,Credit card (automatic),65.27,880.2,Yes
CUST-00510,Female,0,Yes,No,1,No,No phone service,DSL,No,No,Yes,No,No,No,Month-to-month,No,Credit card (automatic),84.76,86.25,No
CUST-00511,Male,1,No,No,43,Yes,Yes,Fiber optic,Yes,Yes,Yes,Yes,Yes,Yes,One year,No,Electronic check,69.93,3342.62,No
CUST-00512,Female,0,Yes,No,59,Yes,Yes,DSL,No,No,No,Yes,No,Yes,Two year,No,Bank transfer (automatic),48.29,2556.75,No
CUST-00513,Male,0,No,Yes,61,No,No phone service,Fiber optic,No,No,No,No,Yes,No,Two year,No,Mailed check,114.49,6309.05,No
CUST-00514,Female,0,No,No,41,No,No phone service,DSL,No,No,No,Yes,Yes,Yes,Month-to-month,No,Mailed check,117.41,4677.6,No
CUST-00515,Female,0,Yes,No,18,Yes,Yes,Fiber optic,No,No,No,No,Yes,No,Month-to-month,Yes,Mailed check,25.57,484.46,Yes
CUST-00516,Male,0,Yes,Yes,60,Yes,No,DSL,No,No,No,Yes,No,No,One year,Yes,Credit card (automatic),86.07,4647.22,No
CUST-00517,Female,0,Yes,No,69,Yes,No,DSL,No,No,No,No,No,No,Month-to-month,Yes,Bank transfer (automatic),107.36,7476.46,No
CUST-00518,Female,0,Yes,No,59,No,No phone service,DSL,No,No,No,No,No,No,Month-to-month,Yes,Credit card (automatic),113.86,7106.34,No
CUST-00519,Female,0,No,No,42,Yes,Yes,Fiber optic,No,Yes,No,No,No,Yes,Month-to-month,Yes,Credit card (automatic),99.89,3950.32,Yes
CUST-00520,Female,0,Yes,Yes,36,Yes,No,Fiber optic,No,Yes,Yes,No,No,No,Month-to-month,Yes,Credit card (automatic),107.94,3713.85,Yes
CUST-00521,Female,1,Yes,No,40,Yes,No,DSL,Yes,Yes,No,No,Yes,No,Month-to-month,Yes,Bank transfer (automatic),54.07,2407.0,No
CUST-00522,Male,0,Yes,No,30,Yes,No,Fiber optic,Yes,Yes,Yes,No,Yes,No,One year,Yes,Electronic check,101.76,2760.6,No
CUST-00523,Female,0,No,No,11,Yes,No,Fiber optic,No,Yes,Yes,No,Yes,No,One year,No,Bank transfer (automatic),79.68,947.39,Yes
CUST-00524,Male,0,Yes,No,25,Yes,No,No,No internet service,No internet service,No internet service,No internet service,No internet service,No internet service,Month-to-month,No,Electronic check,61.02,1379.53,No
CUST-00525,Female,0,No,No,45,Yes,No,DSL,No,No,No,Yes,Yes,No,Month-to-month,No,Credit card (automatic),99.5,4386.67,No
CUST-00526,Male,0,No,Yes,51,Yes,No,Fiber optic,Yes,No,Yes,No,No,No,Month-to-month,Yes,Credit card (automatic),40.42,2203.01,No
CUST-00527,Male,0,No,No,43,Yes,No,Fiber optic,Yes,No,Yes,Yes,Yes,No,Month-to-month,No,Electronic check,113.5,4698.1,No
CUST-00528,Female,0,No,Yes,66,Yes,No,DSL,No,No,No,No,Yes,Yes,Month-to-month,Yes,Electronic check,64.69,3729.55,No
CUST-00529,Female,0,Yes,Yes,47,Yes,No,DSL,Yes,No,No,Yes,Yes,No,Month-to-month,Yes,Credit card (automatic),103.57,4654.79,No
CUST-00530,Female,0,Yes,Yes,24,Yes,No,Fiber optic,No,No,No,No,No,No,Month-to-month,Yes,Mailed check,42.93,946.43,No
CUST-00531,Male,0,No,No,37,Yes,No,Fiber optic,No,Yes,Yes,No,No,No,Month-to-month,Yes,Electronic check,108.06,3579.34,Yes
CUST-00532,Female,0,No,No,56,Yes,Yes,DSL,Yes,No,No,No,Yes,No,Month-to-month,No,Bank transfer (automatic),73.01,4218.71,No
CUST-00533,Male,0,No,Yes,46,Yes,Yes,Fiber optic,No,No,No,No,Yes,No,One year,Yes,Electronic check,45.67,1809.26,Yes
CUST-00534,Male,0,Yes,No,28,Yes,No,DSL,No,Yes,No,Yes,Yes,No,Month-to-month,Yes,Mailed check,78.69,2432.93,No
CUST-00535,Male,0,Yes,Yes,52,Yes,No,Fiber optic,Yes,Yes,No,Yes,Yes,No,Month-to-month,Yes,Mailed check,25.68,1436.99,No
CUST-00536,Female,0,No,No,15,Yes,No,No,No internet service,No internet service,No internet service,No internet service,No internet service,No internet service,Month-to-month,No,Credit card (automatic),54.42,878.63,No
CUST-00537,Female,0,Yes,No,45,Yes,No,Fiber optic,No,No,No,No,No,No,Month-to-month,Yes,Electronic check,71.47,3448.1,No
CUST-00538,Male,0,Yes,No,58,Yes,No,Fiber optic,Yes,No,Yes,Yes,No,No,Two year,Yes,Electronic check,71.16,3843.76,No
CUST-00539,Male,0,Yes,No,67,Yes,Yes,Fiber optic,Yes,No,No,No,No,Yes,Month-to-month,No,Bank transfer (automatic),79.97,4757.25,No
CUST-00540,Female,0,No,No,72,Yes,No,No,No internet service,No internet service,No internet service,No internet service,No internet service,No internet service,One year,No,Electronic check,22.59,1866.88,No
CUST-00541,Male,0,Yes,No,41,No,No phone service,DSL,No,No,No,Yes,No,Yes,Two year,Yes,Bank transfer (automatic),95.28,4487.16,No
CUST-00542,Female,0,Yes,Yes,65,Yes,No,Fiber optic,No,No,No,No,Yes,No,Month-to-month,Yes,Mailed check,27.62,2037.44,No
CUST-00543,Male,0,No,Yes,40,Yes,No,No,No internet service,No internet service,No internet service,No internet service,No internet service,No internet service,One year,Yes,Electronic check,112.81,4753.43,No
CUST-00544,Female,0,Yes,No,5,Yes,No,Fiber optic,No,Yes,Yes,Yes,No,No,Two year,Yes,Mailed check,73.32,362.62,No
CUST-00545,Male,0,No,No,28,Yes,Yes,DSL,Yes,No,No,No,Yes,No,Two year,No,Bank transfer (automatic),116.78,2972.99,No
CUST-00546,Female,0,No,No,38,Yes,Yes,No,No internet service,No internet service,No internet service,No internet service,No internet service,No internet service,Month-to-month,No,Electronic check,36.52,1407.9,No
CUST-00547,Male,0,Yes,Yes,18,Yes,No,DSL,Yes,Yes,Yes,Yes,No,No,Month-to-month,Yes,Electronic check,96.24,1627.75,No
CUST-00548,Female,1,No,No,37,Yes,Yes,Fiber optic,No,Yes,Yes,Yes,No,Yes,Month-to-month,Yes,Electronic check,76.83,2582.56,No
CUST-00549,Female,0,No,Yes,27,Yes,No,No,No internet service,No internet service,No internet service,No internet service,No internet service,No internet service,Two year,No,Mailed check,102.24,2983.56,Yes
CUST-00550,Male,0,Yes,Yes,25,Yes,No,Fiber optic,Yes,Yes,Yes,No,No,Yes,Month-to-month,Yes,Credit card (automatic),23.43,517.25,No
CUST-00551,Male,1,Yes,No,69,Yes,No,No,No internet service,No internet service,No internet service,No internet service,No internet service,No internet service,Month-to-month,Yes,Electronic check,54.96,4109.29,No
CUST-00552,Female,1,No,No,27,Yes,Yes,Fiber optic,No,Yes,No,No,No,No,Month-to-month,Yes,Credit card (automatic),84.51,2096.69,Yes
CUST-00553,Male,0,Yes,No,54,Yes,No,No,No internet service,No internet service,No internet service,No internet service,No internet service,No internet service,Month-to-month,No,Credit card (automatic),47.17,2165.68,No
CUST-00554,Female,0,No,No,7,Yes,No,No,No internet service,No internet service,No internet service,No internet service,No internet service,No internet service,Two year,No,Mailed check,109.6,689.82,Yes
CUST-00555,Male,0,No,No,27,Yes,No,DSL,No,Yes,Yes,No,No,No,Month-to-month,No,Electronic check,95.86,2859.66,No
CUST-00556,Female,0,Yes,Yes,59,Yes,Yes,DSL,No,No,No,No,Yes,Yes,Month-to-month,Yes,Bank transfer (automatic),55.62,3301.35,No
CUST-00557,Female,0,No,No,72,Yes,Yes,Fiber optic,No,No,Yes,No,Yes,Yes,Month-to-month,No,Bank transfer (automatic),33.32,2591.48,No
CUST-00558,Female,0,Yes,No,31,No,No phone service,No,No internet service,No internet service,No internet service,No internet service,No internet service,No internet service,Month-to-month,Yes,Electronic check,85.62,2495.95,No
CUST-00559,Female,0,No,No,68,No,No phone service,Fiber optic,No,No,Yes,No,Yes,Yes,Month-to-month,Yes,Bank transfer (automatic),90.56,6936.59,No
CUST-00560,Female,1,Yes,No,4,Yes,No,No,No internet service,No internet service,No internet service,No internet service,No internet service,No internet service,Month-to-month,Yes,Credit card (automatic),45.73,204.82,No
CUST-00561,Female,0,No,No,18,Yes,No,Fiber optic,No,Yes,No,No,No,No,Two year,No,Electronic check,27.18,463.01,No
CUST-00562,Male,0,No,No,63,Yes,No,Fiber optic,Yes,Yes,Yes,No,No,Yes,Two year,No,Electronic check,31.63,2202.62,No
CUST-00563,Male,0,No,Yes,52,Yes,Yes,Fiber optic,No,Yes,Yes,Yes,Yes,No,Month-to-month,Yes,Bank transfer (automatic),106.47,5113.66,No
CUST-00564,Male,0,No,Yes,63,No,No phone service,Fiber optic,No,No,No,No,No,No,One year,Yes,Mailed check,56.25,4051.28,No
CUST-00565,Female,0,No,No,45,Yes,No,DSL,Yes,No,No,No,Yes,No,Month-to-month,Yes,Credit card (automatic),98.59,4458.49,Yes
CUST-00566,Female,0,Yes,No,12,Yes,No,No,No internet service,No internet service,No internet service,No internet service,No internet service,No internet service,Two year,No,Mailed check,58.37,711.46,No
CUST-00567,Female,0,No,No,8,Yes,Yes,DSL,No,No,No,Yes,Yes,Yes,Month-to-month,Yes,Credit card (automatic),95.13,651.14,No
CUST-00568,Female,0,No,No,22,Yes,No,No,No internet service,No internet service,No internet service,No internet service,No internet service,No internet service,Month-to-month,Yes,Mailed check,102.69,2428.38,Yes
CUST-00569,Male,0,No,No,41,Yes,No,Fiber optic,Yes,No,No,Yes,No,Yes,Two year,No,Electronic check,51.25,1940.54,No
CUST-00570,Male,1,No,No,41,No,No phone service,DSL,No,No,No,No,No,No,Month-to-month,No,Mailed check,118.31,4372.49,Yes
CUST-00571,Female,0,Yes,No,57,Yes,Yes,DSL,Yes,No,No,No,Yes,No,One year,No,Mailed check,35.93,1971.45,No
CUST-00572,Male,0,Yes,Yes,32,Yes,No,No,No internet service,No internet service,No internet service,No internet service,No internet service,No internet service,Two year,Yes,Electronic check,74.81,2270.78,No
CUST-00573,Male,0,Yes,No,55,Yes,No,DSL,No,No,No,No,Yes,No,One year,Yes,Electronic check,85.13,4177.28,No
CUST-00574,Female,0,No,No,6,Yes,No,Fiber optic,Yes,No,Yes,No,No,No,Month-to-month,No,Mailed check,33.72,220.09,Yes
CUST-00575,Male,0,Yes,Yes,39,Yes,Yes,DSL,No,No,Yes,Yes,Yes,No,Month-to-month,No,Credit card (automatic),21.62,899.16,No
CUST-00576,Female,0,No,No,9,Yes,Yes,Fiber optic,No,No,No,Yes,No,No,Two year,Yes,Mailed check,30.21,254.58,Yes
CUST-00577,Male,0,Yes,No,32,Yes,Yes,DSL,Yes,Yes,Yes,No,No,Yes,Two year,Yes,Electronic check,32.85,1050.38,No
CUST-00578,Female,1,Yes,No,36,Yes,No,DSL,No,No,Yes,No,No,No,One year,No,Electronic check,82.32,2776.23,No
CUST-00579,Female,0,Yes,No,16,Yes,Yes,DSL,Yes,No,No,No,No,No,Month-to-month,Yes,Mailed check,115.83,1626.97,No
CUST-00580,Female,0,Yes,Yes,12,Yes,No,Fiber optic,No,No,No,Yes,Yes,No,Month-to-month,Yes,Electronic check,68.03,791.81,Yes
CUST-00581,Female,0,No,No,41,Yes,No,Fiber optic,No,No,No,No,Yes,Yes,One year,Yes,Bank transfer (automatic),98.05,3862.51,No
CUST-00582,Male,0,Yes,No,67,Yes,Yes,Fiber optic,No,No,No,Yes,No,Yes,Month-to-month,No,Credit card (automatic),28.83,2157.31,No
CUST-00583,Female,0,Yes,Yes,58,Yes,Yes,DSL,No,No,Yes,No,No,No,One year,No,Credit card (automatic),53.67,3258.75,No
CUST-00584,Female,0,Yes,No,9,Yes,No,DSL,No,Yes,Yes,Yes,Yes,No,One year,Yes,Credit card (automatic),34.03,331.69,No
CUST-00585,Female,0,No,Yes,17,Yes,No,Fiber optic,Yes,No,Yes,Yes,No,No,One year,Yes,Credit card (automatic),87.26,1560.95,No
CUST-00586,Male,0,No,No,5,Yes,No,DSL,Yes,Yes,Yes,No,No,Yes,Two year,No,Bank transfer (automatic),114.62,534.61,No
CUST-00587,Female,0,Yes,No,26,No,No phone service,Fiber optic,No,Yes,Yes,No,No,Yes,Two year,No,Mailed check,51.18,1456.46,No
CUST-00588,Male,0,No,No,1,Yes,Yes,Fiber optic,No,Yes,No,Yes,No,No,Month-to-month,Yes,Credit card (automatic),49.18,51.87,No
CUST-00589,Female,0,Yes,No,1,Yes,No,Fiber optic,No,Yes,No,No,Yes,Yes,One year,Yes,Credit card (automatic),62.18,54.75,No
CUST-00590,Male,0,Yes,No,35,Yes,No,DSL,Yes,No,No,No,Yes,No,Two year,No,Electronic check,28.8,993.41,No
CUST-00591,Male,0,No,Yes,9,Yes,Yes,Fiber optic,No,No,No,Yes,No,Yes,Two year,Yes,Mailed check,94.69,732.85,No
CUST-00592,Female,0,Yes,No,38,Yes,Yes,No,No internet service,No internet service,No internet service,No internet service,No internet service,No internet service,Month-to-month,Yes,Bank transfer (automatic),110.17,4006.14,Yes
CUST-00593,Male,0,No,Yes,4,Yes,No,Fiber optic,No,Yes,Yes,No,No,Yes,Two year,No,Mailed check,27.3,113.23,No
CUST-00594,Female,0,Yes,Yes,52,Yes,No,Fiber optic,No,No,Yes,No,No,Yes,Two year,Yes,Bank transfer (automatic),54.4,2845.45,No
CUST-00595,Female,0,No,No,19,Yes,Yes,DSL,No,No,No,No,No,No,One year,Yes,Credit card (automatic),105.86,1996.05,Yes
CUST-00596,Female,1,Yes,No,5,Yes,Yes,DSL,No,Yes,No,No,Yes,No,Month-to-month,Yes,Bank transfer (automatic),33.75,153.7,No
CUST-00597,Male,0,No,No,48,Yes,Yes,No,No internet service,No internet service,No internet service,No internet service,No internet service,No internet service,One year,No,Electronic check,87.34,3700.64,Yes
CUST-00598,Male,1,No,Yes,63,No,No phone service,Fiber optic,No,No,No,No,No,No,Month-to-month,Yes,Credit card (automatic),37.77,2312.82,No
CUST-00599,Female,1,Yes,No,38,Yes,No,DSL,No,No,No,No,Yes,Yes,One year,Yes,Electronic check,91.47,3399.56,No
CUST-00600,Female,0,No,No,52,Yes,No,DSL,No,No,No,No,No,Yes,Two year,Yes,Credit card (automatic),83.99,4667.28,No
CUST-00601,Male,0,Yes,Yes,46,Yes,No,DSL,No,No,Yes,No,Yes,No,One year,Yes,Mailed check,114.08,4651.87,No
CUST-00602,Female,1,No,No,9,Yes,No,No,No internet service,No internet service,No internet service,No internet service,No internet service,No internet service,One year,Yes,Electronic check,74.12,635.22,Yes
CUST-00603,Female,0,Yes,Yes,50,Yes,No,Fiber optic,No,No,No,No,No,No,Month-to-month,Yes,Electronic check,64.1,3060.73,Yes
CUST-00604,Female,0,Yes,No,66,Yes,No,No,No internet service,No internet service,No internet service,No internet service,No internet service,No internet service,One year,Yes,Credit card (automatic),70.24,4525.76,No
CUST-00605,Male,0,No,No,38,Yes,Yes,Fiber optic,No,No,No,No,No,No,One year,Yes,Electronic check,78.53,2649.95,No
CUST-00606,Male,0,Yes,No,27,No,No phone service,No,No internet service,No internet service,No internet service,No internet service,No internet service,No internet service,Month-to-month,Yes,Bank transfer (automatic),115.13,3261.98,Yes
CUST-00607,Male,0,No,Yes,20,Yes,Yes,DSL,Yes,No,No,Yes,Yes,No,Two year,No,Bank transfer (automatic),24.17,466.2,No
CUST-00608,Female,0,Yes,Yes,62,Yes,No,Fiber optic,No,Yes,No,Yes,No,Yes,Month-to-month,Yes,Electronic check,77.06,4838.21,No
CUST-00609,Female,0,Yes,Yes,16,Yes,Yes,Fiber optic,No,No,Yes,No,No,No,Month-to-month,Yes,Bank transfer (automatic),69.34,972.88,Yes
CUST-00610,Female,0,No,Yes,13,Yes,No,No,No internet service,No internet service,No internet service,No internet service,No internet service,No internet service,Month-to-month,Yes,Electronic check,115.57,1589.81,Yes
CUST-00611,Male,1,No,Yes,20,No,No phone service,DSL,No,No,Yes,Yes,No,Yes,Month-to-month,Yes,Bank transfer (automatic),97.09,2029.57,No
CUST-00612,Female,0,Yes,No,24,Yes,Yes,Fiber optic,No,No,No,No,No,No,Two year,No,Bank transfer (automatic),106.06,2493.02,No
CUST-00613,Female,0,Yes,Yes,50,No,No phone service,Fiber optic,No,Yes,Yes,No,Yes,Yes,Month-to-month,Yes,Electronic check,25.88,1280.27,No
CUST-00614,Female,0,Yes,No,7,Yes,No,No,No internet service,No internet service,No internet service,No internet service,No internet service,No internet service,Two year,Yes,Electronic check,104.25,681.02,No
CUST-00615,Female,0,Yes,No,29,No,No phone service,No,No internet service,No internet service,No internet service,No internet service,No internet service,No internet service,Two year,Yes,Electronic check,94.15,2564.68,No
CUST-00616,Male,0,Yes,Yes,5,Yes,No,Fiber optic,No,No,No,No,No,No,Two year,Yes,Credit card (automatic),68.55,388.19,Yes
CUST-00617,Male,1,Yes,No,35,Yes,No,No,No internet service,No internet service,No internet service,No internet service,No internet service,No internet service,Month-to-month,No,Mailed check,50.27,1501.51,No
CUST-00618,Female,0,No,Yes,65,Yes,No,Fiber optic,No,No,No,No,Yes,No,Month-to-month,Yes,Mailed check,53.78,3549.98,Yes
CUST-00619,Male,0,No,No,70,Yes,No,No,No internet service,No internet service,No internet service,No internet service,No internet service,No internet service,Month-to-month,Yes,Mailed check,83.67,5522.71,No
CUST-00620,Male,0,Yes,No,7,Yes,No,No,No internet service,No internet service,No internet service,No internet service,No internet service,No internet service,Two year,No,Mailed check,28.0,187.38,No
CUST-00621,Female,0,Yes,Yes,44,Yes,Yes,DSL,No,Yes,No,Yes,No,Yes,Month-to-month,Yes,Electronic check,42.66,1892.54,No
CUST-00622,Female,1,Yes,No,72,Yes,No,Fiber optic,Yes,No,No,No,No,Yes,One year,Yes,Bank transfer (automatic),84.78,5912.19,No
CUST-00623,Male,0,No,Yes,13,No,No phone service,Fiber optic,No,Yes,Yes,Yes,Yes,No,Two year,No,Credit card (automatic),48.02,558.53,No
CUST-00624,Female,0,No,No,38,Yes,Yes,No,No internet service,No internet service,No internet service,No internet service,No internet service,No internet service,One year,Yes,Credit card (automatic),97.63,3402.77,No
CUST-00625,Male,0,No,No,13,No,No phone service,Fiber optic,No,Yes,No,No,Yes,No,Two year,Yes,Credit card (automatic),92.24,1030.97,Yes
CUST-00626,Female,1,No,Yes,54,Yes,No,DSL,No,Yes,No,No,No,Yes,Month-to-month,Yes,Mailed check,68.87,3582.65,No
CUST-00627,Male,0,No,No,44,Yes,No,Fiber optic,No,Yes,No,No,No,Yes,One year,Yes,Mailed check,97.58,4802.37,Yes
CUST-00628,Female,0,Yes,Yes,13,Yes,No,Fiber optic,No,No,No,No,No,No,Two year,No,Electronic check,34.38,445.74,No
CUST-00629,Male,0,Yes,Yes,25,No,No phone service,No,No internet service,No internet service,No internet service,No internet service,No internet service,No internet service,One year,Yes,Mailed check,100.08,2537.58,No
CUST-00630,Male,1,No,Yes,24,Yes,No,Fiber optic,No,Yes,No,No,No,No,Two year,Yes,Bank transfer (automatic),38.6,910.97,No
CUST-00631,Male,0,Yes,No,29,Yes,Yes,DSL,Yes,No,No,No,Yes,No,Month-to-month,Yes,Credit card (automatic),87.38,2828.52,No
CUST-00632,Female,0,No,No,70,Yes,No,No,No internet service,No internet service,No internet service,No internet service,No internet service,No internet service,Two year,No,Electronic check,88.12,6038.22,No
CUST-00633,Male,0,No,No,18,Yes,No,Fiber optic,No,Yes,No,No,No,No,Month-to-month,Yes,Electronic check,79.53,1540.64,Yes
CUST-00634,Male,0,No,No,5,Yes,No,Fiber optic,No,No,No,No,No,No,One year,No,Electronic check,72.98,392.41,No
CUST-00635,Female,0,Yes,Yes,18,Yes,Yes,No,No internet service,No internet service,No internet service,No internet service,No internet service,No internet service,Two year,Yes,Electronic check,106.87,1922.59,Yes
CUST-00636,Female,0,No,No,63,Yes,No,Fiber optic,No,Yes,Yes,No,No,Yes,One year,No,Bank transfer (automatic),85.35,5626.65,No
CUST-00637,Male,1,No,No,37,Yes,Yes,Fiber optic,No,No,Yes,Yes,Yes,Yes,Month-to-month,Yes,Bank transfer (automatic),53.73,1950.01,Yes
CUST-00638,Male,0,No,No,71,Yes,Yes,DSL,No,No,No,No,No,Yes,Month-to-month,Yes,Credit card (automatic),97.2,7417.54,Yes
CUST-00639,Female,1,No,No,55,Yes,Yes,No,No internet service,No internet service,No internet service,No internet service,No internet service,No internet service,One year,No,Electronic check,39.81,2427.24,No
CUST-00640,Female,0,No,No,12,Yes,Yes,DSL,No,No,No,No,No,Yes,Two year,Yes,Bank transfer (automatic),52.86,708.56,No
CUST-00641,Female,0,Yes,Yes,52,Yes,Yes,DSL,No,No,Yes,No,No,No,One year,No,Mailed check,96.59,4418.14,No
CUST-00642,Female,0,Yes,Yes,57,Yes,Yes,No,No internet service,No internet service,No internet service,No internet service,No internet service,No internet service,Month-to-month,No,Electronic check,115.66,6263.7,Yes
CUST-00643,Female,0,Yes,No,46,Yes,Yes,Fiber optic,No,No,Yes,Yes,No,No,Two year,Yes,Bank transfer (automatic),109.77,4738.73,No
CUST-00644,Male,1,Yes,No,44,Yes,No,DSL,No,No,Yes,Yes,Yes,No,Month-to-month,No,Bank transfer (automatic),49.06,2382.69,No
CUST-00645,Female,0,No,No,24,No,No phone service,DSL,No,No,Yes,No,No,No,Month-to-month,Yes,Bank transfer (automatic),103.48,2588.65,No
CUST-00646,Male,0,No,No,9,Yes,No,No,No internet service,No internet service,No internet service,No internet service,No internet service,No internet service,Month-to-month,No,Electronic check,72.98,637.04,No
CUST-00647,Male,0,Yes,Yes,12,Yes,No,Fiber optic,No,No,Yes,No,Yes,No,Two year,No,Bank transfer (automatic),62.48,717.3,Yes
CUST-00648,Male,0,Yes,No,9,Yes,Yes,Fiber optic,No,No,Yes,No,No,No,Month-to-month,No,Electronic check,69.72,535.77,Yes
CUST-00649,Female,0,Yes,No,22,Yes,No,No,No internet service,No internet service,No internet service,No internet service,No internet service,No internet service,One year,No,Electronic check,88.82,2180.74,No
CUST-00650,Male,0,No,No,17,Yes,Yes,Fiber optic,Yes,No,Yes,No,No,No,One year,No,Bank transfer (automatic),65.63,1214.98,Yes
CUST-00651,Male,1,Yes,No,33,Yes,No,DSL,No,Yes,Yes,No,No,No,Two year,No,Electronic check,24.58,799.81,No
CUST-00652,Female,0,Yes,No,47,Yes,Yes,DSL,Yes,No,Yes,No,Yes,Yes,Month-to-month,No,Credit card (automatic),22.78,923.27,No
CUST-00653,Male,0,Yes,No,15,Yes,No,Fiber optic,No,No,No,Yes,No,Yes,Month-to-month,No,Electronic check,66.16,1109.23,No
CUST-00654,Male,0,Yes,No,33,Yes,No,Fiber optic,No,No,No,Yes,No,Yes,One year,Yes,Mailed check,62.72,1940.29,No
CUST-00655,Female,1,No,No,15,Yes,No,DSL,No,Yes,No,No,Yes,Yes,Month-to-month,No,Mailed check,99.09,1423.28,Yes
CUST-00656,Male,0,Yes,Yes,27,Yes,Yes,Fiber optic,No,No,Yes,No,Yes,Yes,Month-to-month,No,Credit card (automatic),40.65,1226.56,No
CUST-00657,Male,0,Yes,No,61,Yes,No,DSL,No,No,No,No,No,No,Month-to-month,No,Electronic check,76.95,4787.63,Yes
CUST-00658,Male,0,Yes,Yes,68,Yes,No,No,No internet service,No internet service,No internet service,No internet service,No internet service,No internet service,Two year,No,Credit card (automatic),80.91,5456.4,No
CUST-00659,Female,0,No,No,48,Yes,No,DSL,No,No,No,No,No,No,Month-to-month,Yes,Electronic check,36.18,1709.78,Yes
CUST-00660,Female,0,No,Yes,8,Yes,No,Fiber optic,No,Yes,No,No,No,Yes,Month-to-month,Yes,Mailed check,36.35,293.85,No
CUST-00661,Female,1,Yes,No,6,Yes,No,Fiber optic,No,Yes,No,Yes,No,Yes,Month-to-month,Yes,Electronic check,91.51,488.37,Yes
CUST-00662,Male,0,Yes,No,63,Yes,No,Fiber optic,No,No,No,No,Yes,No,Month-to-month,No,Bank transfer (automatic),41.15,2410.76,No
CUST-00663,Male,0,No,Yes,2,Yes,No,Fiber optic,No,No,No,No,No,Yes,Two year,Yes,Electronic check,42.91,73.45,No
CUST-00664,Female,0,Yes,Yes,22,Yes,No,DSL,No,Yes,No,No,No,No,Two year,No,Electronic check,43.35,1073.58,No
CUST-00665,Male,0,No,No,21,Yes,No,No,No internet service,No internet service,No internet service,No internet service,No internet service,No internet service,Month-to-month,No,Mailed check,86.76,2037.5,Yes
CUST-00666,Male,0,Yes,No,6,Yes,No,DSL,Yes,Yes,No,Yes,No,No,Two year,Yes,Bank transfer (automatic),84.78,527.07,No
CUST-00667,Female,0,Yes,Yes,70,Yes,Yes,Fiber optic,No,Yes,No,Yes,Yes,Yes,One year,No,Electronic check,114.37,7773.26,No
CUST-00668,Female,0,No,Yes,13,Yes,No,DSL,No,No,No,Yes,Yes,No,Month-to-month,Yes,Electronic check,65.4,872.44,No
CUST-00669,Male,0,No,No,1,Yes,Yes,DSL,No,Yes,No,Yes,Yes,No,Month-to-month,Yes,Electronic check,39.85,39.11,No
CUST-00670,Male,0,No,No,22,Yes,Yes,Fiber optic,No,Yes,No,No,No,Yes,Two year,Yes,Electronic check,60.98,1488.13,No
CUST-00671,Male,0,Yes,Yes,24,Yes,No,Fiber optic,No,No,Yes,No,Yes,No,Month-to-month,Yes,Electronic check,70.78,1736.99,Yes
CUST-00672,Female,1,Yes,No,64,Yes,No,No,No internet service,No internet service,No internet service,No internet service,No internet service,No internet service,One year,Yes,Credit card (automatic),37.88,2627.67,No
CUST-00673,Female,0,Yes,No,41,Yes,Yes,No,No internet service,No internet service,No internet service,No internet service,No internet service,No internet service,Two year,Yes,Mailed check,95.46,3493.04,Yes
CUST-00674,Female,0,No,Yes,22,Yes,No,No,No internet service,No internet service,No internet service,No internet service,No internet service,No internet service,One year,No,Credit card (automatic),27.94,693.29,No
CUST-00675,Female,0,No,No,61,Yes,No,Fiber optic,No,No,Yes,No,Yes,Yes,One year,Yes,Electronic check,20.86,1125.11,No
CUST-00676,Male,0,Yes,Yes,12,No,No phone service,DSL,Yes,Yes,No,Yes,Yes,Yes,Month-to-month,Yes,Credit card (automatic),34.98,451.5,No
CUST-00677,Female,0,No,Yes,4,Yes,No,Fiber optic,Yes,No,No,No,No,No,One year,Yes,Credit card (automatic),21.69,84.99,Yes
CUST-00678,Female,0,No,Yes,12,Yes,No,Fiber optic,No,No,Yes,No,Yes,No,Month-to-month,Yes,Bank transfer (automatic),29.83,376.46,No
CUST-00679,Female,0,Yes,No,33,Yes,Yes,DSL,Yes,Yes,No,No,No,No,One year,Yes,Bank transfer (automatic),26.26,967.16,No
CUST-00680,Female,0,No,No,21,Yes,No,No,No internet service,No internet service,No internet service,No internet service,No internet service,No internet service,One year,Yes,Electronic check,87.71,1840.34,No
CUST-00681,Female,0,Yes,No,72,Yes,Yes,Fiber optic,Yes,No,No,Yes,Yes,Yes,Month-to-month,No,Credit card (automatic),91.22,7424.78,No
CUST-00682,Male,0,Yes,Yes,72,Yes,No,Fiber optic,No,No,No,No,Yes,No,Month-to-month,Yes,Credit card (automatic),51.1,3391.48,No
CUST-00683,Male,0,No,Yes,52,Yes,No,Fiber optic,No,No,Yes,No,Yes,No,Two year,Yes,Credit card (automatic),38.17,2214.29,No
CUST-00684,Female,0,Yes,No,47,No,No phone service,No,No internet service,No internet service,No internet service,No internet service,No internet service,No internet service,Month-to-month,No,Credit card (automatic),95.43,4371.72,No
CUST-00685,Male,0,Yes,Yes,59,Yes,Yes,DSL,No,No,Yes,No,No,No,One year,No,Electronic check,34.17,2007.71,No
CUST-00686,Female,0,No,No,47,Yes,No,Fiber optic,No,No,No,Yes,No,Yes,One year,Yes,Credit card (automatic),57.47,2644.96,No
CUST-00687,Female,0,No,No,56,Yes,No,Fiber optic,No,No,No,No,No,No,One year,Yes,Mailed check,75.56,3824.14,No
CUST-00688,Male,0,No,No,13,Yes,No,Fiber optic,Yes,No,No,No,No,No,Month-to-month,No,Bank transfer (automatic),73.7,1011.76,Yes
CUST-00689,Male,0,No,Yes,44,Yes,Yes,No,No internet service,No internet service,No internet service,No internet service,No internet service,No internet service,Two year,No,Credit card (automatic),61.33,2729.06,No
CUST-00690,Female,1,Yes,No,35,Yes,Yes,DSL,No,No,No,Yes,Yes,No,Two year,Yes,Credit card (automatic),73.87,2824.24,No
CUST-00691,Female,0,No,Yes,29,Yes,Yes,No,No internet service,No internet service,No internet service,No internet service,No internet service,No internet service,One year,Yes,Electronic check,85.25,2781.08,No
CUST-00692,Female,0,No,No,56,Yes,No,Fiber optic,No,No,No,No,No,No,Two year,Yes,Bank transfer (automatic),42.83,2220.56,No
CUST-00693,Male,0,Yes,No,5,Yes,Yes,Fiber optic,Yes,No,No,No,No,No,Month-to-month,Yes,Credit card (automatic),57.56,306.91,Yes
CUST-00694,Female,0,No,No,67,Yes,No,DSL,No,Yes,No,Yes,Yes,No,Month-to-month,No,Mailed check,87.31,5446.78,No
CUST-00695,Female,1,Yes,No,53,Yes,Yes,Fiber optic,Yes,Yes,No,Yes,Yes,Yes,Month-to-month,No,Electronic check,30.98,1740.38,No
CUST-00696,Female,0,Yes,No,60,Yes,No,Fiber optic,Yes,Yes,No,No,Yes,No,Month-to-month,No,Electronic check,52.83,3006.56,Yes
CUST-00697,Male,0,No,Yes,6,Yes,No,DSL,No,Yes,No,Yes,No,No,Month-to-month,Yes,Bank transfer (automatic),21.44,141.14,No
CUST-00698,Female,0,No,Yes,48,Yes,No,Fiber optic,No,No,No,Yes,No,Yes,One year,Yes,Bank transfer (automatic),39.36,2060.27,No
CUST-00699,Female,0,Yes,No,35,Yes,No,DSL,Yes,No,No,No,Yes,No,Two year,No,Bank transfer (automatic),59.36,1890.9,No
CUST-00700,Male,0,Yes,No,18,Yes,No,Fiber optic,No,No,Yes,Yes,No,No,Month-to-month,No,Credit card (automatic),45.14,916.01,No
CUST-00701,Female,0,No,No,11,Yes,Yes,Fiber optic,No,No,No,No,Yes,No,Month-to-month,No,Electronic check,97.23,1048.48,Yes
CUST-00702,Female,1,Yes,No,51,Yes,Yes,Fiber optic,No,No,No,No,No,No,Month-to-month,No,Bank transfer (automatic),59.48,3006.05,No
CUST-00703,Male,0,Yes,Yes,23,Yes,No,DSL,Yes,No,No,No,No,No,One year,Yes,Electronic check,50.38,1075.89,No
CUST-00704,Female,0,No,No,47,Yes,No,DSL,Yes,No,Yes,Yes,Yes,No,Two year,No,Bank transfer (automatic),113.13,5076.87,No
CUST-00705,Male,1,No,No,59,Yes,Yes,No,No internet service,No internet service,No internet service,No internet service,No internet service,No internet service,One year,Yes,Electronic check,82.08,4811.12,No
CUST-00706,Male,0,No,Yes,57,Yes,No,Fiber optic,No,Yes,No,Yes,No,Yes,Two year,Yes,Electronic check,89.56,4585.71,No
CUST-00707,Female,1,No,No,56,Yes,No,No,No internet service,No internet service,No internet service,No internet service,No internet service,No internet service,One year,No,Mailed check,105.4,6040.53,No
CUST-00708,Female,1,No,No,27,Yes,No,DSL,No,Yes,No,No,Yes,No,Two year,No,Credit card (automatic),48.96,1347.67,No
CUST-00709,Female,0,No,No,35,Yes,No,Fiber optic,No,Yes,No,No,Yes,No,One year,No,Electronic check,73.74,2589.92,No
CUST-00710,Female,0,Yes,No,55,Yes,Yes,DSL,No,Yes,No,No,No,No,Month-to-month,No,Bank transfer (automatic),59.67,3087.86,No
CUST-00711,Male,0,No,No,9,Yes,No,Fiber optic,Yes,No,Yes,Yes,No,No,Two year,Yes,Mailed check,47.05,366.45,No
CUST-00712,Female,1,Yes,No,18,Yes,No,No,No internet service,No internet service,No internet service,No internet service,No internet service,No internet service,One year,Yes,Mailed check,19.28,383.08,No
CUST-00713,Male,0,Yes,No,44,No,No phone service,DSL,No,No,No,No,Yes,No,Month-to-month,Yes,Bank transfer (automatic),32.22, ,Yes
CUST-00714,Female,0,Yes,No,21,Yes,Yes,Fiber optic,No,No,No,Yes,No,No,Two year,Yes,Mailed check,99.77,2226.52,No
CUST-00715,Female,1,No,Yes,56,No,No phone service,Fiber optic,Yes,No,Yes,Yes,No,No,Month-to-month,Yes,Credit card (automatic),32.12,1570.22,No
CUST-00716,Female,1,Yes,Yes,48,Yes,Yes,No,No internet service,No internet service,No internet service,No internet service,No internet service,No internet service,Month-to-month,Yes,Electronic check,109.27,4691.52,No
CUST-00717,Male,0,Yes,Yes,1,Yes,No,DSL,No,No,Yes,No,No,No,Month-to-month,Yes,Electronic check,45.57,49.28,Yes
CUST-00718,Female,0,No,No,27,Yes,No,No,No internet service,No internet service,No internet service,No internet service,No internet service,No internet service,One year,No,Credit card (automatic),64.79,1839.63,Yes
CUST-00719,Female,1,No,No,45,Yes,Yes,Fiber optic,No,No,No,No,Yes,No,Month-to-month,Yes,Electronic check,105.24,5023.35,No
CUST-00720,Female,0,No,Yes,63,Yes,Yes,DSL,No,Yes,No,Yes,Yes,Yes,One year,Yes,Electronic check,53.12,2869.41,No
CUST-00721,Female,1,Yes,Yes,58,Yes,No,Fiber optic,Yes,No,No,No,Yes,Yes,One year,Yes,Credit card (automatic),41.36,2313.8,No
CUST-00722,Male,0,Yes,No,40,Yes,Yes,DSL,No,Yes,No,No,No,Yes,One year,Yes,Electronic check,21.41,808.47,No
CUST-00723,Female,0,No,No,63,Yes,No,Fiber optic,Yes,No,No,No,No,Yes,One year,Yes,Credit card (automatic),113.84,7817.58,No
CUST-00724,Male,0,Yes,No,38,Yes,No,Fiber optic,Yes,No,Yes,No,Yes,No,Month-to-month,No,Mailed check,58.91,2165.28,No
CUST-00725,Male,0,No,No,29,Yes,Yes,DSL,Yes,No,No,No,No,No,Two year,Yes,Mailed check,107.67,2660.81,No
CUST-00726,Male,0,Yes,No,40,Yes,No,Fiber optic,No,No,No,No,Yes,Yes,Month-to-month,Yes,Electronic check,62.03,2411.66,No
CUST-00727,Male,0,No,No,19,Yes,No,Fiber optic,No,No,No,No,No,No,Month-to-month,Yes,Bank transfer (automatic),106.94,1900.14,No
CUST-00728,Male,0,Yes,No,56,Yes,Yes,DSL,No,Yes,No,No,No,No,Month-to-month,No,Mailed check,28.68,1733.49,No
CUST-00729,Male,0,Yes,Yes,44,Yes,Yes,No,No internet service,No internet service,No internet service,No internet service,No internet service,No internet service,One year,Yes,Mailed check,62.57,2900.02,No
CUST-00730,Female,0,No,No,65,Yes,No,No,No internet service,No internet service,No internet service,No internet service,No internet service,No internet service,One year,Yes,Bank transfer (automatic),62.77,4323.16,No
CUST-00731,Male,0,Yes,Yes,13,Yes,No,DSL,No,No,Yes,Yes,No,No,Month-to-month,No,Credit card (automatic),116.09,1670.33,No
CUST-00732,Male,0,Yes,Yes,30,Yes,Yes,No,No internet service,No internet service,No internet service,No internet service,No internet service,No internet service,Two year,No,Bank transfer (automatic),67.81,2312.62,No
CUST-00733,Male,0,No,No,49,Yes,No,No,No internet service,No internet service,No internet service,No internet service,No internet service,No internet service,One year,Yes,Bank transfer (automatic),28.77,1613.47,No
CUST-00734,Female,0,Yes,No,63,Yes,No,DSL,No,No,Yes,No,Yes,Yes,Month-to-month,No,Credit card (automatic),109.5,7895.09,No
CUST-00735,Female,0,Yes,No,71,Yes,No,DSL,No,No,No,Yes,No,Yes,Month-to-month,Yes,Credit card (automatic),113.69,8978.46,No
CUST-00736,Male,0,Yes,No,35,Yes,No,Fiber optic,No,Yes,No,Yes,No,Yes,Two year,Yes,Bank transfer (automatic),59.26,2130.71,No
CUST-00737,Female,0,Yes,No,11,Yes,Yes,No,No internet service,No internet service,No internet service,No internet service,No internet service,No internet service,Month-to-month,No,Credit card (automatic),98.31,999.79,No
CUST-00738,Male,1,Yes,Yes,49,Yes,No,No,No internet service,No internet service,No internet service,No internet service,No internet service,No internet service,Month-to-month,No,Electronic check,25.24,1055.31,No
CUST-00739,Male,1,No,Yes,40,Yes,No,DSL,No,Yes,Yes,Yes,No,Yes,Month-to-month,Yes,Bank transfer (automatic),59.0,2255.47,No
CUST-00740,Female,0,No,No,21,Yes,No,DSL,No,Yes,Yes,No,No,No,Month-to-month,No,Mailed check,69.61,1603.92,No
CUST-00741,Male,1,Yes,No,47,No,No phone service,Fiber optic,No,No,Yes,No,No,No,Month-to-month,No,Credit card (automatic),105.81,5279.69,No
CUST-00742,Female,0,Yes,No,3,Yes,No,DSL,No,No,Yes,No,No,No,Month-to-month,Yes,Credit card (automatic),28.4,76.01,No
CUST-00743,Female,0,No,No,30,No,No phone service,DSL,No,No,No,No,No,Yes,Month-to-month,Yes,Electronic check,59.12,1507.94,Yes
CUST-00744,Male,0,No,Yes,67,Yes,No,Fiber optic,No,Yes,No,No,No,No,Two year,Yes,Bank transfer (automatic),69.79,4343.38,No
CUST-00745,Male,0,Yes,Yes,62,Yes,No,Fiber optic,No,No,Yes,No,Yes,No,Two year,No,Credit card (automatic),85.22,5710.6,No
CUST-00746,Female,0,No,No,37,Yes,Yes,Fiber optic,Yes,Yes,Yes,No,Yes,No,Two year,No,Bank transfer (automatic),28.62,1111.52,No
CUST-00747,Male,0,No,No,22,Yes,No,No,No internet service,No internet service,No internet service,No internet service,No internet service,No internet service,Month-to-month,No,Bank transfer (automatic),46.53,1072.31,No
CUST-00748,Male,0,Yes,No,31,Yes,No,DSL,Yes,No,Yes,No,No,Yes,Month-to-month,Yes,Credit card (automatic),22.77,747.59,No
CUST-00749,Male,0,Yes,No,46,Yes,Yes,Fiber optic,Yes,No,Yes,No,No,No,Month-to-month,No,Bank transfer (automatic),33.13,1419.49,No
CUST-00750,Female,0,Yes,No,45,Yes,No,Fiber optic,No,No,Yes,No,No,No,One year,Yes,Credit card (automatic),68.0,3143.75,Yes
CUST-00751,Female,0,No,Yes,14,Yes,No,DSL,Yes,No,Yes,No,No,No,One year,No,Credit card (automatic),41.87,670.48,No
CUST-00752,Male,0,No,No,12,Yes,Yes,Fiber optic,No,No,No,No,Yes,No,Month-to-month,Yes,Mailed check,66.44,744.67,No
CUST-00753,Female,0,No,No,63,No,No phone service,No,No internet service,No internet service,No internet service,No internet service,No internet service,No internet service,Month-to-month,Yes,Bank transfer (automatic),97.58,6822.18,No
CUST-00754,Female,0,Yes,No,38,Yes,Yes,Fiber optic,No,No,No,Yes,No,Yes,Two year,Yes,Bank transfer (automatic),56.3,2399.98,No
CUST-00755,Female,0,No,No,47,Yes,No,No,No internet service,No internet service,No internet service,No internet service,No internet service,No internet service,Month-to-month,No,Electronic check,90.93,4142.45,No
CUST-00756,Female,1,No,No,54,Yes,Yes,DSL,No,No,No,No,Yes,Yes,One year,No,Credit card (automatic),95.28,4488.5,No
CUST-00757,Female,0,No,No,55,Yes,No,DSL,No,No,No,Yes,No,No,Month-to-month,Yes,Mailed check,72.33,4566.56,No
CUST-00758,Male,0,Yes,Yes,48,Yes,Yes,Fiber optic,No,No,Yes,Yes,Yes,Yes,Two year,No,Credit card (automatic),45.79,1930.31,Yes
CUST-00759,Male,0,No,Yes,72,Yes,Yes,No,No internet service,No internet service,No internet service,No internet service,No internet service,No internet service,Two year,Yes,Credit card (automatic),98.4,7781.21,No
CUST-00760,Male,0,Yes,No,15,Yes,No,Fiber optic,No,Yes,No,Yes,No,Yes,One year,Yes,Electronic check,56.28,805.55,Yes
CUST-00761,Female,0,No,No,71,Yes,Yes,Fiber optic,No,No,Yes,No,No,No,Two year,No,Electronic check,77.53,5685.48,No
CUST-00762,Female,0,No,Yes,16,Yes,Yes,Fiber optic,No,No,Yes,No,No,Yes,Month-to-month,No,Electronic check,67.76,1019.34,No
CUST-00763,Male,0,Yes,Yes,43,Yes,Yes,DSL,No,Yes,No,No,Yes,No,Month-to-month,Yes,Bank transfer (automatic),81.17,3359.31,No
CUST-00764,Female,0,No,No,7,Yes,Yes,Fiber optic,No,No,No,No,No,Yes,Month-to-month,Yes,Bank transfer (automatic),103.88,679.93,No
CUST-00765,Male,0,Yes,No,43,Yes,No,DSL,No,No,Yes,Yes,Yes,No,Month-to-month,No,Bank transfer (automatic),53.88,2112.01,Yes
CUST-00766,Male,0,No,Yes,28,Yes,No,Fiber optic,Yes,No,No,Yes,No,Yes,Two year,No,Electronic check,110.33,2961.42,Yes
CUST-00767,Male,0,Yes,No,66,Yes,No,Fiber optic,Yes,Yes,Yes,No,No,No,One year,Yes,Mailed check,29.18,2137.02,No
CUST-00768,Female,0,No,No,60,Yes,No,Fiber optic,Yes,No,No,No,No,No,Month-to-month,Yes,Mailed check,44.47,2333.27,No
CUST-00769,Female,0,No,No,3,Yes,Yes,No,No internet service,No internet service,No internet service,No internet service,No internet service,No internet service,Two year,No,Credit card (automatic),110.67,283.32,Yes
CUST-00770,Male,0,Yes,Yes,1,Yes,Yes,DSL,No,No,No,No,No,No,Month-to-month,Yes,Electronic check,24.69,22.73,No
CUST-00771,Male,0,No,No,31,Yes,No,DSL,No,No,Yes,No,Yes,No,One year,No,Mailed check,64.73,2215.4,No
CUST-00772,Male,0,Yes,No,56,Yes,No,Fiber optic,No,Yes,No,No,No,Yes,One year,Yes,Bank transfer (automatic),44.37,2805.46,No
CUST-00773,Male,0,Yes,Yes,46,Yes,No,No,No internet service,No internet service,No internet service,No internet service,No internet service,No internet service,Month-to-month,Yes,Electronic check,97.49,4905.46,No
CUST-00774,Female,0,No,No,32,Yes,Yes,Fiber optic,No,Yes,No,No,No,Yes,Two year,No,Electronic check,27.01,744.48,No
CUST-00775,Female,1,No,Yes,18,Yes,Yes,No,No internet service,No internet service,No internet service,No internet service,No internet service,No internet service,Month-to-month,Yes,Mailed check,31.0,507.01,No
CUST-00776,Male,0,No,No,68,Yes,No,Fiber optic,No,Yes,No,Yes,No,No,Two year,Yes,Mailed check,34.08,2198.95,No
CUST-00777,Male,1,No,No,35,No,No phone service,No,No internet service,No internet service,No internet service,No internet service,No internet service,No internet service,One year,No,Bank transfer (automatic),49.97,1845.22,No
CUST-00778,Female,0,No,Yes,23,Yes,No,No,No internet service,No internet service,No internet service,No internet service,No internet service,No internet service,Month-to-month,Yes,Bank transfer (automatic),104.43,2277.44,No
CUST-00779,Female,0,No,Yes,13,Yes,Yes,Fiber optic,No,No,No,No,No,Yes,Month-to-month,Yes,Credit card (automatic),106.22,1378.55,Yes
CUST-00780,Male,0,No,No,14,Yes,No,Fiber optic,Yes,Yes,Yes,No,No,Yes,Month-to-month,Yes,Electronic check,38.5,464.74,Yes
CUST-00781,Male,0,No,Yes,37,Yes,No,Fiber optic,No,Yes,Yes,No,Yes,Yes,Month-to-month,No,Mailed check,70.47,2245.18,Yes
CUST-00782,Male,0,Yes,No,5,Yes,No,No,No internet service,No internet service,No internet service,No internet service,No internet service,No internet service,One year,No,Credit card (automatic),85.1,455.13,No
CUST-00783,Female,0,Yes,No,22,Yes,No,DSL,No,No,Yes,No,No,No,Month-to-month,Yes,Mailed check,59.69,1157.6,No
CUST-00784,Female,0,No,No,28,Yes,No,No,No internet service,No internet service,No internet service,No internet service,No internet service,No internet service,Month-to-month,Yes,Electronic check,113.65,2968.0,No
CUST-00785,Female,0,No,No,4,No,No phone service,Fiber optic,No,No,No,No,No,Yes,Month-to-month,No,Mailed check,73.3,249.64,Yes
CUST-00786,Male,0,No,No,50,Yes,No,Fiber optic,Yes,No,No,Yes,No,No,Month-to-month,No,Bank transfer (automatic),61.97,3143.89,No
CUST-00787,Male,1,Yes,Yes,29,Yes,Yes,DSL,No,Yes,No,Yes,Yes,No,One year,Yes,Mailed check,81.06,2381.32,No
CUST-00788,Female,0,No,Yes,37,Yes,Yes,Fiber optic,Yes,No,No,Yes,Yes,Yes,Two year,No,Electronic check,100.81,3669.88,No
CUST-00789,Female,0,Yes,Yes,35,Yes,No,DSL,Yes,No,No,No,No,No,Month-to-month,No,Credit card (automatic),44.37,1686.58,No
CUST-00790,Male,0,No,No,20,Yes,No,No,No internet service,No internet service,No internet service,No internet service,No internet service,No internet service,Month-to-month,Yes,Electronic check,110.86,2139.91,Yes
CUST-00791,Female,0,Yes,No,35,No,No phone service,DSL,No,No,No,Yes,No,No,One year,Yes,Mailed check,50.24,1625.48,No
CUST-00792,Female,0,Yes,No,2,Yes,No,Fiber optic,No,No,No,No,No,Yes,Month-to-month,Yes,Mailed check,81.99,155.85,Yes
CUST-00793,Male,1,No,No,58,Yes,No,Fiber optic,Yes,No,No,No,Yes,No,Month-to-month,No,Mailed check,90.39,5542.62,Yes
CUST-00794,Female,0,No,No,18,Yes,Yes,Fiber optic,No,No,No,No,No,No,One year,Yes,Bank transfer (automatic),108.95,2224.41,Yes
CUST-00795,Male,0,Yes,Yes,56,Yes,No,Fiber optic,Yes,Yes,No,No,No,No,Two year,Yes,Mailed check,81.24,4828.91,No
CUST-00796,Male,0,Yes,Yes,64,Yes,No,Fiber optic,Yes,No,No,Yes,No,No,Two year,Yes,Electronic check,112.7,8276.61,No
CUST-00797,Male,0,Yes,No,52,Yes,No,DSL,No,No,Yes,No,Yes,Yes,Two year,Yes,Mailed check,89.9,4824.19,No
CUST-00798,Male,0,Yes,No,22,Yes,Yes,No,No internet service,No internet service,No internet service,No internet service,No internet service,No internet service,Two year,No,Electronic check,97.94,2443.75,No
CUST-00799,Male,0,Yes,No,60,Yes,Yes,DSL,No,Yes,No,No,No,No,Month-to-month,Yes,Bank transfer (automatic),96.49,5166.97,No
CUST-00800,Male,1,No,No,10,Yes,Yes,No,No internet service,No internet service,No internet service,No internet service,No internet service,No internet service,One year,Yes,Electronic check,78.72,725.33,No
CUST-00801,Male,0,No,No,6,Yes,Yes,Fiber optic,Yes,No,Yes,Yes,No,No,One year,Yes,Bank transfer (automatic),107.86,678.36,No
CUST-00802,Female,1,Yes,Yes,6,No,No phone service,DSL,Yes,Yes,No,No,Yes,No,One year,No,Mailed check,52.04,311.21,No
CUST-00803,Male,0,No,No,28,Yes,Yes,Fiber optic,Yes,No,No,No,Yes,No,Month-to-month,Yes,Credit card (automatic),39.55,1062.07,No
CUST-00804,Male,0,Yes,No,42,Yes,No,Fiber optic,No,Yes,No,No,Yes,No,Two year,No,Electronic check,35.11,1410.46,No
CUST-00805,Female,0,Yes,Yes,41,Yes,Yes,Fiber optic,No,Yes,Yes,Yes,Yes,No,Two year,Yes,Electronic check,71.23,2746.31,No
CUST-00806,Female,0,Yes,No,63,Yes,No,DSL,Yes,Yes,Yes,No,No,Yes,Two year,Yes,Electronic check,111.13,7654.3,No
CUST-00807,Female,1,No,No,22,No,No phone service,No,No internet service,No internet service,No internet service,No internet service,No internet service,No internet service,Two year,Yes,Mailed check,76.11,1601.48,No
CUST-00808,Male,0,Yes,No,29,Yes,No,Fiber optic,No,Yes,No,Yes,No,No,Month-to-month,Yes,Mailed check,106.33,2692.21,No
CUST-00809,Female,0,Yes,Yes,71,Yes,Yes,Fiber optic,Yes,No,No,Yes,No,No,Two year,Yes,Mailed check,32.64,2074.91,No
CUST-00810,Male,0,Yes,Yes,34,Yes,Yes,Fiber optic,No,No,Yes,No,Yes,No,Month-to-month,Yes,Bank transfer (automatic),90.77,3080.77,Yes
CUST-00811,Male,0,Yes,Yes,2,Yes,No,DSL,No,Yes,No,No,No,Yes,Month-to-month,Yes,Bank transfer (automatic),117.08,208.0,No
CUST-00812,Male,0,Yes,Yes,26,Yes,No,DSL,No,Yes,No,No,Yes,Yes,Month-to-month,Yes,Mailed check,73.08,2089.6,No
CUST-00813,Male,0,No,No,19,Yes,Yes,DSL,Yes,Yes,Yes,No,Yes,No,Month-to-month,No,Bank transfer (automatic),98.23,2098.63,No
CUST-00814,Female,0,No,No,20,Yes,Yes,No,No internet service,No internet service,No internet service,No internet service,No internet service,No internet service,Month-to-month,No,Bank transfer (automatic),71.12,1237.24,No
CUST-00815,Female,0,No,No,33,Yes,No,DSL,No,Yes,Yes,No,No,Yes,Month-to-month,Yes,Bank transfer (automatic),105.4,3865.73,No
CUST-00816,Male,0,Yes,No,4,Yes,No,Fiber optic,No,Yes,No,No,Yes,No,Two year,Yes,Electronic check,77.53,327.46,No
CUST-00817,Male,0,Yes,Yes,32,Yes,No,DSL,No,No,No,No,No,Yes,Month-to-month,Yes,Mailed check,38.06,1154.14,No
CUST-00818,Male,0,Yes,No,19,Yes,No,DSL,No,No,No,No,Yes,No,One year,Yes,Electronic check,41.62,732.02,No
CUST-00819,Female,1,Yes,No,3,Yes,Yes,DSL,No,Yes,Yes,No,Yes,No,Two year,Yes,Credit card (automatic),54.09,157.67,No
CUST-00820,Male,0,No,No,61,Yes,No,No,No internet service,No internet service,No internet service,No internet service,No internet service,No internet service,Month-to-month,Yes,Electronic check,115.64,7264.82,No
CUST-00821,Male,0,Yes,Yes,38,Yes,Yes,DSL,No,No,Yes,Yes,No,Yes,Two year,Yes,Bank transfer (automatic),81.16,2844.03,No
CUST-00822,Female,0,Yes,No,6,Yes,Yes,DSL,Yes,No,Yes,No,No,No,Two year,No,Electronic check,66.86,446.92,No
CUST-00823,Female,0,No,No,56,Yes,No,DSL,No,No,Yes,No,Yes,No,Two year,Yes,Electronic check,55.15,2650.87,No
CUST-00824,Male,0,Yes,No,40,Yes,Yes,Fiber optic,No,No,No,No,No,No,One year,Yes,Credit card (automatic),106.61,3714.74,No
CUST-00825,Female,0,No,Yes,69,Yes,Yes,No,No internet service,No internet service,No internet service,No internet service,No internet service,No internet service,Two year,Yes,Credit card (automatic),48.69,3336.58,No
CUST-00826,Female,0,Yes,No,42,Yes,No,No,No internet service,No internet service,No internet service,No internet service,No internet service,No internet service,One year,No,Electronic check,65.68,2628.43,No
CUST-00827,Male,0,No,No,2,Yes,Yes,DSL,Yes,No,Yes,No,Yes,Yes,Month-to-month,Yes,Mailed check,31.95,60.28,No
CUST-00828,Female,1,Yes,Yes,28,Yes,Yes,DSL,No,Yes,No,No,Yes,No,Two year,No,Mailed check,56.45,1559.98,No
CUST-00829,Male,0,No,No,17,Yes,Yes,Fiber optic,No,No,No,Yes,No,Yes,Two year,No,Electronic check,106.4,1848.67,No
CUST-00830,Female,0,Yes,Yes,70,Yes,No,DSL,No,No,Yes,Yes,No,No,Month-to-month,Yes,Credit card (automatic),25.54,1599.17,No
CUST-00831,Male,0,No,No,69,Yes,Yes,No,No internet service,No internet service,No internet service,No internet service,No internet service,No internet service,Month-to-month,Yes,Credit card (automatic),22.32,1701.35,No
CUST-00832,Male,0,Yes,No,39,Yes,No,DSL,No,No,Yes,No,Yes,Yes,Two year,Yes,Mailed check,61.78,2296.44,No
CUST-00833,Male,1,No,Yes,7,Yes,No,Fiber optic,No,Yes,Yes,No,No,Yes,Two year,No,Electronic check,85.41,596.47,No
CUST-00834,Female,0,Yes,No,32,Yes,No,DSL,No,No,No,No,Yes,No,Two year,No,Mailed check,21.91,715.15,No
CUST-00835,Male,0,Yes,Yes,4,Yes,Yes,No,No internet service,No internet service,No internet service,No internet service,No internet service,No internet service,Month-to-month,No,Electronic check,65.85,275.11,No
CUST-00836,Female,0,No,No,21,Yes,No,DSL,No,No,No,No,Yes,Yes,Two year,Yes,Bank transfer (automatic),22.18,411.67,No
CUST-00837,Male,0,No,No,32,Yes,No,DSL,Yes,Yes,Yes,No,Yes,No,Month-to-month,No,Credit card (automatic),85.15,3006.42,Yes
CUST-00838,Male,0,Yes,No,14,Yes,No,Fiber optic,No,No,Yes,No,No,No,Two year,Yes,Electronic check,89.31,1086.87,Yes
CUST-00839,Female,0,No,No,70,Yes,Yes,DSL,No,No,No,Yes,Yes,No,One year,No,Bank transfer (automatic),108.68,6966.2,No
CUST-00840,Male,0,Yes,No,46,Yes,Yes,DSL,Yes,No,No,No,Yes,No,Month-to-month,Yes,Electronic check,113.14,4577.41,Yes
CUST-00841,Male,0,No,No,20,No,No phone service,DSL,No,Yes,No,No,Yes,Yes,Month-to-month,No,Electronic check,97.51,2104.16,No
CUST-00842,Female,0,No,No,58,No,No phone service,No,No internet service,No internet service,No internet service,No internet service,No internet service,No internet service,One year,Yes,Mailed check,70.21,4332.88,No
CUST-00843,Male,0,No,Yes,48,No,No phone service,DSL,No,No,No,Yes,No,Yes,One year,Yes,Electronic check,39.5,1781.61,No
CUST-00844,Male,0,No,Yes,7,Yes,Yes,DSL,No,No,No,No,No,No,Two year,No,Electronic check,87.37,663.33,No
CUST-00845,Male,0,No,No,40,Yes,Yes,No,No internet service,No internet service,No internet service,No internet service,No internet service,No internet service,Two year,No,Credit card (automatic),116.48,5230.96,No
CUST-00846,Male,0,Yes,No,59,Yes,Yes,No,No internet service,No internet service,No internet service,No internet service,No internet service,No internet service,Month-to-month,Yes,Electronic check,105.56,5638.57,No
CUST-00847,Female,0,No,No,36,Yes,Yes,Fiber optic,No,No,No,Yes,No,No,Month-to-month,No,Mailed check,77.53,2680.09,Yes
CUST-00848,Female,0,Yes,Yes,44,Yes,No,Fiber optic,No,No,No,No,No,Yes,Month-to-month,No,Mailed check,110.18,4890.31,Yes
CUST-00849,Male,0,No,No,31,Yes,No,No,No internet service,No internet service,No internet service,No internet service,No internet service,No internet service,Month-to-month,No,Credit card (automatic),55.64,1623.85,No
CUST-00850,Female,0,No,No,42,Yes,No,DSL,No,No,No,No,No,Yes,Month-to-month,Yes,Bank transfer (automatic),75.86,3343.54,No
CUST-00851,Male,0,Yes,No,44,Yes,No,Fiber optic,No,Yes,Yes,Yes,No,No,One year,Yes,Mailed check,68.02,3292.54,No
CUST-00852,Female,0,No,No,43,Yes,Yes,DSL,Yes,No,No,No,No,No,One year,Yes,Bank transfer (automatic),70.21,3227.96,No
CUST-00853,Male,1,No,No,43,Yes,Yes,DSL,No,No,Yes,No,No,Yes,One year,No,Credit card (automatic),116.17,5660.31,Yes
CUST-00854,Male,1,No,No,47,Yes,No,DSL,No,No,No,No,No,No,Two year,No,Electronic check,42.43,1927.07,No
CUST-00855,Male,1,Yes,No,6,No,No phone service,Fiber optic,No,No,Yes,No,Yes,Yes,Month-to-month,Yes,Electronic check,22.66,123.0,No
CUST-00856,Male,0,Yes,No,66,Yes,No,No,No internet service,No internet service,No internet service,No internet service,No internet service,No internet service,Two year,No,Credit card (automatic),19.06,1397.57,No
CUST-00857,Male,0,No,Yes,9,Yes,Yes,Fiber optic,No,No,No,No,Yes,No,Month-to-month,No,Electronic check,39.01,402.5,Yes
CUST-00858,Male,0,Yes,No,11,Yes,No,Fiber optic,No,No,No,No,No,No,Month-to-month,Yes,Mailed check,75.28,814.97,No
CUST-00859,Female,0,Yes,No,18,No,No phone service,Fiber optic,No,No,Yes,No,No,No,One year,Yes,Credit card (automatic),96.79,1580.64,No
CUST-00860,Male,0,No,No,25,Yes,No,Fiber optic,No,No,No,No,Yes,No,Month-to-month,No,Bank transfer (automatic),42.97,1005.92,No
CUST-00861,Female,0,Yes,Yes,58,Yes,No,Fiber optic,Yes,No,No,No,Yes,No,One year,Yes,Electronic check,36.51,2080.28,No
CUST-00862,Male,0,No,Yes,30,Yes,No,Fiber optic,Yes,No,No,Yes,No,No,Month-to-month,No,Electronic check,57.99,1552.12,No
CUST-00863,Female,1,No,No,1,Yes,No,DSL,Yes,No,No,Yes,Yes,No,One year,No,Electronic check,89.18,86.27,Yes
CUST-00864,Female,0,No,No,63,Yes,Yes,Fiber optic,No,No,No,Yes,Yes,No,Two year,No,Electronic check,40.16,2679.28,No
CUST-00865,Female,0,Yes,No,29,Yes,No,DSL,No,No,No,No,Yes,No,Two year,No,Electronic check,82.31,2401.28,No
CUST-00866,Male,0,Yes,No,66,Yes,Yes,Fiber optic,Yes,No,No,No,No,Yes,Month-to-month,Yes,Bank transfer (automatic),66.44,4758.96,No
CUST-00867,Male,1,Yes,No,53,Yes,No,No,No internet service,No internet service,No internet service,No internet service,No internet service,No internet service,Two year,No,Electronic check,30.15,1409.03,No
CUST-00868,Female,0,No,Yes,19,Yes,Yes,DSL,No,No,No,No,No,Yes,Month-to-month,Yes,Credit card (automatic),61.35,1284.19,Yes
CUST-00869,Male,0,Yes,No,66,No,No phone service,DSL,No,Yes,Yes,No,Yes,No,Month-to-month,No,Electronic check,46.88,2939.94,No
CUST-00870,Female,1,No,No,52,Yes,No,No,No internet service,No internet service,No internet service,No internet service,No internet service,No internet service,One year,Yes,Electronic check,74.45,3701.24,No
CUST-00871,Male,0,No,No,31,Yes,No,No,No internet service,No internet service,No internet service,No internet service,No internet service,No internet service,Month-to-month,No,Electronic check,87.28,2780.93,No
CUST-00872,Female,0,No,No,60,Yes,No,DSL,No,No,No,No,No,Yes,Month-to-month,No,Electronic check,113.71,7273.83,No
CUST-00873,Female,0,Yes,No,68,Yes,Yes,DSL,No,No,No,No,Yes,No,Month-to-month,Yes,Credit card (automatic),84.58,5155.58,No
CUST-00874,Male,0,Yes,No,30,Yes,No,DSL,No,No,No,Yes,No,No,Month-to-month,No,Electronic check,28.34,727.84,No
CUST-00875,Female,0,No,No,13,Yes,Yes,Fiber optic,No,No,No,No,Yes,No,One year,No,Bank transfer (automatic),78.21,948.64,Yes
CUST-00876,Male,0,Yes,No,15,No,No phone service,No,No internet service,No internet service,No internet service,No internet service,No internet service,No internet service,Two year,Yes,Bank transfer (automatic),94.14,1339.57,No
CUST-00877,Female,1,Yes,No,20,Yes,Yes,DSL,No,No,No,No,Yes,No,Two year,Yes,Mailed check,64.05,1147.41,No
CUST-00878,Female,1,Yes,Yes,34,No,No phone service,Fiber optic,No,No,No,Yes,No,No,Month-to-month,Yes,Mailed check,78.48,2882.12,Yes
CUST-00879,Male,0,No,No,20,Yes,Yes,No,No internet service,No internet service,No internet service,No internet service,No internet service,No internet service,Month-to-month,Yes,Electronic check,59.49,1245.4,No
CUST-00880,Male,0,No,Yes,50,Yes,No,Fiber optic,No,No,No,No,No,No,Month-to-month,Yes,Bank transfer (automatic),32.81,1494.51,No
CUST-00881,Male,0,No,Yes,27,Yes,No,DSL,No,No,No,No,Yes,Yes,Month-to-month,Yes,Mailed check,42.14,1020.06,No
CUST-00882,Female,0,No,Yes,30,Yes,No,No,No internet service,No internet service,No internet service,No internet service,No internet service,No internet service,Month-to-month,Yes,Mailed check,69.86,2087.28,No
CUST-00883,Male,0,Yes,No,56,Yes,No,Fiber optic,Yes,Yes,Yes,No,No,Yes,Two year,Yes,Electronic check,90.88,5631.58,No
CUST-00884,Female,0,No,No,65,Yes,No,DSL,No,Yes,No,No,No,No,Month-to-month,Yes,Bank transfer (automatic),72.59,4542.49,No
CUST-00885,Female,0,Yes,No,55,Yes,Yes,Fiber optic,No,No,No,No,No,No,Month-to-month,Yes,Mailed check,74.21,4240.39,No
CUST-00886,Male,0,No,Yes,24,Yes,Yes,No,No internet service,No internet service,No internet service,No internet service,No internet service,No internet service,Month-to-month,No,Electronic check,60.26,1326.18,Yes
CUST-00887,Male,1,Yes,Yes,25,Yes,No,DSL,No,Yes,No,No,No,No,Two year,No,Mailed check,39.78,1115.37,No
CUST-00888,Female,0,Yes,No,53,Yes,No,DSL,No,Yes,No,Yes,No,No,Two year,Yes,Electronic check,53.72,3116.56,No
CUST-00889,Female,0,No,Yes,11,Yes,Yes,DSL,Yes,No,No,No,No,Yes,Two year,Yes,Electronic check,36.09,436.54,No
CUST-00890,Male,0,Yes,No,60,No,No phone service,No,No internet service,No internet service,No internet service,No internet service,No internet service,No internet service,One year,Yes,Credit card (automatic),86.07,4406.28,Yes
CUST-00891,Male,0,No,No,47,Yes,No,DSL,No,Yes,No,No,Yes,No,One year,Yes,Credit card (automatic),84.32,3950.03,No
CUST-00892,Male,0,Yes,No,25,Yes,No,DSL,No,No,No,Yes,No,No,Month-to-month,Yes,Credit card (automatic),89.81,1926.2,No
CUST-00893,Male,0,Yes,No,25,Yes,No,DSL,No,No,No,No,No,No,One year,Yes,Credit card (automatic),29.26,807.92,No
CUST-00894,Male,0,Yes,Yes,17,No,No phone service,No,No internet service,No internet service,No internet service,No internet service,No internet service,No internet service,Two year,No,Credit card (automatic),55.14,845.14,No
CUST-00895,Female,0,No,No,12,Yes,No,DSL,No,No,Yes,No,No,Yes,Two year,No,Mailed check,90.7,1161.7,No
CUST-00896,Female,0,Yes,No,52,Yes,Yes,Fiber optic,No,No,No,No,No,Yes,Two year,No,Bank transfer (automatic),100.56,4833.94,No
CUST-00897,Female,0,No,No,11,Yes,No,DSL,No,No,Yes,Yes,Yes,No,Month-to-month,Yes,Electronic check,117.69,1424.55,No
CUST-00898,Female,0,Yes,Yes,10,Yes,Yes,No,No internet service,No internet service,No internet service,No internet service,No internet service,No internet service,Month-to-month,Yes,Mailed check,113.2,1068.78,Yes
CUST-00899,Male,1,Yes,No,60,Yes,No,Fiber optic,No,No,No,No,Yes,Yes,Month-to-month,No,Bank transfer (automatic),30.93,1600.23,Yes
CUST-00900,Male,0,Yes,No,54,Yes,Yes,DSL,No,Yes,No,No,No,Yes,One year,No,Electronic check,97.22,4536.89,No
CUST-00901,Male,1,No,Yes,63,Yes,Yes,DSL,No,No,No,No,Yes,No,Month-to-month,Yes,Credit card (automatic),84.8,5916.33,No
CUST-00902,Female,0,No,No,20,Yes,Yes,DSL,No,No,No,No,No,No,Two year,No,Electronic check,20.61,461.0,No
CUST-00903,Female,1,Yes,Yes,5,Yes,No,Fiber optic,No,No,No,No,Yes,Yes,Two year,No,Credit card (automatic),109.18,586.19,Yes
CUST-00904,Male,0,No,No,41,Yes,No,No,No internet service,No internet service,No internet service,No internet service,No internet service,No internet service,Month-to-month,No,Bank transfer (automatic),68.01,3182.72,No
CUST-00905,Male,0,No,No,63,No,No phone service,DSL,No,No,Yes,Yes,No,Yes,One year,Yes,Credit card (automatic),95.88,6790.99,No
CUST-00906,Female,0,Yes,No,56,Yes,No,Fiber optic,Yes,No,Yes,Yes,No,No,One year,No,Electronic check,73.64,4392.42,No
CUST-00907,Female,0,No,No,32,Yes,Yes,DSL,No,No,No,Yes,No,Yes,Two year,Yes,Bank transfer (automatic),51.23,1399.58,No
CUST-00908,Male,0,Yes,No,27,Yes,Yes,Fiber optic,Yes,Yes,Yes,Yes,Yes,Yes,Month-to-month,No,Electronic check,67.27,1646.32,No
CUST-00909,Male,0,No,No,68,Yes,Yes,DSL,Yes,No,No,No,Yes,No,Month-to-month,Yes,Electronic check,101.75,6335.01,Yes
CUST-00910,Female,0,No,No,48,Yes,No,DSL,No,No,No,No,No,Yes,One year,No,Electronic check,39.19,1756.93,No
CUST-00911,Male,0,Yes,Yes,7,Yes,No,DSL,Yes,No,Yes,No,Yes,Yes,Month-to-month,Yes,Credit card (automatic),73.71,480.52,No
CUST-00912,Male,0,Yes,No,46,Yes,No,Fiber optic,Yes,No,No,Yes,Yes,No,Month-to-month,Yes,Credit card (automatic),81.15,3386.72,No
CUST-00913,Male,0,No,No,18,No,No phone service,DSL,Yes,Yes,Yes,No,No,No,Month-to-month,Yes,Electronic check,77.14,1382.62,No
CUST-00914,Female,0,No,No,38,Yes,No,No,No internet service,No internet service,No internet service,No internet service,No internet service,No internet service,Two year,Yes,Electronic check,57.91,2504.91,No
CUST-00915,Female,0,No,No,65,Yes,No,No,No internet service,No internet service,No internet service,No internet service,No internet service,No internet service,One year,Yes,Credit card (automatic),34.81,1954.54,No
CUST-00916,Female,0,Yes,No,17,Yes,No,No,No internet service,No internet service,No internet service,No internet service,No internet service,No internet service,One year,No,Mailed check,44.53,682.05,No
CUST-00917,Female,1,Yes,No,38,Yes,No,No,No internet service,No internet service,No internet service,No internet service,No internet service,No internet service,Month-to-month,No,Electronic check,64.2,2340.55,No
CUST-00918,Female,0,Yes,No,63,No,No phone service,No,No internet service,No internet service,No internet service,No internet service,No internet service,No internet service,One year,Yes,Bank transfer (automatic),39.01,2538.4,No
CUST-00919,Female,0,Yes,No,42,Yes,Yes,DSL,No,No,No,No,No,No,Month-to-month,No,Mailed check,91.54,3423.18,Yes
CUST-00920,Female,1,No,No,8,Yes,No,DSL,Yes,No,Yes,No,No,No,Month-to-month,Yes,Bank transfer (automatic),46.21,376.31,No
CUST-00921,Male,0,No,No,30,Yes,Yes,Fiber optic,No,No,No,No,No,No,One year,No,Electronic check,38.11,1017.55,No
CUST-00922,Male,0,No,Yes,64,Yes,Yes,Fiber optic,No,No,Yes,No,Yes,No,Two year,Yes,Mailed check,53.99,3148.47,No
CUST-00923,Male,0,Yes,Yes,9,Yes,Yes,No,No internet service,No internet service,No internet service,No internet service,No internet service,No internet service,One year,No,Credit card (automatic),40.94,315.12,No
CUST-00924,Male,0,No,No,57,Yes,No,DSL,No,No,Yes,No,Yes,No,Month-to-month,No,Credit card (automatic),89.12,5781.54,No
CUST-00925,Male,0,No,Yes,59,Yes,No,Fiber optic,No,No,No,Yes,No,No,One year,Yes,Credit card (automatic),98.52,5396.02,No
CUST-00926,Male,0,No,No,67,Yes,Yes,Fiber optic,No,No,No,Yes,Yes,Yes,Two year,Yes,Electronic check,60.41,4183.02,No
CUST-00927,Male,0,No,No,5,Yes,No,No,No internet service,No internet service,No internet service,No internet service,No internet service,No internet service,Month-to-month,No,Credit card (automatic),84.85,392.15,Yes
CUST-00928,Female,0,No,Yes,4,Yes,No,Fiber optic,Yes,Yes,No,No,No,No,Two year,Yes,Electronic check,38.08,171.82,No
CUST-00929,Female,0,No,No,8,Yes,Yes,DSL,No,Yes,No,Yes,No,No,One year,Yes,Credit card (automatic),52.01,359.31,No
CUST-00930,Male,0,Yes,No,42,Yes,No,DSL,Yes,No,No,No,No,No,Two year,No,Electronic check,33.68,1412.07,No
CUST-00931,Male,0,Yes,No,35,Yes,No,No,No internet service,No internet service,No internet service,No internet service,No internet service,No internet service,One year,Yes,Electronic check,39.48,1310.01,No
CUST-00932,Female,0,No,Yes,13,Yes,Yes,No,No internet service,No internet service,No internet service,No internet service,No internet service,No internet service,One year,No,Bank transfer (automatic),65.81,821.07,No
CUST-00933,Male,0,No,No,5,Yes,Yes,No,No internet service,No internet service,No internet service,No internet service,No internet service,No internet service,One year,Yes,Bank transfer (automatic),83.29,366.6,No
CUST-00934,Male,0,Yes,No,40,Yes,Yes,Fiber optic,No,No,No,No,Yes,No,Two year,Yes,Credit card (automatic),32.66,1264.09,No
CUST-00935,Female,1,Yes,Yes,19,Yes,No,DSL,Yes,Yes,No,No,No,Yes,Two year,No,Electronic check,71.42,1452.04,No
CUST-00936,Male,1,No,No,4,Yes,No,Fiber optic,No,No,No,Yes,No,No,One year,Yes,Mailed check,64.61,272.7,No
CUST-00937,Female,0,No,No,59,Yes,No,No,No internet service,No internet service,No internet service,No internet service,No internet service,No internet service,Month-to-month,Yes,Bank transfer (automatic),19.44,1291.05,No
CUST-00938,Male,0,Yes,Yes,18,Yes,No,DSL,No,No,No,No,No,No,Month-to-month,Yes,Credit card (automatic),106.15,1658.12,Yes
CUST-00939,Female,0,No,No,24,Yes,Yes,Fiber optic,Yes,No,No,Yes,Yes,Yes,Month-to-month,Yes,Bank transfer (automatic),76.4,2055.38,No
CUST-00940,Female,0,No,No,31,Yes,Yes,Fiber optic,No,No,No,No,No,No,Two year,No,Credit card (automatic),44.39,1356.0,No
CUST-00941,Female,0,Yes,Yes,58,No,No phone service,Fiber optic,Yes,Yes,Yes,No,No,No,Two year,Yes,Mailed check,78.26,4430.85,No
CUST-00942,Male,0,Yes,Yes,28,Yes,Yes,Fiber optic,No,No,No,No,No,No,Month-to-month,Yes,Credit card (automatic),111.63,3060.49,No
CUST-00943,Female,0,No,Yes,9,Yes,Yes,Fiber optic,No,Yes,No,No,No,No,Month-to-month,No,Credit card (automatic),20.23,192.71,Yes
CUST-00944,Male,0,No,Yes,45,Yes,Yes,DSL,No,No,No,Yes,No,No,Month-to-month,No,Electronic check,113.94,5047.22,Yes
CUST-00945,Male,1,No,No,49,Yes,No,DSL,No,No,No,No,Yes,No,One year,No,Mailed check,84.18,4716.0,No
CUST-00946,Male,0,No,Yes,2,Yes,Yes,No,No internet service,No internet service,No internet service,No internet service,No internet service,No internet service,Month-to-month,Yes,Electronic check,72.4,152.63,Yes
CUST-00947,Male,0,Yes,No,6,Yes,No,No,No internet service,No internet service,No internet service,No internet service,No internet service,No internet service,Two year,Yes,Electronic check,58.15,359.98,No
CUST-00948,Female,0,No,No,29,Yes,Yes,DSL,No,No,No,No,Yes,No,Month-to-month,No,Credit card (automatic),31.53,820.42,No
CUST-00949,Female,0,Yes,No,26,Yes,No,DSL,No,Yes,No,Yes,No,No,Month-to-month,Yes,Credit card (automatic),20.07,480.78,No
CUST-00950,Male,0,Yes,Yes,28,Yes,No,Fiber optic,No,Yes,Yes,No,No,No,Month-to-month,No,Mailed check,61.93,1827.99,Yes
CUST-00951,Male,0,Yes,No,7,Yes,Yes,Fiber optic,No,Yes,No,No,Yes,No,One year,No,Mailed check,73.66,496.81,Yes
CUST-00952,Female,0,Yes,Yes,34,Yes,Yes,DSL,No,Yes,Yes,No,No,No,Month-to-month,No,Mailed check,117.7,4322.13,No
CUST-00953,Male,0,No,No,56,Yes,No,Fiber optic,No,No,No,Yes,No,No,One year,No,Bank transfer (automatic),71.06,3894.14,No
CUST-00954,Female,0,No,No,10,Yes,No,Fiber optic,Yes,No,No,No,No,Yes,Two year,Yes,Credit card (automatic),89.12,990.61,Yes
CUST-00955,Male,0,No,No,57,Yes,Yes,DSL,No,No,No,No,Yes,No,One year,Yes,Credit card (automatic),81.75,4794.14,No
CUST-00956,Male,0,Yes,No,47,Yes,No,No,No internet service,No internet service,No internet service,No internet service,No internet service,No internet service,Two year,No,Electronic check,106.61,5528.26,No
CUST-00957,Female,1,No,No,27,Yes,Yes,DSL,No,No,Yes,Yes,Yes,Yes,Month-to-month,No,Credit card (automatic),67.21,2022.05,No
CUST-00958,Male,0,No,No,39,Yes,Yes,DSL,No,No,No,No,No,Yes,One year,No,Mailed check,35.99,1331.67,No
CUST-00959,Female,0,No,No,22,Yes,Yes,Fiber optic,No,Yes,No,Yes,Yes,Yes,One year,Yes,Credit card (automatic),42.01,894.57,No
CUST-00960,Male,0,No,No,19,No,No phone service,Fiber optic,No,No,No,No,Yes,Yes,Month-to-month,Yes,Credit card (automatic),54.3,1101.03,No
CUST-00961,Male,0,Yes,No,9,Yes,No,No,No internet service,No internet service,No internet service,No internet service,No internet service,No internet service,Two year,Yes,Mailed check,37.32,297.86,No
CUST-00962,Male,0,Yes,No,19,Yes,No,DSL,No,Yes,No,No,Yes,Yes,Two year,Yes,Electronic check,97.85,1660.67,No
CUST-00963,Female,0,Yes,No,2,Yes,No,DSL,No,No,No,No,Yes,Yes,Month-to-month,Yes,Mailed check,55.4,121.49,Yes
CUST-00964,Male,0,No,No,61,Yes,Yes,DSL,Yes,No,No,No,No,Yes,Month-to-month,Yes,Electronic check,56.52,2943.87,No
CUST-00965,Male,0,No,No,59,Yes,No,DSL,No,No,Yes,No,Yes,Yes,Month-to-month,No,Mailed check,68.55,3483.36,Yes
CUST-00966,Male,0,Yes,No,70,Yes,No,Fiber optic,No,Yes,No,No,Yes,Yes,Month-to-month,Yes,Credit card (automatic),47.13,3373.92,No
CUST-00967,Male,0,Yes,Yes,71,Yes,Yes,Fiber optic,Yes,Yes,No,Yes,Yes,Yes,Month-to-month,No,Credit card (automatic),30.83,2492.94,No
CUST-00968,Female,0,Yes,Yes,70,Yes,No,Fiber optic,Yes,Yes,No,No,No,No,Two year,No,Mailed check,92.1,7283.96,No
CUST-00969,Female,0,No,No,33,Yes,No,No,No internet service,No internet service,No internet service,No internet service,No internet service,No internet service,One year,Yes,Bank transfer (automatic),77.66,2517.43,Yes
CUST-00970,Male,0,Yes,No,65,Yes,No,Fiber optic,No,No,No,No,No,No,Month-to-month,No,Bank transfer (automatic),37.44,2651.99,Yes
CUST-00971,Female,0,Yes,No,25,Yes,Yes,Fiber optic,No,Yes,No,Yes,No,No,Two year,No,Bank transfer (automatic),24.47,647.81,No
CUST-00972,Male,0,Yes,No,70,Yes,No,DSL,No,No,No,No,No,No,Month-to-month,Yes,Bank transfer (automatic),72.32,5523.52,Yes
CUST-00973,Male,0,No,No,28,Yes,Yes,Fiber optic,No,No,Yes,No,Yes,Yes,Month-to-month,Yes,Credit card (automatic),85.23,2202.24,No
CUST-00974,Male,0,No,No,18,Yes,Yes,Fiber optic,Yes,No,No,No,No,No,One year,No,Electronic check,41.72,711.89,No
CUST-00975,Female,0,No,Yes,63,Yes,No,Fiber optic,No,No,Yes,Yes,No,No,Two year,Yes,Electronic check,57.59,3929.57,No
CUST-00976,Female,0,Yes,No,49,Yes,Yes,Fiber optic,Yes,No,No,No,No,No,Two year,Yes,Electronic check,106.68,4871.98,No
CUST-00977,Female,0,Yes,Yes,66,Yes,Yes,DSL,Yes,Yes,No,No,Yes,No,Two year,Yes,Bank transfer (automatic),69.05,4909.91,No
CUST-00978,Female,1,Yes,No,40,Yes,No,DSL,No,No,No,No,No,No,Month-to-month,No,Mailed check,104.55,4499.08,No
CUST-00979,Female,0,Yes,Yes,66,Yes,Yes,No,No internet service,No internet service,No internet service,No internet service,No internet service,No internet service,Month-to-month,No,Bank transfer (automatic),73.16,5211.72,No
CUST-00980,Female,0,Yes,No,4,Yes,Yes,No,No internet service,No internet service,No internet service,No internet service,No internet service,No internet service,One year,No,Mailed check,79.62,312.41,No
CUST-00981,Female,0,Yes,No,34,Yes,No,No,No internet service,No internet service,No internet service,No internet service,No internet service,No internet service,Two year,No,Bank transfer (automatic),76.73,2368.29,No
CUST-00982,Female,0,No,Yes,5,Yes,Yes,No,No internet service,No internet service,No internet service,No internet service,No internet service,No internet service,One year,No,Electronic check,31.94,140.33,No
CUST-00983,Female,0,Yes,No,22,Yes,No,DSL,No,No,Yes,No,Yes,Yes,Month-to-month,Yes,Mailed check,23.22,463.95,No
CUST-00984,Male,1,Yes,No,20,No,No phone service,Fiber optic,No,Yes,No,Yes,No,No,Two year,Yes,Bank transfer (automatic),90.43,1803.6,No
CUST-00985,Female,0,No,Yes,47,Yes,No,No,No internet service,No internet service,No internet service,No internet service,No internet service,No internet service,Two year,Yes,Electronic check,79.15,3453.37,No
CUST-00986,Female,0,No,No,34,Yes,Yes,No,No internet service,No internet service,No internet service,No internet service,No internet service,No internet service,Month-to-month,Yes,Electronic check,53.28,2006.46,No
CUST-00987,Female,0,No,No,44,Yes,Yes,DSL,No,No,Yes,No,No,No,Month-to-month,Yes,Electronic check,77.34,3641.13,Yes
CUST-00988,Female,0,No,No,6,Yes,Yes,Fiber optic,No,No,No,No,Yes,No,Two year,Yes,Bank transfer (automatic),73.1,470.26,Yes
CUST-00989,Female,0,Yes,Yes,56,Yes,Yes,DSL,No,Yes,No,Yes,Yes,Yes,One year,No,Mailed check,92.21,4847.81,No
CUST-00990,Female,0,No,Yes,29,Yes,No,No,No internet service,No internet service,No internet service,No internet service,No internet service,No internet service,Month-to-month,Yes,Electronic check,76.49,2198.28,No
CUST-00991,Female,0,No,No,53,Yes,No,Fiber optic,Yes,No,No,No,No,No,Month-to-month,No,Bank transfer (automatic),84.49,4658.15,No
CUST-00992,Female,0,Yes,Yes,1,Yes,No,Fiber optic,No,No,No,No,No,No,One year,Yes,Electronic check,73.23,72.01,No
CUST-00993,Female,0,Yes,Yes,59,Yes,Yes,Fiber optic,No,No,No,No,Yes,No,One year,No,Mailed check,34.19,2195.45,No
CUST-00994,Female,0,No,No,48,Yes,Yes,Fiber optic,No,No,No,No,No,No,Month-to-month,Yes,Electronic check,104.33,5144.41,No
CUST-00995,Female,0,Yes,No,7,Yes,Yes,DSL,Yes,No,No,Yes,No,No,Two year,No,Bank transfer (automatic),58.62,422.34,No
CUST-00996,Male,0,Yes,No,32,Yes,Yes,Fiber optic,No,Yes,No,No,No,No,Month-to-month,Yes,Electronic check,39.04,1083.46,Yes
CUST-00997,Male,0,Yes,No,61,Yes,Yes,No,No internet service,No internet service,No internet service,No internet service,No internet service,No internet service,Month-to-month,Yes,Credit card (automatic),115.39,7660.32,Yes
CUST-00998,Female,0,Yes,No,57,Yes,Yes,DSL,No,No,No,Yes,Yes,Yes,Month-to-month,Yes,Bank transfer (automatic),83.87,4240.76,Yes
CUST-00999,Female,0,Yes,No,51,Yes,Yes,DSL,Yes,No,No,No,No,No,Month-to-month,Yes,Electronic check,110.79,5142.6,No
CUST-01000,Male,0,Yes,Yes,19,No,No phone service,No,No internet service,No internet service,No internet service,No internet service,No internet service,No internet service,One year,No,Mailed check,42.92,722.05,No
CUST-01001,Female,0,Yes,No,27,No,No phone service,Fiber optic,No,No,No,Yes,Yes,No,Month-to-month,Yes,Electronic check,83.5,2481.34,Yes
CUST-01002,Male,0,Yes,No,63,No,No phone service,No,No internet service,No internet service,No internet service,No internet service,No internet service,No internet service,Month-to-month,Yes,Bank transfer (automatic),61.7,4335.31,No
CUST-01003,Male,0,No,No,60,Yes,Yes,DSL,No,No,Yes,No,Yes,No,One year,Yes,Bank transfer (automatic),22.54,1546.09,No
CUST-01004,Male,0,Yes,No,61,Yes,No,No,No internet service,No internet service,No internet service,No internet service,No internet service,No internet service,Month-to-month,Yes,Electronic check,65.93,3618.25,No
CUST-01005,Male,0,No,No,61,Yes,No,No,No internet service,No internet service,No internet service,No internet service,No internet service,No internet service,Month-to-month,No,Bank transfer (automatic),52.87,3563.82,No
CUST-01006,Male,0,No,Yes,45,Yes,Yes,DSL,No,No,No,No,Yes,No,Month-to-month,Yes,Credit card (automatic),27.06,1247.58,No
CUST-01007,Female,0,No,Yes,21,Yes,No,Fiber optic,No,No,No,No,Yes,No,One year,Yes,Credit card (automatic),93.59,2202.59,No
CUST-01008,Male,0,No,No,44,Yes,No,DSL,Yes,Yes,Yes,No,Yes,No,Month-to-month,No,Electronic check,73.44,3030.06,Yes
CUST-01009,Female,0,Yes,No,1,Yes,No,Fiber optic,No,No,No,No,No,Yes,Month-to-month,Yes,Mailed check,21.6,20.16,No
CUST-01010,Female,0,Yes,Yes,44,Yes,No,Fiber optic,No,Yes,No,Yes,Yes,No,One year,No,Electronic check,42.68,2050.01,No
CUST-01011,Male,0,No,No,62,Yes,No,No,No internet service,No internet service,No internet service,No internet service,No internet service,No internet service,Month-to-month,No,Bank transfer (automatic),115.5,6619.02,Yes
CUST-01012,Male,0,Yes,No,61,Yes,Yes,DSL,No,Yes,No,Yes,No,No,Month-to-month,Yes,Credit card (automatic),90.6,4817.66,No
CUST-01013,Female,0,No,No,50,Yes,No,DSL,Yes,Yes,No,No,Yes,No,Month-to-month,Yes,Bank transfer (automatic),111.11,5456.45,Yes
CUST-01014,Male,0,No,No,41,Yes,No,DSL,No,No,No,No,Yes,No,Month-to-month,No,Credit card (automatic),74.31,3142.48,Yes
CUST-01015,Male,0,Yes,Yes,33,Yes,Yes,Fiber optic,No,Yes,No,No,No,No,Two year,Yes,Electronic check,101.53,3558.13,Yes
CUST-01016,Female,0,No,No,12,Yes,No,No,No internet service,No internet service,No internet service,No internet service,No internet service,No internet service,One year,Yes,Electronic check,69.42,743.41,No
CUST-01017,Female,0,No,No,2,Yes,No,Fiber optic,No,No,No,Yes,No,Yes,One year,No,Credit card (automatic),67.12,134.82,No
CUST-01018,Male,0,Yes,Yes,21,No,No phone service,DSL,No,No,Yes,No,Yes,No,Two year,No,Mailed check,38.21,762.28,No
CUST-01019,Female,0,Yes,No,14,Yes,No,DSL,No,No,Yes,Yes,No,Yes,Month-to-month,No,Bank transfer (automatic),97.47,1343.65,Yes
CUST-01020,Male,0,No,No,34,Yes,No,DSL,Yes,No,No,Yes,No,No,Month-to-month,Yes,Credit card (automatic),69.61,2080.01,No
CUST-01021,Male,0,No,Yes,64,Yes,No,Fiber optic,No,No,No,Yes,Yes,Yes,One year,Yes,Bank transfer (automatic),36.74,2520.82,No
CUST-01022,Male,0,Yes,No,23,Yes,No,DSL,No,Yes,No,Yes,No,No,One year,No,Bank transfer (automatic),62.64,1501.72,No
CUST-01023,Female,0,Yes,Yes,50,Yes,No,No,No internet service,No internet service,No internet service,No internet service,No internet service,No internet service,Two year,Yes,Mailed check,65.65,3312.8,No
CUST-01024,Female,0,No,No,14,Yes,No,DSL,Yes,Yes,Yes,Yes,No,Yes,Month-to-month,Yes,Credit card (automatic),21.88,276.96,No
CUST-01025,Female,0,No,No,46,Yes,No,No,No internet service,No internet service,No internet service,No internet service,No internet service,No internet service,One year,Yes,Bank transfer (automatic),92.25,3826.98,No
CUST-01026,Female,0,No,No,5,Yes,No,DSL,No,No,Yes,Yes,No,No,One year,Yes,Bank transfer (automatic),20.27,92.27,No
CUST-01027,Female,1,No,No,66,Yes,No,No,No internet service,No internet service,No internet service,No internet service,No internet service,No internet service,Month-to-month,No,Electronic check,74.22,5321.41,No
CUST-01028,Male,0,Yes,No,22,Yes,Yes,No,No internet service,No internet service,No internet service,No internet service,No internet service,No internet service,Month-to-month,Yes,Mailed check,83.12,1752.05,No
CUST-01029,Male,0,Yes,No,70,No,No phone service,No,No internet service,No internet service,No internet service,No internet service,No internet service,No internet service,Month-to-month,Yes,Credit card (automatic),22.65,1526.03,No
CUST-01030,Male,0,No,No,2,Yes,No,No,No internet service,No internet service,No internet service,No internet service,No internet service,No internet service,Two year,No,Mailed check,50.91,97.4,No
CUST-01031,Male,0,No,No,29,Yes,No,DSL,No,No,No,No,Yes,Yes,Month-to-month,No,Credit card (automatic),95.65,2463.96,No
CUST-01032,Female,0,Yes,No,61,Yes,Yes,DSL,Yes,No,Yes,Yes,No,No,One year,Yes,Credit card (automatic),32.69,2204.17,No
CUST-01033,Male,0,Yes,No,71,Yes,No,Fiber optic,No,No,No,No,No,No,Month-to-month,No,Bank transfer (automatic),67.91,4921.34,Yes
CUST-01034,Female,0,No,Yes,16,No,No phone service,No,No internet service,No internet service,No internet service,No internet service,No internet service,No internet service,Month-to-month,Yes,Electronic check,29.68,545.38,No
CUST-01035,Male,0,Yes,Yes,64,Yes,Yes,DSL,Yes,No,Yes,No,No,Yes,Two year,Yes,Electronic check,114.76,7382.82,No
CUST-01036,Female,1,No,No,14,Yes,No,No,No internet service,No internet service,No internet service,No internet service,No internet service,No internet service,Month-to-month,No,Mailed check,41.52,614.28,No
CUST-01037,Female,0,Yes,No,43,No,No phone service,Fiber optic,No,Yes,No,No,No,No,Month-to-month,No,Electronic check,62.47,2935.93,Yes
CUST-01038,Male,0,Yes,No,43,Yes,Yes,DSL,Yes,No,Yes,No,No,Yes,Month-to-month,Yes,Mailed check,60.7,2858.12,No
CUST-01039,Male,0,Yes,Yes,70,Yes,No,DSL,No,Yes,Yes,No,Yes,No,Month-to-month,No,Bank transfer (automatic),78.49,5392.66,No
CUST-01040,Male,0,No,No,55,Yes,No,DSL,No,No,No,Yes,No,No,Month-to-month,No,Mailed check,51.22,2716.03,No
CUST-01041,Male,0,No,Yes,31,Yes,No,DSL,No,Yes,No,No,No,Yes,Two year,Yes,Electronic check,66.51,1843.93,No
CUST-01042,Female,0,No,No,40,No,No phone service,Fiber optic,No,No,Yes,No,No,No,Month-to-month,Yes,Credit card (automatic),110.92,4795.38,No
CUST-01043,Male,0,No,No,27,Yes,Yes,DSL,No,Yes,No,No,Yes,Yes,One year,Yes,Mailed check,24.05,673.88,No
CUST-01044,Male,0,Yes,Yes,52,Yes,Yes,Fiber optic,No,No,No,No,No,Yes,Month-to-month,No,Electronic check,19.74,925.01,Yes
CUST-01045,Female,0,Yes,No,7,Yes,Yes,Fiber optic,Yes,No,No,No,Yes,Yes,Two year,Yes,Electronic check,118.49,828.6,No
CUST-01046,Male,0,No,No,46,Yes,Yes,No,No internet service,No internet service,No internet service,No internet service,No internet service,No internet service,Month-to-month,No,Mailed check,65.25,3064.35,No
CUST-01047,Male,1,No,Yes,33,Yes,Yes,Fiber optic,No,No,Yes,Yes,No,No,Month-to-month,No,Bank transfer (automatic),51.65,1891.15,No
CUST-01048,Male,0,No,No,8,Yes,Yes,Fiber optic,Yes,No,No,No,Yes,Yes,One year,No,Mailed check,39.96,279.98,No
CUST-01049,Male,0,No,No,5,Yes,No,No,No internet service,No internet service,No internet service,No internet service,No internet service,No internet service,Month-to-month,No,Bank transfer (automatic),86.57,388.93,Yes
CUST-01050,Male,0,Yes,Yes,61,Yes,Yes,DSL,No,Yes,Yes,No,No,No,One year,Yes,Credit card (automatic),81.18,5002.28,No
CUST-01051,Female,0,Yes,No,72,Yes,No,DSL,No,Yes,Yes,No,No,Yes,Two year,No,Mailed check,44.6,2773.62,No
CUST-01052,Male,1,No,Yes,60,Yes,Yes,No,No internet service,No internet service,No internet service,No internet service,No internet service,No internet service,Month-to-month,No,Electronic check,42.68,2471.32,No
CUST-01053,Male,0,Yes,No,24,Yes,Yes,DSL,No,No,Yes,No,No,Yes,Two year,Yes,Mailed check,101.94, ,No
CUST-01054,Male,0,Yes,No,7,Yes,No,DSL,No,No,No,No,No,Yes,Month-to-month,Yes,Bank transfer (automatic),92.52,600.53,Yes
CUST-01055,Male,0,No,No,61,Yes,Yes,Fiber optic,Yes,No,No,Yes,Yes,No,Month-to-month,Yes,Electronic check,95.02,5207.38,No
CUST-01056,Male,1,Yes,Yes,36,Yes,Yes,Fiber optic,No,Yes,No,No,No,Yes,Month-to-month,Yes,Electronic check,64.05,2157.73,No
CUST-01057,Female,0,No,Yes,27,No,No phone service,Fiber optic,No,No,No,No,No,No,Two year,Yes,Mailed check,49.42,1441.28,No
CUST-01058,Male,0,Yes,No,29,Yes,No,DSL,Yes,No,No,No,Yes,Yes,Month-to-month,Yes,Bank transfer (automatic),68.28,1889.42,No
CUST-01059,Female,0,No,No,20,Yes,No,Fiber optic,No,No,Yes,No,Yes,Yes,Month-to-month,Yes,Electronic check,77.92,1741.98,No
CUST-01060,Female,0,No,No,70,Yes,Yes,No,No internet service,No internet service,No internet service,No internet service,No internet service,No internet service,One year,Yes,Mailed check,90.87,5935.16,No
CUST-01061,Male,0,No,Yes,3,Yes,No,Fiber optic,No,No,Yes,No,No,No,Two year,No,Bank transfer (automatic),64.42,171.71,Yes
CUST-01062,Male,1,Yes,No,39,Yes,Yes,Fiber optic,No,No,No,No,No,No,Two year,No,Mailed check,88.11,2982.74,No
CUST-01063,Male,0,Yes,No,45,Yes,Yes,DSL,No,No,Yes,No,Yes,No,Two year,Yes,Electronic check,70.59,3645.48,No
CUST-01064,Male,0,Yes,No,68,Yes,Yes,Fiber optic,Yes,No,No,Yes,Yes,Yes,Two year,Yes,Mailed check,34.47,2059.89,No
CUST-01065,Female,0,Yes,No,31,Yes,No,DSL,No,No,No,No,No,No,Month-to-month,No,Mailed check,25.9,769.54,No
CUST-01066,Male,0,No,No,38,Yes,Yes,Fiber optic,Yes,No,Yes,Yes,No,Yes,Month-to-month,Yes,Electronic check,74.62,3130.81,No
CUST-01067,Male,0,Yes,Yes,6,Yes,No,Fiber optic,Yes,No,Yes,Yes,No,Yes,Two year,No,Credit card (automatic),64.83,357.09,No
CUST-01068,Male,1,Yes,No,8,Yes,No,Fiber optic,No,Yes,Yes,No,No,No,Two year,Yes,Bank transfer (automatic),56.51,393.06,No
CUST-01069,Male,0,Yes,Yes,28,No,No phone service,No,No internet service,No internet service,No internet service,No internet service,No internet service,No internet service,Month-to-month,No,Credit card (automatic),75.55,2141.82,No
CUST-01070,Male,0,No,No,15,Yes,No,DSL,No,No,No,No,No,No,Month-to-month,Yes,Electronic check,88.7,1144.87,Yes
CUST-01071,Male,0,Yes,No,8,Yes,No,Fiber optic,No,Yes,Yes,No,Yes,No,One year,No,Credit card (automatic),41.52,354.04,Yes
CUST-01072,Female,0,No,No,54,Yes,No,Fiber optic,Yes,Yes,Yes,No,No,No,Month-to-month,Yes,Mailed check,73.04,4062.87,No
CUST-01073,Female,0,No,No,6,Yes,No,Fiber optic,No,No,No,No,Yes,No,Month-to-month,Yes,Electronic check,40.29,222.28,Yes
CUST-01074,Male,0,No,No,29,Yes,No,DSL,No,No,Yes,Yes,Yes,No,Two year,Yes,Credit card (automatic),82.59,2388.83,No
CUST-01075,Male,0,No,No,34,Yes,No,DSL,No,No,No,No,No,No,Month-to-month,Yes,Electronic check,74.11,2146.81,No
CUST-01076,Male,0,Yes,Yes,7,Yes,No,No,No internet service,No internet service,No internet service,No internet service,No internet service,No internet service,Month-to-month,Yes,Bank transfer (automatic),88.62,628.16,No
CUST-01077,Female,0,No,No,40,No,No phone service,Fiber optic,No,No,No,No,Yes,No,One year,Yes,Credit card (automatic),102.22,4426.06,Yes
CUST-01078,Male,0,No,No,13,Yes,No,Fiber optic,No,Yes,No,No,No,No,Two year,Yes,Credit card (automatic),51.06,575.83,No
CUST-01079,Female,0,No,No,62,Yes,No,No,No internet service,No internet service,No internet service,No internet service,No internet service,No internet service,Month-to-month,Yes,Electronic check,107.98,6143.43,Yes
CUST-01080,Male,1,No,Yes,65,Yes,Yes,DSL,Yes,No,No,No,Yes,Yes,Month-to-month,No,Credit card (automatic),25.95,1749.33,No
CUST-01081,Male,0,Yes,Yes,41,Yes,No,No,No internet service,No internet service,No internet service,No internet service,No internet service,No internet service,Month-to-month,No,Bank transfer (automatic),82.13,2910.72,Yes
CUST-01082,Male,0,Yes,No,42,Yes,No,DSL,Yes,No,Yes,No,No,Yes,Month-to-month,Yes,Credit card (automatic),49.03,2254.07,No
CUST-01083,Male,0,No,No,66,Yes,Yes,Fiber optic,No,Yes,No,Yes,Yes,Yes,Month-to-month,No,Bank transfer (automatic),93.37,5837.89,No
CUST-01084,Female,0,No,Yes,11,No,No phone service,Fiber optic,No,No,No,No,No,No,Month-to-month,No,Bank transfer (automatic),19.02,191.08,No
CUST-01085,Female,0,Yes,Yes,50,Yes,Yes,Fiber optic,No,No,No,Yes,Yes,No,Month-to-month,Yes,Bank transfer (automatic),101.71,5622.18,Yes
CUST-01086,Male,0,Yes,Yes,71,Yes,No,DSL,Yes,No,Yes,No,No,Yes,One year,Yes,Mailed check,101.95,7573.57,No
CUST-01087,Male,0,Yes,No,35,Yes,No,Fiber optic,Yes,Yes,No,No,Yes,No,Month-to-month,Yes,Credit card (automatic),66.84,2619.3,Yes
CUST-01088,Female,0,No,No,20,Yes,Yes,DSL,No,Yes,Yes,No,No,Yes,Month-to-month,No,Electronic check,111.66,2159.94,No
CUST-01089,Female,0,No,No,28,Yes,Yes,DSL,No,Yes,Yes,No,No,No,Month-to-month,Yes,Electronic check,60.12,1925.68,Yes
CUST-01090,Female,0,No,Yes,37,Yes,Yes,DSL,Yes,Yes,Yes,Yes,Yes,No,Month-to-month,Yes,Bank transfer (automatic),109.2,4591.91,No
CUST-01091,Female,1,Yes,No,3,Yes,No,Fiber optic,No,Yes,No,No,No,No,Two year,Yes,Bank transfer (automatic),18.31,56.08,Yes
CUST-01092,Male,0,Yes,Yes,59,Yes,Yes,Fiber optic,Yes,Yes,No,No,No,Yes,One year,Yes,Credit card (automatic),59.17,3729.39,No
CUST-01093,Female,0,Yes,No,27,Yes,Yes,DSL,Yes,No,No,No,No,No,Two year,Yes,Bank transfer (automatic),24.16,627.33,No
CUST-01094,Male,0,Yes,No,32,No,No phone service,DSL,No,Yes,No,Yes,Yes,Yes,Month-to-month,Yes,Electronic check,37.43,1038.95,No
CUST-01095,Female,0,No,No,48,Yes,No,DSL,Yes,No,Yes,No,No,Yes,One year,No,Credit card (automatic),62.33,2839.23,No
CUST-01096,Female,0,Yes,No,46,Yes,No,Fiber optic,Yes,Yes,No,No,No,Yes,Month-to-month,Yes,Electronic check,86.79,3701.5,Yes
CUST-01097,Female,0,No,No,47,Yes,No,Fiber optic,No,No,No,No,No,Yes,Two year,Yes,Mailed check,49.43,2068.43,No
CUST-01098,Female,1,No,No,40,Yes,Yes,Fiber optic,No,Yes,Yes,No,No,No,Month-to-month,No,Bank transfer (automatic),41.56,1655.06,No
CUST-01099,Female,1,No,No,3,No,No phone service,No,No internet service,No internet service,No internet service,No internet service,No internet service,No internet service,Month-to-month,No,Bank transfer (automatic),103.74,351.73,No
CUST-01100,Male,0,Yes,Yes,29,Yes,No,Fiber optic,Yes,Yes,Yes,No,Yes,No,Month-to-month,Yes,Mailed check,23.73,767.42,No
CUST-01101,Male,0,Yes,No,58,Yes,No,No,No internet service,No internet service,No internet service,No internet service,No internet service,No internet service,Month-to-month,No,Electronic check,103.22,5594.84,No
CUST-01102,Female,1,Yes,Yes,50,Yes,Yes,Fiber optic,No,No,No,Yes,Yes,Yes,Month-to-month,Yes,Electronic check,20.9,1201.68,No
CUST-01103,Female,0,No,No,10,Yes,No,Fiber optic,No,Yes,No,No,Yes,Yes,Two year,Yes,Credit card (automatic),19.21,215.75,Yes
CUST-01104,Male,1,No,Yes,61,Yes,Yes,Fiber optic,No,Yes,No,No,Yes,No,Month-to-month,Yes,Mailed check,112.34,6017.85,Yes
CUST-01105,Female,0,Yes,Yes,61,Yes,Yes,DSL,No,No,No,No,No,Yes,Month-to-month,Yes,Bank transfer (automatic),52.47,2953.46,No
CUST-01106,Female,0,Yes,No,23,Yes,No,Fiber optic,No,Yes,No,No,No,Yes,Month-to-month,Yes,Bank transfer (automatic),34.81,759.59,No
CUST-01107,Male,0,No,No,6,Yes,Yes,No,No internet service,No internet service,No internet service,No internet service,No internet service,No internet service,Two year,No,Bank transfer (automatic),36.85,202.76,No
CUST-01108,Female,0,No,No,60,No,No phone service,DSL,No,Yes,No,No,Yes,No,Month-to-month,Yes,Bank transfer (automatic),83.26,4457.62,No
CUST-01109,Female,0,No,Yes,27,Yes,No,DSL,No,Yes,Yes,Yes,Yes,Yes,Month-to-month,No,Electronic check,101.3,2654.37,Yes
CUST-01110,Male,0,Yes,Yes,55,Yes,Yes,Fiber optic,No,Yes,No,No,No,No,Month-to-month,Yes,Electronic check,63.46,3585.47,No
CUST-01111,Male,0,Yes,No,31,Yes,No,Fiber optic,No,No,No,No,Yes,No,Month-to-month,No,Electronic check,40.92,1369.04,No
CUST-01112,Male,0,Yes,No,30,Yes,No,Fiber optic,No,No,Yes,Yes,Yes,Yes,One year,Yes,Bank transfer (automatic),49.67,1667.62,No
CUST-01113,Female,0,Yes,No,67,Yes,No,DSL,Yes,Yes,Yes,Yes,Yes,Yes,Month-to-month,No,Electronic check,38.28,2468.15,No
CUST-01114,Male,0,No,No,13,Yes,No,DSL,No,No,No,Yes,No,Yes,Month-to-month,No,Electronic check,37.4,505.49,No
CUST-01115,Male,0,Yes,No,59,Yes,No,Fiber optic,No,No,No,No,No,Yes,Month-to-month,Yes,Credit card (automatic),74.38,4356.58,No
CUST-01116,Male,0,Yes,No,54,Yes,No,Fiber optic,Yes,Yes,Yes,No,Yes,No,Two year,Yes,Bank transfer (automatic),71.16,4070.06,No
CUST-01117,Male,0,No,No,21,Yes,No,Fiber optic,No,Yes,Yes,Yes,Yes,Yes,Two year,No,Mailed check,86.02,1932.12,Yes
CUST-01118,Male,1,Yes,No,43,Yes,No,Fiber optic,No,No,Yes,No,No,No,One year,Yes,Electronic check,35.85,1318.65,No
CUST-01119,Male,1,No,Yes,11,Yes,No,Fiber optic,Yes,No,Yes,No,No,Yes,Two year,Yes,Mailed check,22.31,259.65,No
CUST-01120,Female,0,Yes,Yes,67,Yes,No,DSL,No,No,No,No,Yes,No,Two year,No,Mailed check,75.24,4360.1,No
CUST-01121,Female,0,No,No,38,Yes,No,DSL,Yes,Yes,No,No,No,No,One year,No,Mailed check,106.6,3718.57,No
CUST-01122,Male,0,Yes,Yes,24,Yes,No,Fiber optic,Yes,No,No,No,Yes,No,Month-to-month,No,Mailed check,89.81,2020.04,Yes
CUST-01123,Male,1,No,Yes,51,No,No phone service,Fiber optic,No,Yes,Yes,No,Yes,No,Month-to-month,No,Electronic check,40.41,2124.6,No
CUST-01124,Male,0,Yes,No,61,Yes,Yes,DSL,No,No,No,No,Yes,Yes,One year,Yes,Electronic check,60.84,3450.34,No
CUST-01125,Female,0,Yes,No,46,Yes,Yes,DSL,No,Yes,No,Yes,No,Yes,Month-to-month,Yes,Electronic check,39.92,1824.13,No
CUST-01126,Female,0,No,No,43,Yes,No,No,No internet service,No internet service,No internet service,No internet service,No internet service,No internet service,Month-to-month,Yes,Mailed check,35.25,1560.52,No
CUST-01127,Female,0,Yes,No,27,Yes,No,DSL,No,No,No,No,No,Yes,Month-to-month,No,Credit card (automatic),106.38,3272.33,No
CUST-01128,Female,0,Yes,No,30,Yes,No,No,No internet service,No internet service,No internet service,No internet service,No internet service,No internet service,Two year,Yes,Mailed check,33.56,1051.04,No
CUST-01129,Female,0,No,No,63,Yes,No,No,No internet service,No internet service,No internet service,No internet service,No internet service,No internet service,Month-to-month,No,Electronic check,88.27,5919.53,No
CUST-01130,Female,1,No,Yes,10,Yes,Yes,Fiber optic,No,Yes,No,No,No,Yes,Two year,No,Bank transfer (automatic),53.57,510.9,No
CUST-01131,Female,1,Yes,No,3,Yes,Yes,Fiber optic,No,No,No,No,No,Yes,Two year,Yes,Electronic check,44.24,130.04,Yes
CUST-01132,Female,0,Yes,No,60,Yes,No,Fiber optic,No,No,Yes,No,No,Yes,Two year,No,Electronic check,112.01,5985.32,No
CUST-01133,Female,0,Yes,No,27,Yes,Yes,DSL,No,No,No,No,No,Yes,Two year,Yes,Electronic check,107.05,2752.69,No
CUST-01134,Male,0,Yes,No,45,Yes,Yes,Fiber optic,No,No,No,No,No,Yes,Two year,Yes,Electronic check,40.99,1610.21,No
CUST-01135,Male,0,No,No,62,Yes,No,No,No internet service,No internet service,No internet service,No internet service,No internet service,No internet service,Month-to-month,No,Mailed check,59.64,3555.23,No
CUST-01136,Male,0,No,No,24,Yes,Yes,Fiber optic,No,No,No,No,Yes,Yes,Month-to-month,Yes,Bank transfer (automatic),89.13,2290.14,No
CUST-01137,Male,0,Yes,No,46,Yes,No,No,No internet service,No internet service,No internet service,No internet service,No internet service,No internet service,Month-to-month,No,Bank transfer (automatic),99.93,4870.69,No
CUST-01138,Female,0,No,No,44,Yes,Yes,No,No internet service,No internet service,No internet service,No internet service,No internet service,No internet service,Month-to-month,Yes,Mailed check,62.31,2798.38,No
CUST-01139,Female,0,No,No,63,Yes,No,DSL,No,No,No,No,No,Yes,Two year,Yes,Credit card (automatic),110.11,6893.91,No
CUST-01140,Male,0,No,No,4,Yes,No,Fiber optic,No,Yes,No,Yes,No,Yes,Two year,Yes,Electronic check,60.17,264.1,No
CUST-01141,Female,0,Yes,No,16,Yes,No,Fiber optic,No,Yes,Yes,No,Yes,No,Two year,No,Mailed check,29.0,531.64,No
CUST-01142,Male,0,Yes,No,51,Yes,Yes,No,No internet service,No internet service,No internet service,No internet service,No internet service,No internet service,Month-to-month,No,Bank transfer (automatic),116.99,6848.58,No
CUST-01143,Female,1,No,Yes,48,Yes,No,DSL,No,Yes,Yes,No,No,No,Month-to-month,No,Electronic check,111.72,4587.04,No
CUST-01144,Male,1,Yes,Yes,65,Yes,Yes,Fiber optic,No,No,Yes,No,Yes,Yes,One year,No,Mailed check,95.94,5504.53,No
CUST-01145,Female,1,Yes,No,69,Yes,Yes,Fiber optic,No,Yes,No,No,Yes,No,One year,Yes,Electronic check,107.93,7134.87,No
CUST-01146,Female,0,Yes,No,45,Yes,Yes,Fiber optic,No,Yes,No,Yes,No,No,Two year,No,Electronic check,83.28,3898.52,No
CUST-01147,Male,0,Yes,Yes,3,Yes,No,DSL,No,No,Yes,No,No,No,Month-to-month,No,Electronic check,58.65,182.76,No
CUST-01148,Female,0,No,No,17,No,No phone service,No,No internet service,No internet service,No internet service,No internet service,No internet service,No internet service,Month-to-month,Yes,Credit card (automatic),55.91,1054.82,No
CUST-01149,Male,1,No,No,37,Yes,No,Fiber optic,No,No,No,No,Yes,Yes,Two year,No,Bank transfer (automatic),49.02,1833.29,No
CUST-01150,Male,0,Yes,No,5,Yes,No,Fiber optic,No,No,No,Yes,No,Yes,One year,Yes,Bank transfer (automatic),87.09,402.34,No
CUST-01151,Male,0,Yes,Yes,47,Yes,Yes,DSL,Yes,Yes,No,Yes,Yes,Yes,Two year,Yes,Electronic check,48.09,2021.56,No
CUST-01152,Male,0,No,No,44,Yes,No,Fiber optic,Yes,No,No,Yes,No,No,Month-to-month,Yes,Mailed check,52.62,2311.94,No
CUST-01153,Female,0,Yes,No,33,Yes,No,No,No internet service,No internet service,No internet service,No internet service,No internet service,No internet service,One year,Yes,Bank transfer (automatic),68.43,2582.82,No
CUST-01154,Female,0,No,No,21,Yes,Yes,DSL,No,Yes,Yes,Yes,No,No,One year,Yes,Bank transfer (automatic),63.07,1362.91,No
CUST-01155,Female,0,No,Yes,67,Yes,Yes,No,No internet service,No internet service,No internet service,No internet service,No internet service,No internet service,Two year,Yes,Mailed check,23.14,1358.55,No
CUST-01156,Male,0,Yes,No,68,Yes,Yes,Fiber optic,No,Yes,Yes,No,No,No,Two year,No,Credit card (automatic),61.47,3611.49,No
CUST-01157,Female,0,No,Yes,32,Yes,No,No,No internet service,No internet service,No internet service,No internet service,No internet service,No internet service,Month-to-month,Yes,Electronic check,67.4,2285.06,No
CUST-01158,Male,1,No,No,24,Yes,Yes,Fiber optic,No,No,Yes,No,No,No,Month-to-month,No,Credit card (automatic),74.26,1890.68,No
CUST-01159,Female,0,Yes,Yes,35,Yes,Yes,DSL,No,No,No,No,No,Yes,Month-to-month,No,Mailed check,105.62,3806.09,No
CUST-01160,Female,0,Yes,No,18,Yes,No,Fiber optic,No,Yes,No,No,Yes,Yes,Two year,No,Bank transfer (automatic),53.22,1017.55,No
CUST-01161,Female,0,No,Yes,67,Yes,Yes,DSL,Yes,No,No,Yes,Yes,No,Month-to-month,No,Mailed check,88.65,5513.82,No
CUST-01162,Male,1,Yes,Yes,54,Yes,Yes,DSL,Yes,No,Yes,No,Yes,No,Two year,Yes,Mailed check,110.41,5896.11,No
CUST-01163,Female,0,No,No,26,Yes,No,Fiber optic,No,Yes,No,No,Yes,No,Month-to-month,No,Electronic check,111.84,2951.81,No
CUST-01164,Female,1,No,No,60,Yes,Yes,DSL,No,No,Yes,No,No,Yes,Month-to-month,No,Mailed check,112.62,5933.19,No
CUST-01165,Male,0,Yes,No,65,Yes,No,No,No internet service,No internet service,No internet service,No internet service,No internet service,No internet service,Month-to-month,No,Electronic check,102.63,7532.26,Yes
CUST-01166,Female,1,Yes,No,51,Yes,No,Fiber optic,No,No,No,No,No,Yes,Two year,Yes,Mailed check,74.13,3996.66,Yes
CUST-01167,Male,1,No,No,60,Yes,Yes,No,No internet service,No internet service,No internet service,No internet service,No internet service,No internet service,One year,Yes,Bank transfer (automatic),89.29,5952.44,No
CUST-01168,Female,0,Yes,Yes,59,Yes,No,Fiber optic,No,No,No,Yes,No,Yes,Month-to-month,Yes,Electronic check,25.17,1318.21,No
CUST-01169,Male,0,No,No,17,Yes,Yes,Fiber optic,No,No,Yes,Yes,No,Yes,Month-to-month,No,Bank transfer (automatic),37.0,621.73,No
CUST-01170,Male,0,No,No,21,Yes,Yes,DSL,No,Yes,No,No,No,No,Month-to-month,No,Mailed check,117.75,2720.49,No
CUST-01171,Female,0,No,No,67,Yes,Yes,Fiber optic,Yes,No,Yes,No,No,No,Month-to-month,No,Credit card (automatic),20.78,1482.1,No
CUST-01172,Male,0,Yes,Yes,28,Yes,Yes,Fiber optic,No,No,Yes,No,No,Yes,Month-to-month,Yes,Electronic check,21.26,609.2,Yes
CUST-01173,Male,0,No,No,44,Yes,No,No,No internet service,No internet service,No internet service,No internet service,No internet service,No internet service,One year,Yes,Electronic check,42.21,1585.64,No
CUST-01174,Male,0,No,Yes,70,Yes,Yes,DSL,No,Yes,No,No,No,No,One year,No,Mailed check,74.93,5317.96,No
CUST-01175,Male,0,No,No,62,Yes,Yes,Fiber optic,No,Yes,No,No,No,No,Month-to-month,No,Mailed check,38.23,2252.88,No
CUST-01176,Male,0,Yes,Yes,42,Yes,No,Fiber optic,No,No,No,No,No,Yes,Two year,No,Mailed check,28.54,1033.64,No
CUST-01177,Male,0,No,Yes,22,Yes,Yes,Fiber optic,No,No,No,No,Yes,Yes,Month-to-month,Yes,Mailed check,32.93,676.25,No
CUST-01178,Female,0,No,No,38,Yes,Yes,DSL,No,No,No,No,Yes,No,Two year,No,Credit card (automatic),64.76,2668.59,No
CUST-01179,Male,0,Yes,No,14,Yes,No,Fiber optic,No,No,Yes,Yes,No,No,One year,Yes,Electronic check,71.45,1144.75,No
CUST-01180,Male,0,No,No,26,Yes,No,No,No internet service,No internet service,No internet service,No internet service,No internet service,No internet service,Two year,No,Credit card (automatic),43.5,1100.96,No
CUST-01181,Female,0,Yes,Yes,40,Yes,Yes,No,No internet service,No internet service,No internet service,No internet service,No internet service,No internet service,One year,No,Bank transfer (automatic),114.11,4011.58,Yes
CUST-01182,Female,1,Yes,Yes,54,Yes,Yes,Fiber optic,No,Yes,Yes,No,Yes,No,Month-to-month,No,Bank transfer (automatic),99.65,6052.85,No
CUST-01183,Female,0,No,No,13,Yes,Yes,No,No internet service,No internet service,No internet service,No internet service,No internet service,No internet service,Month-to-month,Yes,Credit card (automatic),65.51,741.26,No
CUST-01184,Female,0,Yes,No,19,Yes,Yes,No,No internet service,No internet service,No internet service,No internet service,No internet service,No internet service,Month-to-month,No,Mailed check,34.97,628.66,Yes
CUST-01185,Female,0,No,Yes,42,Yes,Yes,Fiber optic,Yes,No,No,No,No,Yes,Two year,No,Credit card (automatic),107.82,4071.78,No
CUST-01186,Female,0,No,No,41,Yes,Yes,Fiber optic,No,No,Yes,No,Yes,No,One year,Yes,Mailed check,33.77,1281.6,No
CUST-01187,Female,1,Yes,Yes,50,Yes,Yes,Fiber optic,No,No,Yes,Yes,No,No,Two year,No,Bank transfer (automatic),86.96,4547.81,No
CUST-01188,Male,1,Yes,No,3,Yes,Yes,DSL,No,Yes,No,No,Yes,Yes,Month-to-month,Yes,Electronic check,81.09,209.96,Yes
CUST-01189,Male,0,No,Yes,31,Yes,Yes,Fiber optic,No,No,No,Yes,No,Yes,Month-to-month,No,Credit card (automatic),106.83,3194.0,Yes
CUST-01190,Female,0,No,Yes,15,Yes,No,Fiber optic,Yes,No,No,No,No,Yes,Month-to-month,No,Electronic check,50.22,641.37,Yes
CUST-01191,Male,0,No,Yes,54,Yes,Yes,DSL,No,No,Yes,No,Yes,Yes,Month-to-month,Yes,Credit card (automatic),43.14,2269.86,No
CUST-01192,Male,0,No,Yes,53,Yes,Yes,No,No internet service,No internet service,No internet service,No internet service,No internet service,No internet service,Two year,No,Electronic check,60.9,3192.03,No
CUST-01193,Male,1,Yes,Yes,45,Yes,Yes,DSL,Yes,Yes,Yes,Yes,Yes,Yes,Month-to-month,Yes,Electronic check,106.91,5290.45,No
CUST-01194,Female,0,Yes,No,38,Yes,Yes,DSL,Yes,Yes,No,No,Yes,Yes,Month-to-month,Yes,Bank transfer (automatic),31.93,1215.79,No
CUST-01195,Female,0,No,Yes,50,Yes,No,Fiber optic,No,Yes,No,No,Yes,Yes,Month-to-month,Yes,Electronic check,113.45,5090.4,Yes
CUST-01196,Male,0,No,Yes,24,No,No phone service,Fiber optic,No,No,No,No,No,No,Two year,No,Mailed check,84.73,2095.51,Yes
CUST-01197,Female,1,Yes,Yes,17,No,No phone service,DSL,Yes,No,No,No,Yes,No,Month-to-month,No,Mailed check,25.78,405.53,No
CUST-01198,Male,0,No,No,18,Yes,Yes,DSL,No,Yes,No,No,No,No,One year,Yes,Mailed check,79.04,1427.25,No
CUST-01199,Male,0,No,No,42,Yes,No,DSL,Yes,No,No,No,No,Yes,Month-to-month,No,Credit card (automatic),71.55,2796.65,Yes
CUST-01200,Male,0,No,No,17,Yes,Yes,DSL,No,Yes,Yes,Yes,Yes,No,Month-to-month,No,Mailed check,81.5,1280.35,Yes
CUST-01201,Male,0,Yes,No,16,Yes,No,DSL,No,Yes,Yes,Yes,Yes,No,Month-to-month,No,Bank transfer (automatic),67.95,1182.18,No
CUST-01202,Female,0,No,Yes,52,Yes,Yes,Fiber optic,No,No,No,No,No,Yes,Two year,Yes,Credit card (automatic),98.42,5129.33,No
CUST-01203,Female,1,No,Yes,36,Yes,No,DSL,Yes,Yes,No,No,No,Yes,One year,Yes,Bank transfer (automatic),102.5,3996.64,No
CUST-01204,Female,0,No,No,39,Yes,Yes,DSL,No,Yes,No,No,No,Yes,Month-to-month,Yes,Bank transfer (automatic),74.37,2841.7,No
CUST-01205,Male,0,No,No,25,Yes,Yes,Fiber optic,No,Yes,No,Yes,Yes,Yes,Month-to-month,Yes,Mailed check,27.63,649.73,Yes
CUST-01206,Female,0,No,No,42,Yes,Yes,Fiber optic,No,No,No,No,No,Yes,Month-to-month,No,Credit card (automatic),68.66,2911.9,Yes
CUST-01207,Male,0,No,No,21,Yes,No,Fiber optic,No,No,No,Yes,Yes,No,Month-to-month,No,Bank transfer (automatic),27.79,641.22,No
CUST-01208,Female,0,No,No,68,No,No phone service,DSL,Yes,No,Yes,Yes,Yes,Yes,One year,Yes,Credit card (automatic),20.52,1230.8,No
CUST-01209,Male,0,Yes,No,59,Yes,No,DSL,No,No,No,No,Yes,No,Month-to-month,Yes,Electronic check,61.54,4144.42,No
CUST-01210,Male,0,Yes,Yes,30,Yes,Yes,No,No internet service,No internet service,No internet service,No internet service,No internet service,No internet service,Month-to-month,Yes,Electronic check,115.72,3485.44,Yes
CUST-01211,Male,1,No,Yes,57,Yes,No,Fiber optic,Yes,No,No,Yes,No,No,Month-to-month,No,Mailed check,35.39,1995.44,No
CUST-01212,Female,0,Yes,No,33,Yes,Yes,No,No internet service,No internet service,No internet service,No internet service,No internet service,No internet service,Month-to-month,No,Bank transfer (automatic),99.04,3728.91,No
CUST-01213,Female,0,Yes,Yes,53,Yes,No,Fiber optic,No,No,No,Yes,Yes,Yes,Month-to-month,No,Credit card (automatic),19.26,975.79,No
CUST-01214,Female,0,Yes,No,16,Yes,Yes,Fiber optic,No,Yes,No,No,No,No,Month-to-month,Yes,Credit card (automatic),27.48,427.61,No
CUST-01215,Female,0,Yes,No,49,Yes,No,No,No internet service,No internet service,No internet service,No internet service,No internet service,No internet service,Month-to-month,Yes,Electronic check,102.5,4472.23,Yes
CUST-01216,Male,0,Yes,No,5,Yes,No,No,No internet service,No internet service,No internet service,No internet service,No internet service,No internet service,Month-to-month,No,Bank transfer (automatic),56.5,315.27,No
CUST-01217,Female,0,Yes,Yes,60,Yes,No,Fiber optic,No,No,Yes,No,No,No,Month-to-month,Yes,Electronic check,115.59,7934.63,No
CUST-01218,Female,0,No,No,71,Yes,No,DSL,No,No,No,Yes,Yes,No,Month-to-month,Yes,Mailed check,24.46,1558.27,No
CUST-01219,Male,0,No,No,55,Yes,Yes,Fiber optic,No,No,No,No,Yes,No,Month-to-month,Yes,Electronic check,51.91,3239.79,No
CUST-01220,Male,0,No,No,35,Yes,No,Fiber optic,No,No,Yes,No,No,No,One year,No,Electronic check,76.84,2292.62,Yes
CUST-01221,Male,0,Yes,Yes,69,Yes,No,No,No internet service,No internet service,No internet service,No internet service,No internet service,No internet service,Two year,No,Electronic check,87.19,6443.67,No
CUST-01222,Female,1,No,Yes,42,Yes,Yes,Fiber optic,Yes,No,No,No,Yes,No,One year,No,Electronic check,69.14,3033.42,No
CUST-01223,Male,0,No,No,69,Yes,No,DSL,No,No,No,Yes,No,Yes,Month-to-month,No,Electronic check,102.97,6171.63,No
CUST-01224,Male,0,No,No,24,Yes,No,Fiber optic,No,No,No,No,No,No,Month-to-month,Yes,Credit card (automatic),84.88,1756.3,Yes
CUST-01225,Male,0,Yes,No,71,Yes,Yes,DSL,Yes,No,Yes,No,Yes,No,Two year,No,Bank transfer (automatic),112.46,6925.1,No
CUST-01226,Female,0,Yes,No,71,Yes,No,Fiber optic,No,No,No,No,No,No,Month-to-month,No,Electronic check,96.74,7568.41,Yes
CUST-01227,Male,0,No,No,55,Yes,No,Fiber optic,Yes,Yes,No,No,Yes,Yes,Two year,Yes,Mailed check,115.32,6417.34,No
CUST-01228,Female,0,No,No,14,Yes,No,DSL,No,No,Yes,No,Yes,No,One year,No,Electronic check,92.32,1402.79,No
CUST-01229,Female,0,No,Yes,55,Yes,Yes,No,No internet service,No internet service,No internet service,No internet service,No internet service,No internet service,One year,No,Bank transfer (automatic),42.33,2548.35,No
CUST-01230,Male,0,No,No,15,Yes,Yes,Fiber optic,No,No,No,No,Yes,No,Month-to-month,Yes,Credit card (automatic),70.35,1114.22,No
CUST-01231,Male,0,Yes,Yes,5,Yes,Yes,No,No internet service,No internet service,No internet service,No internet service,No internet service,No internet service,Two year,Yes,Mailed check,53.12,301.43,No
CUST-01232,Female,0,No,Yes,4,No,No phone service,Fiber optic,Yes,Yes,No,No,No,No,Month-to-month,Yes,Credit card (automatic),64.89,223.29,No
CUST-01233,Male,1,Yes,Yes,30,Yes,No,No,No internet service,No internet service,No internet service,No internet service,No internet service,No internet service,Month-to-month,Yes,Electronic check,67.06,1859.71,Yes
CUST-01234,Male,0,No,No,53,Yes,No,Fiber optic,Yes,No,Yes,No,No,Yes,One year,Yes,Bank transfer (automatic),113.82,5950.6,No
CUST-01235,Female,0,No,Yes,30,Yes,Yes,No,No internet service,No internet service,No internet service,No internet service,No internet service,No internet service,Month-to-month,Yes,Mailed check,92.69,3014.07,Yes
CUST-01236,Female,0,No,Yes,61,Yes,No,Fiber optic,Yes,No,No,No,Yes,No,Month-to-month,Yes,Credit card (automatic),94.94,5546.96,No
CUST-01237,Male,0,Yes,No,71,Yes,Yes,DSL,Yes,Yes,Yes,No,No,No,Month-to-month,Yes,Electronic check,109.04,7516.56,No
CUST-01238,Female,0,Yes,Yes,68,Yes,No,DSL,No,Yes,Yes,No,Yes,No,Month-to-month,Yes,Electronic check,19.13,1374.13,No
CUST-01239,Male,0,No,No,55,Yes,No,No,No internet service,No internet service,No internet service,No internet service,No internet service,No internet service,One year,Yes,Mailed check,92.55,4819.36,No
CUST-01240,Male,0,No,No,71,Yes,No,Fiber optic,No,No,Yes,No,No,Yes,Month-to-month,Yes,Bank transfer (automatic),93.06,7518.44,No
CUST-01241,Male,0,No,No,42,Yes,No,DSL,No,No,Yes,Yes,No,No,Two year,No,Electronic check,67.28,2693.7,No
CUST-01242,Female,0,No,Yes,29,Yes,Yes,Fiber optic,Yes,Yes,No,No,Yes,No,Two year,Yes,Credit card (automatic),48.78,1438.97,No
CUST-01243,Male,0,Yes,Yes,35,Yes,No,DSL,No,Yes,No,No,Yes,Yes,Month-to-month,No,Mailed check,23.38,703.3,Yes
CUST-01244,Male,1,No,No,45,Yes,Yes,No,No internet service,No internet service,No internet service,No internet service,No internet service,No internet service,Month-to-month,Yes,Mailed check,115.6,4968.31,No
CUST-01245,Male,0,No,No,29,Yes,No,Fiber optic,No,Yes,Yes,Yes,Yes,Yes,Month-to-month,Yes,Mailed check,67.79,1702.93,No
CUST-01246,Female,1,No,Yes,70,Yes,No,DSL,No,Yes,Yes,Yes,No,Yes,Month-to-month,Yes,Mailed check,30.0,2334.41,No
CUST-01247,Female,0,Yes,No,3,Yes,No,DSL,No,No,No,No,No,No,Month-to-month,Yes,Mailed check,85.39,280.93,Yes
CUST-01248,Female,0,No,No,57,Yes,No,Fiber optic,Yes,No,No,Yes,No,Yes,Month-to-month,No,Electronic check,96.77,5119.21,No
CUST-01249,Female,1,Yes,Yes,66,Yes,Yes,No,No internet service,No internet service,No internet service,No internet service,No internet service,No internet service,Month-to-month,No,Electronic check,110.75,8396.62,Yes
CUST-01250,Female,0,No,No,22,Yes,No,Fiber optic,No,Yes,Yes,No,No,Yes,Month-to-month,No,Mailed check,67.16,1476.7,No
CUST-01251,Male,1,No,Yes,27,Yes,No,Fiber optic,Yes,Yes,No,No,No,No,Month-to-month,No,Bank transfer (automatic),99.57,2441.46,No
CUST-01252,Female,0,Yes,No,22,Yes,Yes,Fiber optic,No,No,No,No,Yes,No,Month-to-month,Yes,Mailed check,104.26,2145.85,No
CUST-01253,Female,0,Yes,No,49,Yes,No,Fiber optic,No,No,Yes,No,Yes,Yes,Two year,Yes,Electronic check,39.69,1835.14,No
CUST-01254,Female,1,No,Yes,24,Yes,Yes,No,No internet service,No internet service,No internet service,No internet service,No internet service,No internet service,Month-to-month,No,Mailed check,60.46,1300.62,No
CUST-01255,Male,0,No,No,27,Yes,No,Fiber optic,No,No,Yes,No,No,No,Month-to-month,Yes,Mailed check,78.95,2152.83,No
CUST-01256,Female,1,Yes,No,36,Yes,No,DSL,Yes,No,No,No,No,No,Two year,No,Electronic check,72.32,2377.81,No
CUST-01257,Female,1,Yes,No,17,Yes,No,DSL,Yes,No,No,No,No,Yes,Two year,No,Mailed check,118.23,1759.78,No
CUST-01258,Male,0,No,No,56,Yes,Yes,Fiber optic,No,Yes,No,Yes,No,No,One year,Yes,Bank transfer (automatic),55.71,3586.11,No
CUST-01259,Female,0,No,No,10,Yes,Yes,Fiber optic,No,No,Yes,No,No,Yes,Month-to-month,Yes,Electronic check,105.41,1130.04,Yes
CUST-01260,Male,0,Yes,No,54,Yes,No,Fiber optic,No,No,Yes,Yes,No,Yes,Month-to-month,Yes,Electronic check,37.8,2286.07,No
CUST-01261,Male,0,No,Yes,38,Yes,No,Fiber optic,No,Yes,Yes,No,No,No,Month-to-month,No,Bank transfer (automatic),109.53,3598.09,No
CUST-01262,Male,0,Yes,Yes,4,Yes,No,Fiber optic,Yes,Yes,Yes,No,No,Yes,Month-to-month,Yes,Bank transfer (automatic),19.6,74.51,No
CUST-01263,Male,0,Yes,No,50,Yes,Yes,DSL,No,Yes,Yes,No,No,No,Month-to-month,No,Bank transfer (automatic),91.61,4251.25,No
CUST-01264,Male,0,Yes,No,61,Yes,No,Fiber optic,No,No,Yes,No,No,No,Month-to-month,No,Mailed check,65.17,4436.13,No
CUST-01265,Female,0,No,Yes,21,Yes,Yes,Fiber optic,No,Yes,No,No,Yes,No,One year,Yes,Electronic check,19.08,453.06,No
CUST-01266,Male,1,Yes,No,36,No,No phone service,No,No internet service,No internet service,No internet service,No internet service,No internet service,No internet service,One year,Yes,Electronic check,108.13,3811.3,No
CUST-01267,Male,0,No,No,46,Yes,No,DSL,Yes,Yes,Yes,No,Yes,No,One year,No,Electronic check,85.11,3877.48,No
CUST-01268,Female,0,Yes,No,71,No,No phone service,DSL,No,No,No,Yes,Yes,No,Month-to-month,No,Electronic check,91.22,7418.61,Yes
CUST-01269,Male,0,No,Yes,44,Yes,Yes,DSL,No,No,Yes,No,No,No,Two year,Yes,Mailed check,79.75,3450.06,No
CUST-01270,Female,0,No,No,64,Yes,No,DSL,Yes,Yes,No,No,Yes,Yes,Month-to-month,No,Bank transfer (automatic),110.44,6995.47,Yes
CUST-01271,Female,0,No,No,18,No,No phone service,Fiber optic,Yes,Yes,Yes,No,Yes,Yes,Month-to-month,Yes,Bank transfer (automatic),100.35,1984.35,No
CUST-01272,Female,0,No,No,13,No,No phone service,Fiber optic,No,No,No,Yes,Yes,Yes,Month-to-month,Yes,Bank transfer (automatic),48.01,683.11,Yes
CUST-01273,Male,1,No,Yes,13,Yes,No,Fiber optic,No,Yes,Yes,No,No,Yes,One year,Yes,Credit card (automatic),52.45,608.32,No
CUST-01274,Male,0,No,No,25,Yes,No,Fiber optic,Yes,No,No,No,No,No,Month-to-month,No,Credit card (automatic),31.04,824.84,No
CUST-01275,Male,0,Yes,No,5,Yes,Yes,DSL,No,No,No,Yes,Yes,No,Month-to-month,Yes,Electronic check,23.06,120.05,No
CUST-01276,Female,1,Yes,No,39,Yes,No,Fiber optic,Yes,Yes,No,Yes,No,Yes,One year,Yes,Electronic check,96.62,4064.11,No
CUST-01277,Male,1,No,Yes,29,Yes,No,DSL,Yes,No,No,No,No,Yes,Two year,Yes,Bank transfer (automatic),51.42,1511.79,No
CUST-01278,Male,0,Yes,No,57,Yes,Yes,DSL,Yes,Yes,No,No,Yes,Yes,Month-to-month,Yes,Credit card (automatic),72.59,4741.2,No
CUST-01279,Male,0,Yes,Yes,46,Yes,Yes,No,No internet service,No internet service,No internet service,No internet service,No internet service,No internet service,Two year,Yes,Mailed check,89.14,4278.06,No
CUST-01280,Female,0,No,Yes,33,Yes,Yes,DSL,No,No,No,No,No,Yes,Two year,Yes,Electronic check,90.27,2879.2,Yes
CUST-01281,Female,0,Yes,Yes,10,No,No phone service,DSL,No,No,No,Yes,Yes,No,Month-to-month,Yes,Bank transfer (automatic),105.28,1133.73,No
CUST-01282,Male,0,No,Yes,58,Yes,Yes,Fiber optic,Yes,Yes,No,No,No,Yes,One year,No,Mailed check,99.88,4949.0,No
CUST-01283,Male,0,Yes,No,25,Yes,No,Fiber optic,Yes,No,No,No,No,Yes,Two year,Yes,Electronic check,87.81,2080.8,No
CUST-01284,Male,1,No,Yes,39,Yes,No,DSL,No,No,No,Yes,No,No,One year,Yes,Bank transfer (automatic),38.82,1505.64,No
CUST-01285,Male,0,No,No,16,Yes,No,DSL,No,Yes,Yes,No,No,Yes,Month-to-month,Yes,Mailed check,102.06,1608.51,No
CUST-01286,Female,0,No,No,60,Yes,No,Fiber optic,Yes,No,No,No,Yes,No,One year,Yes,Bank transfer (automatic),29.27,1580.17,No
CUST-01287,Female,0,Yes,No,28,Yes,No,No,No internet service,No internet service,No internet service,No internet service,No internet service,No internet service,One year,Yes,Bank transfer (automatic),41.56,1073.38,No
CUST-01288,Female,0,No,No,44,Yes,No,No,No internet service,No internet service,No internet service,No internet service,No internet service,No internet service,Month-to-month,No,Credit card (automatic),51.82,2585.04,No
CUST-01289,Female,0,No,No,58,Yes,Yes,No,No internet service,No internet service,No internet service,No internet service,No internet service,No internet service,Month-to-month,Yes,Bank transfer (automatic),75.05,4867.71,Yes
CUST-01290,Male,0,No,No,32,Yes,No,Fiber optic,Yes,No,No,No,Yes,No,Month-to-month,No,Credit card (automatic),113.12,3245.41,No
CUST-01291,Male,0,No,No,63,Yes,Yes,DSL,Yes,Yes,No,Yes,No,No,One year,Yes,Mailed check,75.96,4618.74,No
CUST-01292,Male,0,Yes,No,45,Yes,No,DSL,No,No,Yes,No,No,No,Month-to-month,No,Mailed check,83.96,3422.68,No
CUST-01293,Female,0,No,No,53,Yes,Yes,DSL,No,No,No,Yes,No,No,Month-to-month,Yes,Electronic check,77.27,4417.62,No
CUST-01294,Male,0,No,No,61,Yes,No,DSL,Yes,No,No,No,Yes,Yes,Two year,Yes,Electronic check,26.8,1506.23,No
CUST-01295,Female,0,Yes,No,50,Yes,No,Fiber optic,Yes,No,No,No,Yes,No,Two year,No,Bank transfer (automatic),48.52,2121.75,No
CUST-01296,Female,0,No,No,27,Yes,Yes,Fiber optic,No,No,No,No,No,No,Two year,Yes,Electronic check,111.25,3338.06,No
CUST-01297,Male,0,No,Yes,26,Yes,Yes,DSL,No,No,No,No,Yes,Yes,One year,Yes,Bank transfer (automatic),42.07,1171.1,Yes
CUST-01298,Male,1,No,Yes,3,No,No phone service,Fiber optic,Yes,No,Yes,No,No,No,Month-to-month,No,Bank transfer (automatic),59.79,194.52,Yes
CUST-01299,Male,0,Yes,No,39,Yes,No,DSL,No,Yes,No,Yes,Yes,No,One year,Yes,Electronic check,76.73,3240.47,No
CUST-01300,Female,0,No,Yes,65,Yes,No,Fiber optic,No,No,No,Yes,Yes,No,Month-to-month,No,Mailed check,94.05,6121.86,No
CUST-01301,Male,1,No,No,35,Yes,No,Fiber optic,No,No,No,No,No,No,Month-to-month,No,Credit card (automatic),75.03,2781.08,No
CUST-01302,Female,1,No,Yes,53,No,No phone service,DSL,No,Yes,Yes,No,Yes,No,Two year,Yes,Credit card (automatic),62.9,3498.08,No
CUST-01303,Male,0,No,No,46,Yes,Yes,Fiber optic,No,No,No,No,No,No,Month-to-month,Yes,Mailed check,88.48,4642.09,No
CUST-01304,Female,0,No,No,68,Yes,No,No,No internet service,No internet service,No internet service,No internet service,No internet service,No internet service,Month-to-month,Yes,Bank transfer (automatic),79.57,4625.06,No
CUST-01305,Female,0,No,Yes,22,Yes,Yes,Fiber optic,No,Yes,Yes,No,Yes,Yes,Month-to-month,Yes,Electronic check,69.43,1576.13,Yes
CUST-01306,Male,0,No,No,60,Yes,No,Fiber optic,No,No,Yes,No,No,Yes,Month-to-month,No,Electronic check,77.47,4040.0,No
CUST-01307,Female,0,Yes,No,6,Yes,No,Fiber optic,No,No,Yes,Yes,Yes,No,Month-to-month,No,Credit card (automatic),59.13,392.23,No
CUST-01308,Female,0,Yes,No,52,Yes,No,No,No internet service,No internet service,No internet service,No internet service,No internet service,No internet service,Month-to-month,Yes,Mailed check,69.75,3320.62,No
CUST-01309,Male,0,Yes,No,29,Yes,Yes,DSL,Yes,Yes,No,No,No,No,Month-to-month,Yes,Electronic check,63.37,1722.75,No
CUST-01310,Female,0,Yes,Yes,43,Yes,Yes,No,No internet service,No internet service,No internet service,No internet service,No internet service,No internet service,Month-to-month,No,Electronic check,118.55,4591.47,Yes
CUST-01311,Male,0,Yes,No,34,Yes,No,Fiber optic,No,No,No,Yes,No,Yes,Month-to-month,Yes,Credit card (automatic),23.85,831.28,No
CUST-01312,Female,0,Yes,Yes,31,Yes,Yes,No,No internet service,No internet service,No internet service,No internet service,No internet service,No internet service,Two year,No,Credit card (automatic),84.43,2891.55,No
CUST-01313,Male,0,No,No,46,Yes,No,No,No internet service,No internet service,No internet service,No internet service,No internet service,No internet service,Month-to-month,No,Bank transfer (automatic),42.6,1871.39,No
CUST-01314,Male,0,Yes,No,4,Yes,No,Fiber optic,Yes,Yes,Yes,No,No,Yes,Month-to-month,Yes,Electronic check,55.72,192.05,Yes
CUST-01315,Female,0,Yes,No,2,Yes,Yes,DSL,Yes,Yes,Yes,No,No,No,Month-to-month,No,Bank transfer (automatic),37.31,71.24,No
CUST-01316,Female,0,Yes,No,5,Yes,Yes,Fiber optic,Yes,Yes,No,Yes,Yes,No,One year,Yes,Credit card (automatic),93.83,523.48,No
CUST-01317,Female,0,No,No,46,Yes,Yes,No,No internet service,No internet service,No internet service,No internet service,No internet service,No internet service,Two year,Yes,Credit card (automatic),47.12,2248.53,No
CUST-01318,Female,1,Yes,Yes,19,No,No phone service,Fiber optic,Yes,Yes,No,No,No,Yes,Month-to-month,Yes,Mailed check,84.0,1608.35,No
CUST-01319,Female,0,Yes,No,38,Yes,No,No,No internet service,No internet service,No internet service,No internet service,No internet service,No internet service,Month-to-month,No,Electronic check,75.38,2559.27,Yes
CUST-01320,Male,0,Yes,No,59,Yes,Yes,Fiber optic,No,Yes,Yes,No,No,No,Two year,Yes,Credit card (automatic),61.32,3685.59,No
CUST-01321,Female,1,No,Yes,72,Yes,Yes,No,No internet service,No internet service,No internet service,No internet service,No internet service,No internet service,Month-to-month,Yes,Credit card (automatic),52.51,3589.81,No
CUST-01322,Male,0,No,No,20,Yes,No,Fiber optic,No,No,No,No,Yes,No,Month-to-month,No,Mailed check,88.55,1954.66,Yes
CUST-01323,Male,0,No,No,68,Yes,No,Fiber optic,No,No,No,No,No,Yes,One year,No,Bank transfer (automatic),72.26,4845.48,No
CUST-01324,Female,1,Yes,Yes,53,Yes,No,Fiber optic,No,Yes,Yes,No,No,No,One year,Yes,Mailed check,22.98,1206.56,No
CUST-01325,Male,0,No,No,55,Yes,No,DSL,Yes,No,No,Yes,No,No,One year,Yes,Mailed check,92.53,5631.29,No
CUST-01326,Male,0,No,No,39,Yes,No,Fiber optic,Yes,No,Yes,No,Yes,No,Month-to-month,No,Electronic check,94.3,3771.65,Yes
CUST-01327,Male,0,Yes,Yes,36,No,No phone service,Fiber optic,Yes,No,No,No,Yes,Yes,One year,No,Electronic check,60.32,1898.65,No
CUST-01328,Male,0,Yes,No,58,Yes,No,DSL,Yes,Yes,No,No,No,Yes,One year,No,Credit card (automatic),20.22,1047.54,No
CUST-01329,Female,0,Yes,No,15,Yes,Yes,Fiber optic,No,No,No,No,No,No,Month-to-month,Yes,Electronic check,37.44,618.59,No
CUST-01330,Male,0,No,No,1,Yes,No,Fiber optic,No,No,No,No,Yes,No,One year,No,Electronic check,75.95,80.71,No
CUST-01331,Female,0,Yes,No,9,No,No phone service,DSL,No,No,No,No,No,No,Month-to-month,Yes,Electronic check,94.26,874.36,Yes
CUST-01332,Female,0,Yes,No,23,Yes,No,Fiber optic,No,No,No,Yes,Yes,Yes,Month-to-month,Yes,Electronic check,26.8,696.03,Yes
CUST-01333,Male,0,No,No,52,Yes,Yes,Fiber optic,No,No,Yes,No,No,No,Month-to-month,Yes,Electronic check,85.87,4832.28,No
CUST-01334,Female,0,No,Yes,26,Yes,Yes,No,No internet service,No internet service,No internet service,No internet service,No internet service,No internet service,Month-to-month,Yes,Mailed check,68.63,1932.96,No
CUST-01335,Female,0,No,No,60,Yes,No,DSL,No,Yes,No,No,Yes,No,One year,No,Electronic check,41.82,2786.35,No
CUST-01336,Female,0,No,Yes,18,Yes,No,Fiber optic,No,No,Yes,Yes,No,No,Month-to-month,Yes,Electronic check,67.1,1239.63,No
CUST-01337,Male,0,No,No,58,Yes,Yes,DSL,Yes,No,No,Yes,No,No,One year,No,Mailed check,24.64,1537.27,No
CUST-01338,Female,0,No,No,65,Yes,No,DSL,Yes,No,Yes,Yes,Yes,No,Month-to-month,Yes,Bank transfer (automatic),84.5,4747.54,No
CUST-01339,Female,0,Yes,Yes,69,Yes,Yes,Fiber optic,No,No,No,No,No,No,Month-to-month,Yes,Electronic check,30.89,2254.95,No
CUST-01340,Female,0,Yes,No,14,Yes,No,DSL,No,Yes,Yes,No,No,No,Month-to-month,No,Mailed check,20.57,319.95,No
CUST-01341,Male,1,No,No,46,Yes,No,DSL,Yes,No,No,Yes,Yes,Yes,Month-to-month,Yes,Mailed check,20.93,1087.83,No
CUST-01342,Female,0,No,Yes,69,Yes,No,Fiber optic,No,Yes,No,No,Yes,No,Month-to-month,Yes,Mailed check,89.72,5516.32,No
CUST-01343,Male,0,No,Yes,32,Yes,No,Fiber optic,Yes,No,No,No,Yes,No,One year,Yes,Bank transfer (automatic),42.76,1573.07,Yes
CUST-01344,Male,0,Yes,No,51,Yes,No,Fiber optic,No,No,No,No,No,No,Month-to-month,Yes,Bank transfer (automatic),71.54,3797.35,No
CUST-01345,Male,1,Yes,Yes,69,Yes,Yes,No,No internet service,No internet service,No internet service,No internet service,No internet service,No internet service,One year,No,Mailed check,22.86,1469.19,No
CUST-01346,Male,0,Yes,No,15,Yes,Yes,DSL,No,No,No,No,No,No,One year,Yes,Electronic check,22.73,318.96,No
CUST-01347,Male,0,No,No,53,Yes,Yes,Fiber optic,No,No,Yes,Yes,No,Yes,Month-to-month,Yes,Bank transfer (automatic),103.5,5851.21,No
CUST-01348,Male,0,No,No,71,Yes,No,Fiber optic,No,Yes,No,No,No,No,Two year,Yes,Electronic check,89.35,5942.67,No
CUST-01349,Female,0,No,Yes,69,No,No phone service,No,No internet service,No internet service,No internet service,No internet service,No internet service,No internet service,Month-to-month,No,Mailed check,29.35,1974.65,No
CUST-01350,Male,0,No,No,15,Yes,No,Fiber optic,Yes,No,Yes,No,No,No,Month-to-month,No,Electronic check,73.31,1218.0,Yes
CUST-01351,Female,0,Yes,Yes,30,Yes,Yes,Fiber optic,No,Yes,No,No,Yes,Yes,Two year,Yes,Electronic check,33.61,950.82,No
CUST-01352,Female,1,Yes,No,24,Yes,No,Fiber optic,No,No,No,No,Yes,No,Month-to-month,No,Bank transfer (automatic),96.54,2611.9,Yes
CUST-01353,Male,0,Yes,No,35,Yes,No,Fiber optic,No,Yes,No,No,No,No,Month-to-month,Yes,Bank transfer (automatic),85.41,3131.4,No
CUST-01354,Female,0,No,No,69,Yes,No,Fiber optic,No,No,Yes,No,Yes,Yes,Month-to-month,Yes,Electronic check,113.36,7036.16,Yes
CUST-01355,Female,1,Yes,No,12,Yes,No,Fiber optic,No,No,Yes,No,Yes,No,One year,No,Bank transfer (automatic),74.98,831.35,No
CUST-01356,Female,0,No,No,46,Yes,No,DSL,No,No,Yes,No,No,Yes,Month-to-month,Yes,Electronic check,57.68,2556.09,Yes
CUST-01357,Female,0,No,No,69,Yes,No,DSL,Yes,No,No,No,No,No,Month-to-month,No,Mailed check,88.17,6818.46,No
CUST-01358,Male,0,Yes,Yes,36,Yes,No,DSL,No,No,No,No,Yes,Yes,Month-to-month,Yes,Credit card (automatic),78.0,2862.93,No
CUST-01359,Female,0,Yes,No,48,No,No phone service,No,No internet service,No internet service,No internet service,No internet service,No internet service,No internet service,One year,Yes,Electronic check,59.37,2461.1,No
CUST-01360,Male,0,Yes,Yes,67,Yes,No,No,No internet service,No internet service,No internet service,No internet service,No internet service,No internet service,Two year,Yes,Credit card (automatic),60.46,4264.89,No
CUST-01361,Female,0,No,No,54,Yes,Yes,Fiber optic,Yes,No,No,No,No,No,Two year,Yes,Bank transfer (automatic),33.29,1635.43,No
CUST-01362,Female,0,Yes,No,36,Yes,Yes,DSL,No,No,Yes,Yes,No,No,Two year,Yes,Bank transfer (automatic),66.22,2120.23,No
CUST-01363,Male,0,Yes,No,52,Yes,No,DSL,Yes,No,Yes,No,No,No,Month-to-month,Yes,Electronic check,33.77,1683.37,No
CUST-01364,Female,0,No,No,22,Yes,No,Fiber optic,No,No,Yes,No,Yes,No,One year,Yes,Electronic check,35.6,857.79,No
CUST-01365,Female,0,No,Yes,38,Yes,No,Fiber optic,No,No,No,No,Yes,Yes,Two year,No,Credit card (automatic),33.9,1477.73,No
CUST-01366,Female,0,No,No,62,No,No phone service,DSL,No,Yes,No,Yes,Yes,Yes,Two year,Yes,Electronic check,66.56,4684.09,No
CUST-01367,Male,0,No,Yes,65,Yes,Yes,No,No internet service,No internet service,No internet service,No internet service,No internet service,No internet service,Month-to-month,Yes,Electronic check,67.28,3851.6,Yes
CUST-01368,Female,0,No,Yes,3,Yes,No,Fiber optic,No,No,Yes,No,No,Yes,Month-to-month,Yes,Bank transfer (automatic),24.65,73.52,No
CUST-01369,Male,0,No,Yes,8,Yes,Yes,DSL,No,Yes,No,Yes,No,Yes,Month-to-month,Yes,Bank transfer (automatic),83.59,638.71,No
CUST-01370,Female,1,Yes,No,39,Yes,Yes,DSL,No,No,No,No,No,No,Month-to-month,Yes,Mailed check,34.62,1201.7,Yes
CUST-01371,Male,0,Yes,No,18,Yes,No,Fiber optic,Yes,Yes,No,No,No,No,Two year,Yes,Credit card (automatic),64.73,1055.36,No
CUST-01372,Male,0,No,No,3,Yes,Yes,DSL,No,No,No,No,No,Yes,One year,No,Credit card (automatic),79.39,240.78,Yes
CUST-01373,Female,0,No,Yes,18,Yes,No,Fiber optic,No,No,Yes,No,No,Yes,One year,No,Credit card (automatic),23.75,394.45,No
CUST-01374,Female,0,No,No,1,Yes,No,Fiber optic,Yes,No,Yes,No,Yes,No,Two year,Yes,Electronic check,74.15,68.56,No
CUST-01375,Male,0,No,No,26,Yes,Yes,No,No internet service,No internet service,No internet service,No internet service,No internet service,No internet service,Two year,No,Electronic check,110.41,2967.07,No
CUST-01376,Male,0,No,No,52,Yes,Yes,Fiber optic,No,No,No,No,No,No,Month-to-month,Yes,Electronic check,31.86,1489.44,No
CUST-01377,Female,0,Yes,Yes,12,Yes,No,Fiber optic,No,Yes,No,No,Yes,Yes,Month-to-month,Yes,Electronic check,110.47,1282.47,No
CUST-01378,Male,0,Yes,No,38,No,No phone service,No,No internet service,No internet service,No internet service,No internet service,No internet service,No internet service,Month-to-month,Yes,Credit card (automatic),100.37,3500.84,No
CUST-01379,Female,1,Yes,No,41,Yes,Yes,DSL,No,No,No,Yes,No,No,Two year,Yes,Credit card (automatic),72.16,2870.03,No
CUST-01380,Female,0,No,Yes,53,Yes,No,Fiber optic,No,No,Yes,No,No,Yes,Month-to-month,Yes,Electronic check,30.83,1526.05,No
CUST-01381,Female,0,Yes,No,13,Yes,No,DSL,No,Yes,Yes,No,Yes,Yes,Month-to-month,No,Electronic check,90.96,1230.98,Yes
CUST-01382,Female,0,Yes,Yes,13,Yes,Yes,Fiber optic,No,No,No,Yes,No,No,One year,No,Electronic check,83.32,1000.29,Yes
CUST-01383,Male,0,Yes,No,18,Yes,Yes,Fiber optic,No,No,No,No,Yes,Yes,Month-to-month,No,Electronic check,85.2,1410.17,Yes
CUST-01384,Female,0,Yes,Yes,19,Yes,Yes,Fiber optic,No,No,Yes,Yes,No,Yes,Two year,Yes,Mailed check,31.26,522.96,No
CUST-01385,Male,0,Yes,Yes,19,Yes,Yes,DSL,No,No,Yes,No,Yes,No,Month-to-month,Yes,Mailed check,67.45,1135.64,No
CUST-01386,Female,0,Yes,No,70,Yes,Yes,Fiber optic,No,No,No,No,No,No,One year,Yes,Mailed check,83.93,6442.87,No
CUST-01387,Male,0,No,No,48,Yes,Yes,No,No internet service,No internet service,No internet service,No internet service,No internet service,No internet service,Two year,Yes,Bank transfer (automatic),65.07,3350.48,No
CUST-01388,Female,0,Yes,No,71,No,No phone service,No,No internet service,No internet service,No internet service,No internet service,No internet service,No internet service,Two year,Yes,Electronic check,77.56,4897.32,No
CUST-01389,Male,0,Yes,No,71,Yes,Yes,DSL,No,No,No,No,No,Yes,Month-to-month,No,Credit card (automatic),74.97,5706.43,No
CUST-01390,Male,0,No,No,28,Yes,Yes,DSL,No,No,No,No,Yes,No,Two year,No,Credit card (automatic),61.15,1688.84,No
CUST-01391,Female,0,No,No,19,Yes,No,DSL,No,No,No,No,No,No,Two year,No,Electronic check,33.43,602.02,No
CUST-01392,Female,1,Yes,No,48,Yes,No,DSL,Yes,No,No,Yes,No,No,Month-to-month,No,Bank transfer (automatic),99.92,4776.74,No
CUST-01393,Female,0,Yes,No,29,Yes,Yes,Fiber optic,No,No,Yes,No,No,No,Month-to-month,Yes,Bank transfer (automatic),82.74,2178.27,No
CUST-01394,Female,0,No,No,48,Yes,No,Fiber optic,No,No,No,No,Yes,Yes,Two year,Yes,Electronic check,82.69,3625.45,Yes
CUST-01395,Male,0,Yes,No,19,Yes,No,DSL,No,Yes,No,Yes,No,Yes,One year,No,Mailed check,23.62,451.99,No
CUST-01396,Female,0,Yes,Yes,47,Yes,No,DSL,Yes,No,No,No,Yes,No,Month-to-month,No,Bank transfer (automatic),94.05,4718.75,No
CUST-01397,Male,1,Yes,No,60,No,No phone service,Fiber optic,Yes,No,Yes,Yes,Yes,No,Two year,No,Bank transfer (automatic),40.0,2608.51,No
CUST-01398,Male,0,Yes,Yes,48,Yes,Yes,Fiber optic,Yes,No,No,No,No,Yes,Two year,Yes,Credit card (automatic),87.05,4745.25,No
CUST-01399,Female,0,No,No,20,Yes,No,Fiber optic,Yes,No,Yes,No,No,No,Month-to-month,Yes,Electronic check,86.83,1640.38,Yes
CUST-01400,Male,0,No,No,19,Yes,No,DSL,Yes,No,No,Yes,No,No,One year,Yes,Electronic check,27.37,504.76,No
CUST-01401,Male,0,No,No,42,Yes,No,Fiber optic,No,No,Yes,No,No,No,One year,No,Bank transfer (automatic),71.77,3295.4,No
CUST-01402,Male,0,No,Yes,49,Yes,No,No,No internet service,No internet service,No internet service,No internet service,No internet service,No internet service,Month-to-month,Yes,Electronic check,89.68,4314.71,No
CUST-01403,Male,0,Yes,No,15,Yes,No,Fiber optic,No,Yes,No,No,No,Yes,Month-to-month,No,Mailed check,96.55,1608.73,Yes
CUST-01404,Female,0,No,Yes,60,Yes,No,Fiber optic,Yes,No,No,No,No,Yes,One year,Yes,Electronic check,59.71,3507.67,No
CUST-01405,Female,0,Yes,No,68,Yes,No,Fiber optic,No,No,No,No,No,No,Month-to-month,No,Electronic check,20.76,1277.84,No
CUST-01406,Female,0,Yes,No,27,Yes,No,DSL,No,No,No,No,Yes,No,Month-to-month,Yes,Electronic check,88.79,2151.35,No
CUST-01407,Female,1,No,Yes,55,Yes,Yes,Fiber optic,Yes,No,Yes,No,No,No,Month-to-month,Yes,Electronic check,49.71,2970.55,No
CUST-01408,Male,0,No,No,15,Yes,No,No,No internet service,No internet service,No internet service,No internet service,No internet service,No internet service,Month-to-month,No,Electronic check,42.16,640.13,Yes
CUST-01409,Male,0,Yes,Yes,52,Yes,No,Fiber optic,No,No,No,No,Yes,Yes,Month-to-month,Yes,Credit card (automatic),98.31,5256.87,No
CUST-01410,Female,0,No,No,31,Yes,Yes,Fiber optic,No,Yes,No,No,Yes,No,Month-to-month,Yes,Electronic check,56.18,1787.35,Yes
CUST-01411,Female,0,Yes,No,7,No,No phone service,Fiber optic,No,No,Yes,No,No,No,Two year,No,Bank transfer (automatic),67.66,479.18,No
CUST-01412,Female,0,Yes,Yes,13,Yes,No,Fiber optic,No,Yes,No,Yes,Yes,Yes,Two year,Yes,Electronic check,56.92,635.37,No
CUST-01413,Male,0,Yes,Yes,54,Yes,No,No,No internet service,No internet service,No internet service,No internet service,No internet service,No internet service,Two year,Yes,Mailed check,109.49,5712.15,No
CUST-01414,Female,0,No,No,13,No,No phone service,DSL,No,No,No,No,No,Yes,Month-to-month,Yes,Bank transfer (automatic),60.91,806.53,Yes
CUST-01415,Female,1,No,No,20,Yes,No,No,No internet service,No internet service,No internet service,No internet service,No internet service,No internet service,Two year,No,Electronic check,55.64,1249.42,No
CUST-01416,Female,0,No,Yes,10,Yes,Yes,Fiber optic,No,No,No,No,Yes,No,Month-to-month,Yes,Electronic check,39.77,370.07,No
CUST-01417,Male,0,Yes,Yes,52,Yes,No,DSL,No,No,No,No,No,No,Two year,No,Credit card (automatic),62.8,2911.7,No
CUST-01418,Male,0,Yes,No,37,No,No phone service,Fiber optic,No,Yes,No,Yes,No,Yes,Month-to-month,Yes,Credit card (automatic),68.14,2554.25,No
CUST-01419,Male,0,No,Yes,52,Yes,No,Fiber optic,No,No,Yes,No,Yes,No,Month-to-month,Yes,Bank transfer (automatic),84.93,4163.38,Yes
CUST-01420,Male,0,Yes,No,27,Yes,No,DSL,No,Yes,No,Yes,Yes,Yes,Month-to-month,No,Mailed check,91.6,2611.82,No
CUST-01421,Male,0,Yes,No,34,Yes,No,Fiber optic,No,No,Yes,No,No,No,Two year,Yes,Bank transfer (automatic),41.92,1461.01,No
CUST-01422,Male,0,No,Yes,62,Yes,No,DSL,No,No,No,Yes,No,Yes,One year,No,Credit card (automatic),113.11,7221.35,No
CUST-01423,Male,1,No,No,16,Yes,No,Fiber optic,Yes,No,Yes,No,Yes,No,Month-to-month,Yes,Mailed check,81.75,1336.23,No
CUST-01424,Male,0,Yes,No,59,Yes,Yes,Fiber optic,Yes,Yes,No,No,Yes,No,Month-to-month,Yes,Electronic check,28.53,1922.01,No
CUST-01425,Female,0,Yes,No,21,Yes,No,Fiber optic,No,No,No,No,No,Yes,One year,No,Credit card (automatic),95.1,2067.83,No
CUST-01426,Female,0,Yes,No,16,Yes,No,No,No internet service,No internet service,No internet service,No internet service,No internet service,No internet service,Month-to-month,No,Electronic check,88.7,1430.31,Yes
CUST-01427,Male,0,No,No,13,Yes,No,No,No internet service,No internet service,No internet service,No internet service,No internet service,No internet service,Month-to-month,No,Credit card (automatic),87.86,979.42,Yes
CUST-01428,Male,0,No,No,33,Yes,No,No,No internet service,No internet service,No internet service,No internet service,No internet service,No internet service,Month-to-month,Yes,Bank transfer (automatic),96.89,2834.1,Yes
CUST-01429,Female,0,No,Yes,54,Yes,No,Fiber optic,No,No,Yes,No,No,No,Month-to-month,No,Mailed check,82.52,4938.32,Yes
CUST-01430,Male,0,Yes,No,69,Yes,No,Fiber optic,No,No,No,Yes,No,No,Month-to-month,No,Bank transfer (automatic),19.95,1564.91,No
CUST-01431,Male,0,Yes,No,27,Yes,Yes,Fiber optic,No,No,No,No,No,Yes,One year,Yes,Mailed check,84.51,1965.08,Yes
CUST-01432,Male,0,No,Yes,52,Yes,Yes,Fiber optic,Yes,No,Yes,Yes,No,No,Month-to-month,Yes,Mailed check,98.74,4531.44,Yes
CUST-01433,Female,0,No,No,65,Yes,Yes,DSL,No,Yes,No,No,No,No,Month-to-month,No,Electronic check,73.28,5283.2,No
CUST-01434,Female,0,No,No,44,No,No phone service,Fiber optic,Yes,No,Yes,No,Yes,No,Month-to-month,Yes,Credit card (automatic),36.68,1475.07,No
CUST-01435,Female,0,Yes,No,30,Yes,Yes,Fiber optic,Yes,No,Yes,No,Yes,Yes,Two year,No,Bank transfer (automatic),85.85,2237.44,Yes
CUST-01436,Female,0,No,Yes,23,Yes,No,Fiber optic,No,No,No,No,No,No,Month-to-month,Yes,Bank transfer (automatic),22.98,586.08,Yes
CUST-01437,Female,0,No,No,16,Yes,No,DSL,No,Yes,No,No,No,No,Month-to-month,Yes,Electronic check,64.47,1116.8,Yes
CUST-01438,Male,0,No,No,55,Yes,No,DSL,No,Yes,Yes,Yes,No,No,Month-to-month,Yes,Electronic check,66.36,3786.04,No
CUST-01439,Female,0,No,No,18,Yes,Yes,DSL,No,Yes,Yes,Yes,No,No,Month-to-month,Yes,Credit card (automatic),116.96,1844.76,Yes
CUST-01440,Male,0,Yes,No,17,Yes,Yes,No,No internet service,No internet service,No internet service,No internet service,No internet service,No internet service,Two year,No,Mailed check,36.42,643.52,No
CUST-01441,Male,0,Yes,No,52,Yes,Yes,DSL,No,Yes,No,No,Yes,No,One year,Yes,Mailed check,72.48,3431.9,No
CUST-01442,Female,0,Yes,No,45,Yes,No,No,No internet service,No internet service,No internet service,No internet service,No internet service,No internet service,Two year,Yes,Electronic check,87.97,4299.66,No
CUST-01443,Female,0,No,Yes,56,Yes,Yes,No,No internet service,No internet service,No internet service,No internet service,No internet service,No internet service,Month-to-month,Yes,Mailed check,19.72,1160.05,No
CUST-01444,Male,0,No,No,54,Yes,Yes,No,No internet service,No internet service,No internet service,No internet service,No internet service,No internet service,One year,Yes,Bank transfer (automatic),109.04,6277.47,No
CUST-01445,Male,0,No,Yes,9,Yes,Yes,Fiber optic,No,No,No,Yes,No,No,Month-to-month,Yes,Electronic check,88.35,780.92,Yes
CUST-01446,Male,0,Yes,No,17,No,No phone service,No,No internet service,No internet service,No internet service,No internet service,No internet service,No internet service,Month-to-month,Yes,Electronic check,81.05,1328.79,Yes
CUST-01447,Female,0,No,No,27,Yes,No,DSL,No,Yes,Yes,No,No,Yes,Two year,No,Mailed check,82.79,2089.65,No
CUST-01448,Female,0,No,Yes,37,Yes,Yes,DSL,Yes,No,Yes,No,Yes,No,Month-to-month,Yes,Electronic check,29.83,1251.81,No
CUST-01449,Female,0,Yes,No,22,Yes,Yes,No,No internet service,No internet service,No internet service,No internet service,No internet service,No internet service,Month-to-month,No,Credit card (automatic),114.53,2225.3,No
CUST-01450,Female,0,No,No,72,Yes,Yes,DSL,No,Yes,Yes,No,No,No,Month-to-month,Yes,Bank transfer (automatic),62.64,4396.48,No
CUST-01451,Female,1,Yes,Yes,67,Yes,No,DSL,No,No,Yes,No,No,No,Two year,No,Electronic check,75.76,5522.14,No
CUST-01452,Male,0,Yes,Yes,38,Yes,No,DSL,No,No,Yes,Yes,Yes,Yes,Month-to-month,No,Electronic check,43.75,1714.66,No
CUST-01453,Female,0,Yes,Yes,72,No,No phone service,Fiber optic,No,No,No,Yes,No,No,Month-to-month,No,Electronic check,29.45,2383.72,No
CUST-01454,Male,0,No,Yes,44,Yes,Yes,Fiber optic,No,No,No,Yes,No,Yes,Two year,Yes,Mailed check,97.43,4610.91,No
CUST-01455,Male,0,No,No,36,No,No phone service,DSL,No,No,No,No,No,Yes,Two year,No,Electronic check,77.26,2791.63,No
CUST-01456,Male,0,Yes,No,25,Yes,No,Fiber optic,No,No,No,No,No,Yes,Two year,Yes,Mailed check,57.46,1576.27,No
CUST-01457,Female,0,No,Yes,42,Yes,No,Fiber optic,No,Yes,No,Yes,No,Yes,Two year,No,Electronic check,34.17,1612.4,No
CUST-01458,Female,0,No,No,13,Yes,Yes,No,No internet service,No internet service,No internet service,No internet service,No internet service,No internet service,Month-to-month,Yes,Bank transfer (automatic),59.14,796.73,No
CUST-01459,Female,0,No,No,56,Yes,No,DSL,Yes,No,No,No,No,No,Month-to-month,Yes,Bank transfer (automatic),18.54,953.58,No
CUST-01460,Male,0,Yes,No,51,Yes,No,DSL,No,No,No,No,Yes,Yes,One year,No,Credit card (automatic),116.16,6311.31,No
CUST-01461,Male,0,No,Yes,50,Yes,No,Fiber optic,Yes,Yes,Yes,No,Yes,Yes,Two year,Yes,Credit card (automatic),81.86,3578.79,No
CUST-01462,Male,0,No,No,52,Yes,No,No,No internet service,No internet service,No internet service,No internet service,No internet service,No internet service,Month-to-month,No,Bank transfer (automatic),47.21,2470.13,No
CUST-01463,Male,0,Yes,No,33,Yes,Yes,DSL,No,Yes,No,No,Yes,Yes,One year,Yes,Electronic check,105.08,3037.98,No
CUST-01464,Male,0,Yes,No,25,Yes,No,DSL,No,No,Yes,No,Yes,No,Two year,No,Mailed check,27.71,596.51,No
CUST-01465,Male,1,No,No,58,Yes,No,DSL,No,Yes,No,No,No,No,Two year,No,Credit card (automatic),40.54,2192.27,No
CUST-01466,Female,1,Yes,Yes,40,Yes,No,Fiber optic,No,No,No,No,No,Yes,One year,Yes,Electronic check,50.64,2211.71,No
CUST-01467,Female,0,No,No,38,Yes,No,Fiber optic,Yes,No,Yes,No,No,No,Month-to-month,No,Mailed check,109.01,4369.86,Yes
CUST-01468,Female,0,Yes,No,3,Yes,Yes,Fiber optic,No,No,Yes,No,Yes,No,One year,No,Bank transfer (automatic),43.82,114.89,Yes
CUST-01469,Female,1,No,No,16,Yes,Yes,Fiber optic,Yes,Yes,Yes,No,Yes,No,Two year,No,Bank transfer (automatic),60.31,926.55,No
CUST-01470,Male,0,Yes,No,2,Yes,No,Fiber optic,No,No,No,No,Yes,No,One year,Yes,Credit card (automatic),80.24,173.08,No
CUST-01471,Male,0,Yes,No,23,Yes,No,DSL,Yes,Yes,No,No,No,No,Month-to-month,Yes,Electronic check,95.99,2102.26,Yes
CUST-01472,Female,1,Yes,No,30,Yes,No,Fiber optic,No,No,Yes,No,Yes,Yes,Month-to-month,No,Credit card (automatic),84.93,2890.61,Yes
CUST-01473,Male,0,No,No,10,Yes,Yes,Fiber optic,No,No,No,No,No,Yes,Month-to-month,No,Electronic check,86.83,995.35,No
CUST-01474,Female,0,No,Yes,65,Yes,Yes,DSL,No,No,Yes,No,Yes,No,One year,No,Electronic check,92.89,5174.27,No
CUST-01475,Female,0,Yes,No,22,No,No phone service,Fiber optic,No,No,No,No,No,Yes,One year,No,Credit card (automatic),77.26,1676.5,No
CUST-01476,Female,0,Yes,No,52,Yes,Yes,Fiber optic,No,No,No,No,No,No,Month-to-month,Yes,Credit card (automatic),69.29,3628.12,Yes
CUST-01477,Male,1,No,No,56,No,No phone service,Fiber optic,No,No,Yes,No,Yes,No,One year,No,Electronic check,101.67,6423.22,No
CUST-01478,Female,0,Yes,No,33,Yes,No,DSL,Yes,No,Yes,No,No,Yes,One year,No,Electronic check,89.94,2874.58,No
CUST-01479,Female,0,No,No,30,Yes,Yes,Fiber optic,No,Yes,No,No,Yes,No,Month-to-month,Yes,Mailed check,66.27,1735.96,Yes
CUST-01480,Female,0,Yes,No,24,Yes,No,DSL,Yes,No,No,No,No,No,Two year,No,Mailed check,103.53,2380.6,No
CUST-01481,Male,0,No,No,5,Yes,Yes,DSL,Yes,No,No,Yes,No,Yes,Month-to-month,Yes,Mailed check,35.93,179.5,Yes
CUST-01482,Male,0,No,Yes,53,Yes,No,No,No internet service,No internet service,No internet service,No internet service,No internet service,No internet service,Month-to-month,No,Mailed check,107.02,5152.53,Yes
CUST-01483,Female,0,No,Yes,55,Yes,Yes,Fiber optic,No,No,No,No,Yes,No,Month-to-month,Yes,Electronic check,35.29,1881.63,No
CUST-01484,Male,1,No,Yes,23,No,No phone service,Fiber optic,No,No,Yes,No,No,No,One year,Yes,Credit card (automatic),43.12,860.32,No
CUST-01485,Male,0,Yes,No,10,Yes,No,No,No internet service,No internet service,No internet service,No internet service,No internet service,No internet service,Month-to-month,Yes,Credit card (automatic),44.85,508.42,Yes
CUST-01486,Male,0,Yes,Yes,33,Yes,No,Fiber optic,No,No,No,Yes,Yes,No,Month-to-month,Yes,Mailed check,24.69,842.83,Yes
CUST-01487,Male,0,No,No,62,Yes,Yes,Fiber optic,Yes,Yes,No,No,Yes,No,Month-to-month,Yes,Mailed check,48.25,3377.54,No
CUST-01488,Male,0,No,Yes,27,Yes,Yes,DSL,Yes,No,No,No,Yes,No,Two year,No,Mailed check,46.08,1341.57,No
CUST-01489,Male,0,No,No,7,Yes,No,DSL,No,Yes,Yes,No,Yes,No,Month-to-month,No,Bank transfer (automatic),77.51,542.01,Yes
CUST-01490,Male,0,No,No,27,Yes,No,Fiber optic,No,No,No,Yes,Yes,Yes,Two year,No,Bank transfer (automatic),78.36,1979.65,No
CUST-01491,Male,0,No,No,10,Yes,Yes,No,No internet service,No internet service,No internet service,No internet service,No internet service,No internet service,One year,No,Mailed check,73.41,753.46,Yes
CUST-01492,Male,0,Yes,No,57,Yes,Yes,Fiber optic,No,No,No,No,No,No,Month-to-month,No,Credit card (automatic),81.54,4604.39,No
CUST-01493,Male,0,Yes,No,30,Yes,No,DSL,Yes,Yes,No,Yes,No,Yes,Month-to-month,Yes,Mailed check,22.29,569.95,No
CUST-01494,Female,0,Yes,No,3,Yes,Yes,Fiber optic,No,No,No,Yes,Yes,Yes,One year,Yes,Electronic check,88.48,276.34,No
CUST-01495,Female,0,Yes,No,29,Yes,Yes,DSL,Yes,Yes,Yes,No,No,No,Month-to-month,Yes,Bank transfer (automatic),113.6,3637.19,No
CUST-01496,Male,0,No,No,14,Yes,No,No,No internet service,No internet service,No internet service,No internet service,No internet service,No internet service,Month-to-month,Yes,Electronic check,81.77,1280.19,Yes
CUST-01497,Female,0,Yes,No,25,Yes,No,Fiber optic,No,Yes,Yes,Yes,Yes,Yes,Two year,Yes,Bank transfer (automatic),46.19,1227.92,No
CUST-01498,Female,0,Yes,No,10,No,No phone service,No,No internet service,No internet service,No internet service,No internet service,No internet service,No internet service,One year,Yes,Electronic check,49.35,487.26,No
CUST-01499,Male,1,Yes,No,49,Yes,No,DSL,No,No,No,No,No,Yes,One year,Yes,Electronic check,95.23,4547.07,No
CUST-01500,Male,0,Yes,No,38,Yes,No,DSL,Yes,Yes,No,No,No,No,One year,Yes,Electronic check,29.46,1099.49,No
CUST-01501,Male,0,Yes,Yes,71,Yes,Yes,Fiber optic,No,No,No,No,No,No,Two year,No,Electronic check,55.7,4387.73,No
CUST-01502,Female,0,No,Yes,14,Yes,No,No,No internet service,No internet service,No internet service,No internet service,No internet service,No internet service,Month-to-month,No,Bank transfer (automatic),37.38,526.37,No
CUST-01503,Female,0,Yes,No,30,Yes,No,Fiber optic,Yes,Yes,No,No,Yes,Yes,Two year,No,Electronic check,38.36,1003.73,No
CUST-01504,Male,0,No,No,40,No,No phone service,No,No internet service,No internet service,No internet service,No internet service,No internet service,No internet service,Month-to-month,Yes,Credit card (automatic),18.61,737.12,No
CUST-01505,Male,0,No,No,12,Yes,No,DSL,Yes,No,No,No,Yes,No,Two year,No,Bank transfer (automatic),107.46,1407.6,No
CUST-01506,Male,0,No,No,14,Yes,No,Fiber optic,Yes,No,No,No,Yes,Yes,Two year,No,Credit card (automatic),50.12,648.75,No
CUST-01507,Female,0,Yes,No,1,Yes,No,Fiber optic,No,No,No,Yes,Yes,No,Month-to-month,No,Electronic check,57.15,60.84,No
CUST-01508,Female,0,Yes,No,68,Yes,No,Fiber optic,No,Yes,No,No,No,No,Month-to-month,No,Mailed check,20.82,1304.5,No
CUST-01509,Female,0,Yes,No,49,Yes,Yes,Fiber optic,No,Yes,No,No,No,Yes,Month-to-month,No,Bank transfer (automatic),27.8,1427.12,Yes
CUST-01510,Female,0,Yes,No,18,Yes,Yes,Fiber optic,No,No,No,Yes,No,No,One year,Yes,Electronic check,40.6,733.55,No
CUST-01511,Male,0,No,No,36,Yes,Yes,Fiber optic,No,Yes,No,No,Yes,No,One year,Yes,Electronic check,35.47,1268.88,No
CUST-01512,Male,0,No,Yes,64,Yes,No,DSL,No,No,No,No,No,No,Month-to-month,Yes,Credit card (automatic),102.61,6937.93,No
CUST-01513,Male,0,No,Yes,28,Yes,No,DSL,No,No,Yes,No,No,No,Month-to-month,Yes,Bank transfer (automatic),113.89,3170.17,Yes
CUST-01514,Male,0,Yes,No,32,No,No phone service,Fiber optic,No,No,Yes,No,No,No,Month-to-month,Yes,Bank transfer (automatic),112.25,3791.84,Yes
CUST-01515,Female,0,No,No,72,Yes,Yes,Fiber optic,No,Yes,No,No,Yes,No,Month-to-month,Yes,Credit card (automatic),39.72,3240.84,No
CUST-01516,Female,1,Yes,No,25,Yes,No,Fiber optic,No,No,Yes,Yes,Yes,Yes,Month-to-month,Yes,Bank transfer (automatic),30.98,727.6,Yes
CUST-01517,Male,0,No,No,47,Yes,No,Fiber optic,No,No,Yes,Yes,No,Yes,Month-to-month,Yes,Bank transfer (automatic),84.58,3411.63,No
CUST-01518,Male,0,No,No,20,Yes,Yes,DSL,Yes,No,No,No,Yes,No,One year,Yes,Electronic check,46.32,936.99,No
CUST-01519,Female,0,Yes,No,33,Yes,Yes,Fiber optic,No,No,No,No,No,Yes,Month-to-month,Yes,Mailed check,23.92,737.51,No
CUST-01520,Male,0,Yes,Yes,30,Yes,No,DSL,No,Yes,No,No,No,Yes,Month-to-month,No,Electronic check,74.78,2262.18,Yes
CUST-01521,Female,0,No,No,37,Yes,No,Fiber optic,No,Yes,Yes,Yes,Yes,Yes,Month-to-month,Yes,Electronic check,45.03,1727.38,No
CUST-01522,Male,0,Yes,No,53,No,No phone service,No,No internet service,No internet service,No internet service,No internet service,No internet service,No internet service,Two year,No,Electronic check,50.29,2723.44,Yes
CUST-01523,Male,0,Yes,Yes,69,Yes,Yes,No,No internet service,No internet service,No internet service,No internet service,No internet service,No internet service,One year,Yes,Mailed check,78.03,5613.88,No
CUST-01524,Male,0,Yes,No,8,Yes,No,No,No internet service,No internet service,No internet service,No internet service,No internet service,No internet service,Two year,No,Bank transfer (automatic),88.33,682.82,No
CUST-01525,Male,0,Yes,No,1,Yes,No,DSL,Yes,No,No,No,Yes,No,Two year,No,Mailed check,29.31,29.46,No
CUST-01526,Male,0,No,No,7,Yes,No,DSL,Yes,No,No,Yes,Yes,No,One year,Yes,Credit card (automatic),23.34,161.91,No
CUST-01527,Male,0,No,No,62,Yes,No,Fiber optic,No,No,No,No,No,Yes,Month-to-month,No,Electronic check,101.14,5773.68,No
CUST-01528,Male,0,No,No,58,Yes,Yes,Fiber optic,No,No,Yes,No,No,No,Month-to-month,No,Credit card (automatic),45.19,2611.52,No
CUST-01529,Female,0,Yes,No,8,Yes,Yes,DSL,Yes,No,No,No,No,No,One year,Yes,Mailed check,71.08,631.55,No
CUST-01530,Female,0,No,No,64,Yes,No,Fiber optic,No,No,No,No,No,No,One year,Yes,Electronic check,97.15,5891.58,No
CUST-01531,Female,0,No,Yes,8,Yes,No,Fiber optic,No,Yes,Yes,No,No,No,One year,Yes,Credit card (automatic),23.78,198.03,No
CUST-01532,Female,0,Yes,No,3,Yes,No,No,No internet service,No internet service,No internet service,No internet service,No internet service,No internet service,Month-to-month,No,Mailed check,95.97,254.48,No
CUST-01533,Female,0,Yes,No,58,Yes,No,No,No internet service,No internet service,No internet service,No internet service,No internet service,No internet service,One year,Yes,Electronic check,74.37,3722.34,No
CUST-01534,Male,0,No,No,32,Yes,No,DSL,No,No,Yes,Yes,No,No,Month-to-month,No,Electronic check,28.85,1056.9,No
CUST-01535,Male,1,Yes,No,68,Yes,No,DSL,No,Yes,No,No,Yes,No,Month-to-month,Yes,Electronic check,86.22,5505.11,No
CUST-01536,Female,0,Yes,No,49,Yes,Yes,Fiber optic,No,No,Yes,No,Yes,Yes,Month-to-month,Yes,Bank transfer (automatic),25.58,1375.68,No
CUST-01537,Male,0,Yes,Yes,38,Yes,No,DSL,No,No,Yes,No,Yes,Yes,Two year,Yes,Mailed check,49.53,2112.54,No
CUST-01538,Female,0,Yes,No,2,Yes,Yes,DSL,No,Yes,No,Yes,Yes,No,One year,No,Credit card (automatic),72.11,138.84,Yes
CUST-01539,Female,0,Yes,No,9,Yes,No,No,No internet service,No internet service,No internet service,No internet service,No internet service,No internet service,Two year,No,Mailed check,86.0,660.32,No
CUST-01540,Male,1,Yes,No,46,Yes,Yes,No,No internet service,No internet service,No internet service,No internet service,No internet service,No internet service,Month-to-month,Yes,Electronic check,44.62,1944.34,No
CUST-01541,Male,0,No,No,65,No,No phone service,Fiber optic,No,Yes,No,No,Yes,No,Month-to-month,No,Bank transfer (automatic),36.38,2620.93,Yes
CUST-01542,Male,0,Yes,No,49,Yes,No,No,No internet service,No internet service,No internet service,No internet service,No internet service,No internet service,Two year,Yes,Credit card (automatic),92.65,5042.85,No
CUST-01543,Female,0,No,No,29,Yes,Yes,DSL,No,No,Yes,No,Yes,Yes,Month-to-month,Yes,Electronic check,59.31,1936.0,Yes
CUST-01544,Male,0,Yes,No,29,Yes,No,Fiber optic,Yes,No,Yes,Yes,No,Yes,Two year,Yes,Electronic check,38.69,1227.4,No
CUST-01545,Female,1,No,No,33,Yes,No,Fiber optic,No,No,Yes,No,No,No,Month-to-month,No,Credit card (automatic),77.99,2319.79,No
CUST-01546,Female,0,No,No,28,Yes,No,No,No internet service,No internet service,No internet service,No internet service,No internet service,No internet service,Month-to-month,Yes,Electronic check,57.88,1606.89,No
CUST-01547,Female,1,No,No,26,Yes,No,DSL,No,Yes,Yes,Yes,No,No,Month-to-month,No,Credit card (automatic),80.53,2053.01,No
CUST-01548,Male,0,No,No,29,Yes,Yes,Fiber optic,No,No,No,Yes,No,Yes,Month-to-month,Yes,Bank transfer (automatic),96.85,2808.68,No
CUST-01549,Male,0,No,Yes,11,Yes,Yes,No,No internet service,No internet service,No internet service,No internet service,No internet service,No internet service,Month-to-month,Yes,Electronic check,20.27,228.98,No
CUST-01550,Female,0,No,No,34,Yes,Yes,Fiber optic,Yes,No,No,No,No,No,Month-to-month,Yes,Electronic check,53.99,1766.3,No
CUST-01551,Male,0,Yes,Yes,48,No,No phone service,Fiber optic,Yes,No,Yes,No,No,Yes,One year,Yes,Electronic check,53.53,2708.54,No
CUST-01552,Male,0,Yes,Yes,27,Yes,No,No,No internet service,No internet service,No internet service,No internet service,No internet service,No internet service,Month-to-month,Yes,Credit card (automatic),108.66,2522.25,No
CUST-01553,Male,0,No,No,72,Yes,No,DSL,Yes,Yes,No,No,Yes,No,One year,Yes,Credit card (automatic),118.45,9108.16,No
CUST-01554,Female,0,Yes,Yes,40,Yes,No,DSL,Yes,No,No,No,Yes,Yes,One year,Yes,Credit card (automatic),83.87,3388.59,No
CUST-01555,Female,0,No,No,31,Yes,No,DSL,Yes,Yes,No,Yes,No,No,Month-to-month,Yes,Credit card (automatic),59.24,1646.33,No
CUST-01556,Male,0,No,Yes,65,Yes,No,Fiber optic,No,No,No,No,No,Yes,Month-to-month,Yes,Mailed check,62.49,4166.53,Yes
CUST-01557,Female,0,Yes,No,39,Yes,No,No,No internet service,No internet service,No internet service,No internet service,No internet service,No internet service,One year,Yes,Credit card (automatic),84.93,2879.24,No
CUST-01558,Male,0,No,Yes,24,Yes,No,Fiber optic,No,No,Yes,No,No,Yes,Month-to-month,No,Electronic check,77.98,1957.13,No
CUST-01559,Male,0,Yes,Yes,68,Yes,Yes,Fiber optic,Yes,No,No,Yes,No,Yes,Month-to-month,Yes,Credit card (automatic),104.62,7249.21,Yes
CUST-01560,Male,0,Yes,No,23,Yes,Yes,No,No internet service,No internet service,No internet service,No internet service,No internet service,No internet service,Month-to-month,Yes,Electronic check,89.99,2372.67,Yes
CUST-01561,Male,0,No,No,61,Yes,Yes,Fiber optic,No,Yes,Yes,No,No,Yes,Month-to-month,No,Mailed check,31.72,1739.54,No
CUST-01562,Female,1,Yes,No,27,Yes,Yes,No,No internet service,No internet service,No internet service,No internet service,No internet service,No internet service,Month-to-month,Yes,Mailed check,102.54,3094.3,No
CUST-01563,Female,0,No,Yes,16,Yes,Yes,No,No internet service,No internet service,No internet service,No internet service,No internet service,No internet service,One year,Yes,Credit card (automatic),47.5,743.29,No
CUST-01564,Female,0,No,No,45,Yes,Yes,Fiber optic,Yes,No,No,No,Yes,No,Two year,Yes,Mailed check,94.81,3760.16,No
CUST-01565,Male,0,Yes,No,27,Yes,Yes,DSL,Yes,No,No,Yes,Yes,No,Month-to-month,Yes,Mailed check,23.82,694.58,No
CUST-01566,Male,0,No,Yes,5,Yes,No,DSL,No,Yes,No,Yes,No,No,One year,Yes,Credit card (automatic),49.73,284.19,No
CUST-01567,Male,1,No,No,59,Yes,No,Fiber optic,No,No,Yes,No,No,Yes,Two year,Yes,Electronic check,90.99,5813.19,No
CUST-01568,Female,0,Yes,No,72,Yes,Yes,Fiber optic,No,Yes,No,No,No,Yes,One year,Yes,Electronic check,116.42,8705.08,Yes
CUST-01569,Male,0,Yes,No,35,Yes,Yes,DSL,No,Yes,Yes,No,No,No,One year,Yes,Electronic check,58.64,1794.05,Yes
CUST-01570,Female,0,No,No,70,Yes,No,DSL,No,Yes,Yes,Yes,No,Yes,Month-to-month,Yes,Credit card (automatic),42.7,2914.8,No
CUST-01571,Female,0,No,No,46,Yes,No,Fiber optic,No,No,No,No,No,No,Month-to-month,Yes,Electronic check,105.8,4225.3,Yes
CUST-01572,Female,0,Yes,No,56,No,No phone service,Fiber optic,No,No,No,No,No,Yes,Month-to-month,Yes,Electronic check,102.8,5534.95,No
CUST-01573,Female,0,Yes,No,24,Yes,No,Fiber optic,Yes,No,Yes,No,No,No,Two year,No,Bank transfer (automatic),72.96,1757.63,No
CUST-01574,Female,0,No,No,10,Yes,No,Fiber optic,No,No,Yes,No,Yes,No,Month-to-month,No,Bank transfer (automatic),45.04,475.59,No
CUST-01575,Female,1,No,No,38,Yes,Yes,Fiber optic,No,No,No,No,Yes,Yes,Month-to-month,Yes,Credit card (automatic),49.26,1750.77,No
CUST-01576,Male,0,Yes,No,70,Yes,Yes,No,No internet service,No internet service,No internet service,No internet service,No internet service,No internet service,One year,Yes,Mailed check,67.38,5315.85,No
CUST-01577,Male,0,No,No,48,Yes,No,Fiber optic,No,No,No,No,No,No,Month-to-month,No,Electronic check,116.96,5611.3,Yes
CUST-01578,Female,0,Yes,No,9,Yes,No,Fiber optic,No,No,No,No,No,No,Two year,Yes,Electronic check,29.41,262.18,No
CUST-01579,Female,0,No,No,50,Yes,No,DSL,No,Yes,No,Yes,No,No,One year,No,Electronic check,54.82,2430.39,No
CUST-01580,Male,1,Yes,Yes,69,Yes,No,Fiber optic,No,No,No,No,Yes,No,Month-to-month,No,Bank transfer (automatic),104.77,7479.63,Yes
CUST-01581,Female,0,Yes,No,48,Yes,No,Fiber optic,No,No,No,No,No,Yes,One year,No,Bank transfer (automatic),114.91,5289.5,No
CUST-01582,Female,0,Yes,No,39,Yes,No,DSL,No,No,Yes,No,No,No,Two year,Yes,Bank transfer (automatic),23.34,1028.85,No
CUST-01583,Male,0,No,No,5,Yes,No,Fiber optic,No,No,No,No,Yes,Yes,Two year,No,Credit card (automatic),77.47,432.01,Yes
CUST-01584,Female,0,No,No,11,Yes,Yes,DSL,No,Yes,Yes,No,Yes,No,Month-to-month,Yes,Electronic check,78.99,846.7,No
CUST-01585,Female,1,No,No,60,Yes,Yes,DSL,No,No,No,No,Yes,No,Month-to-month,Yes,Electronic check,68.96,4510.86,Yes
CUST-01586,Female,0,No,No,27,Yes,Yes,Fiber optic,No,No,No,No,No,No,Month-to-month,No,Bank transfer (automatic),22.58,613.51,No
CUST-01587,Male,0,Yes,No,7,Yes,Yes,DSL,No,No,Yes,No,No,No,Month-to-month,No,Credit card (automatic),50.17,349.33,Yes
CUST-01588,Male,1,No,No,60,Yes,No,DSL,Yes,Yes,No,No,No,No,Month-to-month,Yes,Mailed check,62.5,3980.66,No
CUST-01589,Male,1,Yes,No,50,Yes,No,Fiber optic,No,No,No,Yes,Yes,No,Two year,No,Credit card (automatic),67.27,3667.59,No
CUST-01590,Female,0,No,Yes,67,Yes,No,Fiber optic,Yes,No,No,No,No,Yes,Two year,Yes,Bank transfer (automatic),115.29,8038.56,No
CUST-01591,Female,0,Yes,No,69,Yes,Yes,Fiber optic,No,No,Yes,Yes,Yes,No,Month-to-month,Yes,Credit card (automatic),48.88,3726.12,No
CUST-01592,Male,0,Yes,No,55,Yes,No,DSL,No,No,No,Yes,No,No,Two year,No,Electronic check,24.2,1202.49,No
CUST-01593,Female,0,No,No,16,Yes,No,DSL,Yes,No,Yes,No,Yes,Yes,Month-to-month,No,Mailed check,30.32,468.58,No
CUST-01594,Female,1,No,No,12,No,No phone service,Fiber optic,No,Yes,Yes,No,No,No,Month-to-month,No,Bank transfer (automatic),53.69,616.36,Yes
CUST-01595,Female,0,No,Yes,27,Yes,No,Fiber optic,No,No,Yes,No,No,No,Month-to-month,No,Electronic check,96.49,2838.08,Yes
CUST-01596,Female,0,No,No,33,Yes,No,No,No internet service,No internet service,No internet service,No internet service,No internet service,No internet service,Two year,Yes,Credit card (automatic),79.27,2528.4,No
CUST-01597,Female,0,Yes,No,55,Yes,No,Fiber optic,No,No,Yes,No,No,No,Two year,No,Credit card (automatic),96.84,4871.47,No
CUST-01598,Male,0,No,No,52,No,No phone service,Fiber optic,No,Yes,No,Yes,Yes,Yes,One year,Yes,Bank transfer (automatic),110.56,6487.43,No
CUST-01599,Female,0,Yes,Yes,37,Yes,Yes,No,No internet service,No internet service,No internet service,No internet service,No internet service,No internet service,One year,Yes,Bank transfer (automatic),30.39,1056.38,No
CUST-01600,Male,0,No,No,15,Yes,No,DSL,Yes,No,No,No,Yes,No,Two year,No,Electronic check,71.24,1196.47,No
CUST-01601,Female,0,No,Yes,65,No,No phone service,DSL,No,No,No,No,No,No,Month-to-month,No,Credit card (automatic),81.03,5555.62,No
CUST-01602,Male,0,Yes,No,68,Yes,No,Fiber optic,No,Yes,No,No,Yes,Yes,Month-to-month,Yes,Bank transfer (automatic),60.14,4276.16,No
CUST-01603,Female,0,Yes,No,3,Yes,Yes,Fiber optic,Yes,No,No,Yes,Yes,Yes,Two year,Yes,Electronic check,63.76,179.94,No
CUST-01604,Male,0,Yes,Yes,72,Yes,Yes,DSL,No,No,No,Yes,No,No,Month-to-month,Yes,Bank transfer (automatic),26.72,2146.01,No
CUST-01605,Female,0,Yes,No,5,Yes,Yes,Fiber optic,No,No,No,No,No,No,Two year,Yes,Electronic check,24.15,131.05,No
CUST-01606,Male,0,Yes,No,9,Yes,Yes,DSL,No,No,Yes,No,No,No,One year,Yes,Electronic check,22.57,180.7,No
CUST-01607,Female,0,Yes,No,1,Yes,Yes,Fiber optic,Yes,No,Yes,Yes,No,No,One year,Yes,Electronic check,84.14,94.93,No
CUST-01608,Male,0,Yes,No,30,Yes,No,DSL,No,No,No,No,No,Yes,Month-to-month,Yes,Electronic check,28.38,826.15,No
CUST-01609,Female,0,No,No,71,No,No phone service,No,No internet service,No internet service,No internet service,No internet service,No internet service,No internet service,Month-to-month,No,Electronic check,55.28,4288.12,No
CUST-01610,Male,0,No,No,20,Yes,Yes,DSL,No,No,No,Yes,Yes,No,Month-to-month,No,Credit card (automatic),110.42,2023.4,Yes
CUST-01611,Male,0,Yes,No,27,Yes,No,No,No internet service,No internet service,No internet service,No internet service,No internet service,No internet service,Two year,No,Electronic check,35.11,826.94,No
CUST-01612,Female,1,Yes,No,63,Yes,Yes,Fiber optic,No,No,No,No,No,No,Two year,No,Credit card (automatic),65.77,4570.49,No
CUST-01613,Female,0,Yes,No,31,Yes,Yes,No,No internet service,No internet service,No internet service,No internet service,No internet service,No internet service,Month-to-month,Yes,Electronic check,91.56,3038.29,No
CUST-01614,Male,0,No,Yes,19,Yes,No,No,No internet service,No internet service,No internet service,No internet service,No internet service,No internet service,Month-to-month,No,Credit card (automatic),43.14,717.54,No
CUST-01615,Female,1,No,No,62,Yes,Yes,DSL,No,No,No,No,Yes,Yes,Month-to-month,No,Electronic check,20.44,1119.94,No
CUST-01616,Male,0,No,No,7,No,No phone service,DSL,No,No,No,No,No,No,Month-to-month,Yes,Bank transfer (automatic),96.43,670.35,Yes
CUST-01617,Male,0,No,No,37,Yes,No,Fiber optic,No,No,No,No,No,Yes,Month-to-month,No,Mailed check,91.49,3315.34,No
CUST-01618,Male,0,No,Yes,71,No,No phone service,DSL,No,No,Yes,No,No,No,Month-to-month,Yes,Electronic check,116.74,8090.91,Yes
CUST-01619,Female,1,No,No,8,No,No phone service,No,No internet service,No internet service,No internet service,No internet service,No internet service,No internet service,Month-to-month,Yes,Mailed check,79.2,715.68,No
CUST-01620,Male,0,Yes,Yes,57,No,No phone service,DSL,No,No,No,No,Yes,Yes,Month-to-month,No,Electronic check,49.32,2760.97,No
CUST-01621,Male,0,No,No,28,Yes,No,DSL,No,Yes,Yes,No,No,Yes,One year,Yes,Electronic check,31.29,818.57,No
CUST-01622,Female,0,No,No,17,Yes,No,DSL,Yes,Yes,Yes,No,Yes,No,One year,Yes,Mailed check,28.19,493.19,No
CUST-01623,Female,0,No,No,11,Yes,Yes,DSL,No,Yes,No,Yes,No,No,Month-to-month,Yes,Mailed check,82.36,1013.36,No
CUST-01624,Female,0,No,No,15,Yes,Yes,Fiber optic,No,Yes,No,Yes,Yes,No,One year,No,Bank transfer (automatic),53.36,862.64,No
CUST-01625,Female,0,Yes,No,30,Yes,No,Fiber optic,No,No,No,Yes,No,No,Month-to-month,Yes,Bank transfer (automatic),101.86,3505.34,Yes
CUST-01626,Male,0,No,No,6,No,No phone service,Fiber optic,Yes,Yes,No,No,No,No,Two year,No,Electronic check,30.76,176.39,Yes
CUST-01627,Male,0,Yes,Yes,12,Yes,Yes,No,No internet service,No internet service,No internet service,No internet service,No internet service,No internet service,Month-to-month,Yes,Electronic check,115.13,1228.52,Yes
CUST-01628,Male,0,Yes,No,61,Yes,Yes,DSL,No,Yes,No,No,No,No,One year,No,Electronic check,24.26,1678.51,No
CUST-01629,Male,0,Yes,No,36,Yes,No,Fiber optic,No,No,No,No,Yes,Yes,Month-to-month,Yes,Bank transfer (automatic),96.82,3841.41,Yes
CUST-01630,Female,1,No,No,35,Yes,Yes,DSL,No,Yes,Yes,No,Yes,No,Month-to-month,Yes,Bank transfer (automatic),96.43,3271.9,No
CUST-01631,Male,0,No,No,67,Yes,Yes,DSL,No,Yes,Yes,No,No,Yes,Month-to-month,Yes,Electronic check,79.87,5057.99,Yes
CUST-01632,Male,0,No,No,63,Yes,No,DSL,No,No,No,No,No,No,Month-to-month,Yes,Mailed check,118.0,7888.34,No
CUST-01633,Female,0,No,No,40,Yes,Yes,No,No internet service,No internet service,No internet service,No internet service,No internet service,No internet service,Month-to-month,No,Credit card (automatic),18.7,727.37,No
CUST-01634,Male,0,Yes,Yes,31,Yes,No,Fiber optic,Yes,Yes,No,No,No,Yes,Month-to-month,No,Credit card (automatic),65.0,1866.72,Yes
CUST-01635,Male,0,No,No,37,Yes,No,Fiber optic,No,Yes,Yes,No,No,Yes,Month-to-month,No,Credit card (automatic),28.88,913.71,No
CUST-01636,Male,0,No,Yes,5,Yes,No,Fiber optic,No,Yes,No,Yes,Yes,No,Two year,Yes,Bank transfer (automatic),69.99,362.95,No
CUST-01637,Male,0,No,No,4,Yes,Yes,Fiber optic,No,No,No,No,No,Yes,Month-to-month,No,Electronic check,37.91,161.55,No
CUST-01638,Male,0,Yes,No,26,Yes,No,Fiber optic,No,No,No,No,Yes,No,Month-to-month,Yes,Mailed check,63.12,1847.02,No
CUST-01639,Male,0,No,No,24,Yes,No,DSL,Yes,No,No,No,Yes,Yes,Month-to-month,No,Electronic check,22.07,481.15,No
CUST-01640,Female,1,No,No,39,Yes,Yes,DSL,No,No,No,No,No,Yes,Month-to-month,Yes,Credit card (automatic),63.8,2701.88,No
CUST-01641,Female,1,No,No,56,Yes,No,Fiber optic,No,Yes,No,No,Yes,No,Month-to-month,No,Electronic check,85.26,4114.04,No
CUST-01642,Male,0,No,No,54,No,No phone service,Fiber optic,No,No,No,No,No,Yes,Two year,Yes,Electronic check,106.59,5242.69,No
CUST-01643,Male,0,No,No,38,Yes,No,DSL,No,No,No,No,Yes,Yes,Two year,Yes,Electronic check,111.45,4778.19,Yes
CUST-01644,Female,0,No,No,54,Yes,No,DSL,No,No,Yes,No,Yes,No,Two year,Yes,Bank transfer (automatic),53.76,2701.3,No
CUST-01645,Male,1,No,Yes,19,Yes,No,DSL,No,No,No,No,Yes,No,Month-to-month,No,Credit card (automatic),99.42,1936.53,Yes
CUST-01646,Male,0,No,Yes,26,Yes,No,Fiber optic,No,No,Yes,No,No,No,Month-to-month,No,Mailed check,106.61,2841.36,No
CUST-01647,Male,1,Yes,No,52,No,No phone service,Fiber optic,No,Yes,Yes,No,No,No,One year,Yes,Mailed check,115.69,5725.62,Yes
CUST-01648,Female,0,No,No,61,Yes,No,Fiber optic,No,No,No,No,Yes,Yes,One year,Yes,Bank transfer (automatic),62.43,3817.66,No
CUST-01649,Male,1,No,No,67,Yes,Yes,Fiber optic,Yes,Yes,Yes,Yes,Yes,Yes,Month-to-month,Yes,Credit card (automatic),100.62,6394.45,No
CUST-01650,Female,0,No,No,22,Yes,No,DSL,No,No,No,Yes,Yes,Yes,Two year,Yes,Electronic check,44.42,1001.3,No
CUST-01651,Male,0,No,Yes,17,Yes,Yes,No,No internet service,No internet service,No internet service,No internet service,No internet service,No internet service,Two year,Yes,Credit card (automatic),95.37,1470.2,No
CUST-01652,Female,0,Yes,No,11,Yes,Yes,No,No internet service,No internet service,No internet service,No internet service,No internet service,No internet service,One year,Yes,Mailed check,98.61,1236.17,No
CUST-01653,Female,0,Yes,No,39,Yes,Yes,DSL,No,No,No,No,No,Yes,One year,Yes,Credit card (automatic),104.05,4088.98,No
CUST-01654,Male,0,No,No,61,Yes,No,Fiber optic,No,No,No,Yes,No,Yes,One year,No,Electronic check,99.97,5958.31,No
CUST-01655,Female,0,No,No,49,Yes,Yes,No,No internet service,No internet service,No internet service,No internet service,No internet service,No internet service,Month-to-month,No,Credit card (automatic),97.26,4284.15,No
CUST-01656,Male,0,Yes,No,61,Yes,No,Fiber optic,No,No,No,No,Yes,Yes,One year,No,Electronic check,86.88,5408.73,No
CUST-01657,Female,0,Yes,No,12,Yes,No,No,No internet service,No internet service,No internet service,No internet service,No internet service,No internet service,One year,Yes,Bank transfer (automatic),29.4,313.61,No
CUST-01658,Male,0,Yes,Yes,13,No,No phone service,DSL,No,No,Yes,No,No,No,Month-to-month,Yes,Electronic check,55.64,767.0,No
CUST-01659,Male,0,Yes,No,58,Yes,Yes,Fiber optic,No,No,No,No,No,No,One year,Yes,Electronic check,43.06,2598.11,No
CUST-01660,Female,0,Yes,Yes,11,Yes,Yes,DSL,Yes,No,No,No,No,No,Month-to-month,Yes,Electronic check,61.77,689.24,No
CUST-01661,Male,0,Yes,Yes,64,Yes,No,DSL,No,Yes,No,Yes,No,Yes,One year,Yes,Bank transfer (automatic),110.37,6848.22,No
CUST-01662,Male,1,Yes,Yes,31,Yes,No,No,No internet service,No internet service,No internet service,No internet service,No internet service,No internet service,Month-to-month,No,Bank transfer (automatic),79.96,2448.45,Yes
CUST-01663,Female,0,Yes,Yes,11,Yes,Yes,DSL,No,Yes,No,No,No,Yes,Two year,Yes,Electronic check,26.68,295.9,No
CUST-01664,Male,0,Yes,No,43,Yes,No,DSL,No,Yes,No,No,No,No,Two year,No,Mailed check,48.26,1901.96,No
CUST-01665,Male,0,No,Yes,36,No,No phone service,Fiber optic,No,No,Yes,No,Yes,No,Month-to-month,Yes,Bank transfer (automatic),103.86,3524.78,No
CUST-01666,Female,0,Yes,Yes,2,Yes,No,No,No internet service,No internet service,No internet service,No internet service,No internet service,No internet service,Month-to-month,Yes,Credit card (automatic),55.97,123.75,No
CUST-01667,Female,0,Yes,No,61,Yes,No,DSL,No,No,No,No,No,Yes,Month-to-month,Yes,Electronic check,18.97,1007.06,No
CUST-01668,Male,0,Yes,No,36,Yes,Yes,DSL,No,No,Yes,Yes,Yes,No,Month-to-month,Yes,Mailed check,96.18,3769.9,Yes
CUST-01669,Male,0,Yes,No,49,No,No phone service,Fiber optic,No,No,No,Yes,Yes,No,Month-to-month,Yes,Electronic check,32.39,1528.27,No
CUST-01670,Female,0,Yes,No,27,Yes,No,No,No internet service,No internet service,No internet service,No internet service,No internet service,No internet service,One year,Yes,Electronic check,30.51,799.01,No
CUST-01671,Female,0,Yes,No,12,Yes,Yes,DSL,Yes,No,No,No,No,No,Month-to-month,Yes,Mailed check,80.24,926.69,Yes
CUST-01672,Male,1,No,No,58,Yes,No,Fiber optic,No,Yes,No,Yes,No,No,Month-to-month,Yes,Mailed check,75.43,4506.26,No
CUST-01673,Female,1,No,Yes,6,Yes,No,Fiber optic,No,No,Yes,No,No,Yes,Month-to-month,Yes,Credit card (automatic),54.53,323.08,No
CUST-01674,Male,0,No,No,44,Yes,Yes,Fiber optic,No,Yes,No,Yes,No,No,Month-to-month,Yes,Credit card (automatic),39.12,1687.58,No
CUST-01675,Male,0,No,Yes,47,Yes,No,DSL,Yes,No,No,No,No,Yes,Month-to-month,Yes,Mailed check,28.66,1193.58,No
CUST-01676,Male,0,Yes,Yes,23,No,No phone service,No,No internet service,No internet service,No internet service,No internet service,No internet service,No internet service,Month-to-month,No,Bank transfer (automatic),30.47,793.8,No
CUST-01677,Male,0,No,No,26,Yes,Yes,No,No internet service,No internet service,No internet service,No internet service,No internet service,No internet service,One year,Yes,Bank transfer (automatic),92.19,2602.48,No
CUST-01678,Male,0,Yes,No,7,Yes,No,No,No internet service,No internet service,No internet service,No internet service,No internet service,No internet service,One year,No,Bank transfer (automatic),108.73,756.72,No
CUST-01679,Female,0,No,No,32,Yes,No,Fiber optic,Yes,Yes,Yes,No,Yes,No,Month-to-month,Yes,Electronic check,74.73,2146.55,Yes
CUST-01680,Female,1,Yes,No,33,Yes,No,DSL,Yes,No,Yes,No,No,No,One year,Yes,Credit card (automatic),83.15,3101.64,Yes
CUST-01681,Female,1,No,No,20,Yes,Yes,DSL,No,Yes,Yes,No,No,No,Month-to-month,No,Bank transfer (automatic),116.05,2096.7,No
CUST-01682,Female,0,No,No,69,Yes,No,Fiber optic,No,No,No,Yes,Yes,Yes,Two year,Yes,Bank transfer (automatic),19.82,1225.72,No
CUST-01683,Male,0,Yes,Yes,52,Yes,Yes,No,No internet service,No internet service,No internet service,No internet service,No internet service,No internet service,Two year,Yes,Mailed check,33.92,1596.57,No
CUST-01684,Male,0,No,No,42,Yes,Yes,No,No internet service,No internet service,No internet service,No internet service,No internet service,No internet service,Two year,Yes,Electronic check,65.5,2414.2,No
CUST-01685,Male,0,Yes,No,1,Yes,No,No,No internet service,No internet service,No internet service,No internet service,No internet service,No internet service,Two year,No,Credit card (automatic),27.09,24.37,No
CUST-01686,Male,0,No,Yes,63,Yes,Yes,DSL,Yes,No,No,No,No,No,Two year,Yes,Bank transfer (automatic),44.57,2928.57,No
CUST-01687,Female,0,No,No,7,Yes,No,Fiber optic,No,No,No,Yes,Yes,No,Month-to-month,Yes,Bank transfer (automatic),57.22,365.72,Yes
CUST-01688,Male,1,Yes,No,58,Yes,No,Fiber optic,No,No,No,Yes,Yes,No,Two year,Yes,Mailed check,89.21,5088.9,No
CUST-01689,Male,0,Yes,Yes,50,Yes,Yes,No,No internet service,No internet service,No internet service,No internet service,No internet service,No internet service,Month-to-month,No,Electronic check,31.53,1599.03,Yes
CUST-01690,Female,0,Yes,No,34,No,No phone service,Fiber optic,No,No,Yes,No,Yes,No,Two year,No,Electronic check,78.72,2825.88,No
CUST-01691,Female,0,No,No,51,Yes,Yes,DSL,No,No,Yes,No,No,No,Month-to-month,No,Mailed check,23.46,1079.37,No
CUST-01692,Female,0,Yes,Yes,10,Yes,No,DSL,No,No,No,No,No,No,Month-to-month,No,Credit card (automatic),63.2,635.45,No
CUST-01693,Female,0,No,No,26,Yes,No,No,No internet service,No internet service,No internet service,No internet service,No internet service,No internet service,Month-to-month,Yes,Credit card (automatic),28.17,834.43,Yes
CUST-01694,Male,0,No,No,32,Yes,Yes,Fiber optic,Yes,No,No,Yes,No,No,One year,Yes,Mailed check,68.32,2151.65,No
CUST-01695,Male,0,Yes,No,42,Yes,Yes,Fiber optic,No,No,No,No,No,Yes,One year,No,Credit card (automatic),60.01,2612.53,No
CUST-01696,Female,0,No,Yes,62,Yes,No,No,No internet service,No internet service,No internet service,No internet service,No internet service,No internet service,One year,No,Credit card (automatic),56.4,4005.35,No
CUST-01697,Male,0,No,No,12,Yes,No,Fiber optic,No,Yes,No,Yes,No,Yes,Month-to-month,Yes,Mailed check,99.89,1179.29,No
CUST-01698,Male,1,Yes,No,40,Yes,No,DSL,Yes,Yes,No,No,Yes,Yes,One year,Yes,Electronic check,70.13,2779.06,Yes
CUST-01699,Male,0,Yes,No,34,Yes,Yes,DSL,No,No,No,No,Yes,No,One year,Yes,Mailed check,45.56,1661.06,No
CUST-01700,Female,0,No,No,70,Yes,No,DSL,Yes,No,Yes,No,No,Yes,Month-to-month,No,Credit card (automatic),99.94,6703.26,Yes
CUST-01701,Male,0,Yes,No,27,Yes,Yes,DSL,No,No,Yes,No,Yes,Yes,Month-to-month,Yes,Mailed check,70.58,1720.09,Yes
CUST-01702,Female,0,Yes,Yes,8,Yes,No,DSL,No,Yes,No,No,Yes,Yes,Two year,Yes,Mailed check,116.29,820.32,No
CUST-01703,Male,0,Yes,Yes,47,Yes,Yes,DSL,No,Yes,Yes,No,Yes,No,One year,Yes,Electronic check,68.01,3430.87,No
CUST-01704,Male,1,No,No,26,Yes,No,DSL,No,No,No,No,No,No,One year,Yes,Credit card (automatic),101.18,2625.14,No
CUST-01705,Male,1,No,No,57,Yes,Yes,DSL,No,No,No,Yes,No,Yes,Month-to-month,No,Electronic check,18.39,991.92,No
CUST-01706,Female,0,No,No,7,Yes,No,DSL,Yes,Yes,No,Yes,No,Yes,Month-to-month,Yes,Mailed check,43.5,269.78,No
CUST-01707,Male,0,Yes,No,26,Yes,No,No,No internet service,No internet service,No internet service,No internet service,No internet service,No internet service,Month-to-month,Yes,Electronic check,21.22,624.35,No
CUST-01708,Female,0,No,No,59,Yes,No,No,No internet service,No internet service,No internet service,No internet service,No internet service,No internet service,One year,Yes,Electronic check,73.33,3829.75,No
CUST-01709,Female,0,No,Yes,69,Yes,No,Fiber optic,Yes,No,No,No,No,Yes,One year,No,Mailed check,65.79,5203.1,No
CUST-01710,Female,0,Yes,No,47,Yes,No,No,No internet service,No internet service,No internet service,No internet service,No internet service,No internet service,Two year,Yes,Credit card (automatic),94.47,4588.43,No
CUST-01711,Male,0,Yes,Yes,35,Yes,No,Fiber optic,Yes,Yes,No,No,No,Yes,One year,No,Electronic check,29.59,1137.01,No
CUST-01712,Male,0,No,Yes,30,No,No phone service,No,No internet service,No internet service,No internet service,No internet service,No internet service,No internet service,Month-to-month,Yes,Mailed check,101.71,2952.77,No
CUST-01713,Male,0,No,No,50,Yes,No,Fiber optic,No,No,Yes,No,No,No,Two year,Yes,Mailed check,25.5,1161.5,No
CUST-01714,Male,0,No,No,24,Yes,No,Fiber optic,No,Yes,Yes,No,Yes,No,One year,Yes,Electronic check,103.15,2229.22,No
CUST-01715,Female,1,No,Yes,30,No,No phone service,No,No internet service,No internet service,No internet service,No internet service,No internet service,No internet service,One year,Yes,Credit card (automatic),73.66,2404.13,No
CUST-01716,Female,0,No,No,54,Yes,Yes,Fiber optic,No,No,No,Yes,No,Yes,One year,Yes,Electronic check,27.42,1412.72,No
CUST-01717,Female,0,Yes,Yes,67,Yes,No,Fiber optic,No,Yes,No,No,Yes,Yes,Month-to-month,Yes,Credit card (automatic),21.36,1348.43,No
CUST-01718,Male,0,No,No,32,Yes,Yes,Fiber optic,No,No,No,No,Yes,No,Month-to-month,No,Electronic check,98.43,3192.17,No
CUST-01719,Female,0,No,Yes,8,No,No phone service,No,No internet service,No internet service,No internet service,No internet service,No internet service,No internet service,One year,No,Mailed check,50.12,409.94,No
CUST-01720,Male,0,No,No,50,Yes,No,Fiber optic,Yes,No,Yes,No,No,Yes,Two year,Yes,Credit card (automatic),113.23,5207.52,No
CUST-01721,Female,0,Yes,No,47,Yes,Yes,Fiber optic,Yes,No,No,No,No,Yes,Two year,Yes,Credit card (automatic),117.49,6160.84,No
CUST-01722,Male,1,No,No,46,No,No phone service,Fiber optic,No,No,No,No,Yes,No,Two year,Yes,Mailed check,98.86,5139.49,Yes
CUST-01723,Male,0,No,Yes,35,Yes,Yes,No,No internet service,No internet service,No internet service,No internet service,No internet service,No internet service,Two year,Yes,Electronic check,94.86,3054.91,No
CUST-01724,Female,0,Yes,Yes,61,Yes,Yes,Fiber optic,No,No,No,No,No,Yes,Month-to-month,No,Electronic check,90.21,5756.61,Yes
CUST-01725,Female,0,Yes,No,51,Yes,Yes,Fiber optic,Yes,No,No,No,No,No,One year,No,Credit card (automatic),38.23,1889.0,No
CUST-01726,Female,0,No,No,63,Yes,No,Fiber optic,Yes,No,Yes,No,No,No,One year,Yes,Mailed check,33.71,1927.42,No
CUST-01727,Female,0,Yes,Yes,8,Yes,No,DSL,Yes,No,Yes,No,No,No,Month-to-month,Yes,Electronic check,58.89,458.74,Yes
CUST-01728,Male,1,No,No,34,Yes,Yes,Fiber optic,Yes,No,No,No,Yes,Yes,One year,Yes,Mailed check,113.24,4114.02,No
CUST-01729,Female,0,No,No,25,Yes,Yes,Fiber optic,Yes,No,Yes,Yes,No,Yes,Month-to-month,No,Electronic check,21.58,542.88,No
CUST-01730,Female,0,Yes,No,44,Yes,No,Fiber optic,No,No,Yes,No,No,No,Month-to-month,No,Bank transfer (automatic),100.72,4332.71,Yes
CUST-01731,Female,0,No,Yes,43,Yes,No,DSL,No,No,No,No,No,Yes,Two year,Yes,Mailed check,59.64,2490.35,No
CUST-01732,Male,0,No,No,50,Yes,Yes,Fiber optic,Yes,No,Yes,No,Yes,Yes,Two year,Yes,Bank transfer (automatic),21.5,1056.59,No
CUST-01733,Male,1,No,No,13,Yes,Yes,No,No internet service,No internet service,No internet service,No internet service,No internet service,No internet service,Two year,No,Bank transfer (automatic),36.17,448.32,No
CUST-01734,Female,1,Yes,Yes,46,Yes,No,Fiber optic,No,Yes,No,No,No,No,Month-to-month,Yes,Mailed check,116.86,4664.77,Yes
CUST-01735,Male,0,No,No,53,Yes,Yes,DSL,Yes,Yes,No,No,Yes,No,One year,No,Bank transfer (automatic),100.17,5908.54,No
CUST-01736,Female,0,Yes,No,63,Yes,No,DSL,Yes,Yes,No,No,No,No,One year,No,Bank transfer (automatic),101.48,7267.82,No
CUST-01737,Male,0,Yes,No,2,No,No phone service,Fiber optic,No,No,No,No,Yes,No,Month-to-month,Yes,Electronic check,73.42,156.62,Yes
CUST-01738,Male,0,Yes,No,40,No,No phone service,Fiber optic,No,Yes,Yes,Yes,No,Yes,Month-to-month,No,Electronic check,22.21,813.64,No
CUST-01739,Male,1,Yes,Yes,23,Yes,No,No,No internet service,No internet service,No internet service,No internet service,No internet service,No internet service,Month-to-month,Yes,Credit card (automatic),100.46,2427.33,No
CUST-01740,Male,0,Yes,No,59,Yes,No,DSL,No,Yes,No,No,No,Yes,One year,Yes,Electronic check,65.84,4317.26,No
CUST-01741,Female,0,No,Yes,69,Yes,No,Fiber optic,No,No,No,No,No,No,Month-to-month,Yes,Electronic check,90.09,6591.77,No
CUST-01742,Female,0,No,Yes,34,Yes,Yes,Fiber optic,No,Yes,Yes,No,No,No,Month-to-month,Yes,Bank transfer (automatic),93.2,3415.15,Yes
CUST-01743,Female,0,Yes,No,27,No,No phone service,Fiber optic,Yes,No,Yes,No,No,No,Two year,Yes,Electronic check,22.3,568.11,No
CUST-01744,Male,0,Yes,No,55,Yes,Yes,No,No internet service,No internet service,No internet service,No internet service,No internet service,No internet service,Month-to-month,No,Credit card (automatic),40.89,2443.7,No
CUST-01745,Female,0,No,No,4,Yes,No,DSL,No,Yes,No,Yes,No,No,One year,No,Electronic check,101.96,368.6,No
CUST-01746,Female,0,Yes,Yes,68,Yes,Yes,DSL,No,Yes,Yes,Yes,Yes,No,Month-to-month,No,Credit card (automatic),67.63,4878.35,No
CUST-01747,Female,0,No,No,72,Yes,Yes,No,No internet service,No internet service,No internet service,No internet service,No internet service,No internet service,Month-to-month,No,Mailed check,21.44,1417.93,No
CUST-01748,Male,0,No,Yes,70,Yes,No,DSL,No,Yes,Yes,Yes,Yes,Yes,Month-to-month,Yes,Electronic check,114.65,8290.62,No
CUST-01749,Male,0,No,Yes,27,Yes,No,No,No internet service,No internet service,No internet service,No internet service,No internet service,No internet service,Month-to-month,No,Bank transfer (automatic),80.37,2101.54,Yes
CUST-01750,Male,0,Yes,No,47,Yes,Yes,Fiber optic,No,Yes,No,No,Yes,No,Two year,No,Electronic check,58.39,2818.95,No
CUST-01751,Female,0,Yes,No,40,Yes,No,DSL,No,No,No,Yes,No,Yes,Two year,Yes,Bank transfer (automatic),108.77,4057.23,No
CUST-01752,Female,0,Yes,Yes,27,Yes,No,DSL,No,No,Yes,No,No,Yes,One year,Yes,Credit card (automatic),31.52,970.26,No
CUST-01753,Female,1,Yes,Yes,7,Yes,No,DSL,Yes,No,No,No,No,No,Two year,Yes,Electronic check,116.19,893.9,No
CUST-01754,Male,0,Yes,Yes,23,Yes,No,Fiber optic,No,No,No,No,No,No,Month-to-month,Yes,Electronic check,44.36,1094.78,Yes
CUST-01755,Male,0,No,No,64,No,No phone service,DSL,No,No,Yes,Yes,No,No,Month-to-month,Yes,Mailed check,74.59,4859.48,No
CUST-01756,Female,0,No,No,29,Yes,Yes,Fiber optic,No,No,No,Yes,Yes,Yes,Two year,Yes,Credit card (automatic),100.46,3185.34,No
CUST-01757,Male,0,No,Yes,61,Yes,No,DSL,Yes,No,Yes,No,No,No,Two year,Yes,Mailed check,44.94,2908.51,No
CUST-01758,Male,0,No,No,44,Yes,No,No,No internet service,No internet service,No internet service,No internet service,No internet service,No internet service,One year,Yes,Electronic check,47.5,1982.89,No
CUST-01759,Male,0,Yes,Yes,69,Yes,No,No,No internet service,No internet service,No internet service,No internet service,No internet service,No internet service,Month-to-month,Yes,Electronic check,77.65,4816.7,Yes
CUST-01760,Male,0,No,Yes,27,Yes,No,Fiber optic,No,No,Yes,No,No,Yes,Month-to-month,No,Electronic check,25.67,683.47,Yes
CUST-01761,Female,0,Yes,No,12,Yes,Yes,No,No internet service,No internet service,No internet service,No internet service,No internet service,No internet service,Month-to-month,Yes,Electronic check,94.43,1189.93,Yes
CUST-01762,Male,0,Yes,No,17,Yes,No,Fiber optic,No,No,Yes,No,Yes,Yes,Month-to-month,Yes,Bank transfer (automatic),49.26,816.54,No
CUST-01763,Male,0,No,Yes,37,Yes,Yes,DSL,Yes,No,No,No,No,No,Month-to-month,No,Electronic check,114.37,4603.63,Yes
CUST-01764,Male,0,No,Yes,34,Yes,No,DSL,No,No,Yes,No,No,Yes,Month-to-month,Yes,Credit card (automatic),47.25,1504.62,No
CUST-01765,Male,0,No,Yes,36,Yes,Yes,Fiber optic,No,No,No,No,No,Yes,Month-to-month,Yes,Bank transfer (automatic),112.84,3924.94,Yes
CUST-01766,Female,0,Yes,No,6,Yes,Yes,DSL,No,Yes,Yes,No,No,Yes,Month-to-month,Yes,Bank transfer (automatic),29.64,200.73,No
CUST-01767,Female,0,Yes,Yes,32,Yes,Yes,No,No internet service,No internet service,No internet service,No internet service,No internet service,No internet service,Month-to-month,No,Mailed check,58.51,1729.67,No
CUST-01768,Male,0,Yes,No,22,Yes,No,No,No internet service,No internet service,No internet service,No internet service,No internet service,No internet service,Month-to-month,Yes,Bank transfer (automatic),83.53,1653.72,Yes
CUST-01769,Male,1,Yes,No,10,Yes,No,Fiber optic,No,No,No,No,No,Yes,Two year,Yes,Electronic check,44.52,400.46,No
CUST-01770,Male,0,Yes,Yes,29,No,No phone service,Fiber optic,No,Yes,Yes,No,Yes,No,Month-to-month,No,Mailed check,93.29,2453.11,No
CUST-01771,Male,0,No,No,11,Yes,No,DSL,No,Yes,No,No,No,No,Two year,Yes,Credit card (automatic),118.04,1117.34,Yes
CUST-01772,Male,0,No,Yes,66,Yes,No,DSL,Yes,No,No,Yes,No,Yes,Month-to-month,No,Electronic check,112.94,7294.55,No
CUST-01773,Male,0,Yes,No,56,Yes,No,Fiber optic,No,No,No,Yes,Yes,No,Two year,Yes,Mailed check,116.57,6613.62,No
CUST-01774,Female,0,No,No,58,Yes,Yes,Fiber optic,No,Yes,No,No,No,No,One year,No,Electronic check,23.76,1459.5,No
CUST-01775,Male,0,Yes,No,52,Yes,No,Fiber optic,No,Yes,No,No,No,Yes,Two year,No,Electronic check,79.04,3567.91,Yes
CUST-01776,Female,0,No,Yes,61,Yes,No,DSL,No,No,Yes,No,Yes,No,Month-to-month,Yes,Mailed check,104.58,6451.68,No
CUST-01777,Female,1,Yes,No,17,Yes,Yes,Fiber optic,No,Yes,Yes,Yes,Yes,No,One year,No,Electronic check,106.08,1960.05,No
CUST-01778,Male,0,No,Yes,30,Yes,No,No,No internet service,No internet service,No internet service,No internet service,No internet service,No internet service,Month-to-month,No,Mailed check,67.22,2061.64,Yes
CUST-01779,Female,0,No,No,72,No,No phone service,Fiber optic,No,No,Yes,No,Yes,Yes,Month-to-month,Yes,Bank transfer (automatic),19.41,1294.51,No
CUST-01780,Female,0,No,No,37,Yes,Yes,Fiber optic,Yes,No,No,No,No,No,One year,No,Credit card (automatic),95.47,3693.54,No
CUST-01781,Female,0,Yes,No,5,Yes,Yes,DSL,Yes,Yes,No,No,No,No,Two year,No,Electronic check,112.59,539.05,No
CUST-01782,Female,0,No,No,26,Yes,No,DSL,No,No,No,No,Yes,No,Month-to-month,Yes,Credit card (automatic),18.68,501.66,No
CUST-01783,Female,0,Yes,No,70,Yes,No,Fiber optic,No,Yes,No,Yes,No,No,Month-to-month,No,Mailed check,22.64,1802.81,No
CUST-01784,Female,0,Yes,No,1,Yes,No,DSL,No,No,No,Yes,No,No,Month-to-month,Yes,Mailed check,96.01,89.11,No
CUST-01785,Male,1,Yes,No,9,Yes,No,Fiber optic,No,Yes,No,Yes,No,No,Month-to-month,Yes,Bank transfer (automatic),96.52,918.27,Yes
CUST-01786,Female,0,No,No,71,Yes,No,DSL,No,Yes,No,No,No,No,One year,Yes,Electronic check,39.41,2844.85,No
CUST-01787,Female,0,No,No,64,Yes,No,Fiber optic,No,No,No,No,No,Yes,Month-to-month,Yes,Credit card (automatic),90.35,5593.12,No
CUST-01788,Female,1,Yes,No,24,Yes,No,Fiber optic,No,Yes,No,No,No,No,One year,Yes,Bank transfer (automatic),107.0,2185.02,No
CUST-01789,Male,0,No,Yes,5,Yes,Yes,DSL,Yes,No,No,No,No,No,Month-to-month,Yes,Mailed check,44.14,246.88,No
CUST-01790,Female,0,No,Yes,51,Yes,No,No,No internet service,No internet service,No internet service,No internet service,No internet service,No internet service,Month-to-month,No,Electronic check,63.16,3555.17,No
CUST-01791,Male,1,No,No,38,Yes,Yes,No,No internet service,No internet service,No internet service,No internet service,No internet service,No internet service,Month-to-month,Yes,Mailed check,67.11,2888.09,Yes
CUST-01792,Female,0,Yes,No,29,Yes,No,Fiber optic,No,Yes,No,No,No,No,Month-to-month,Yes,Bank transfer (automatic),59.89,1814.91,Yes
CUST-01793,Male,1,No,No,46,No,No phone service,Fiber optic,No,No,Yes,No,Yes,Yes,One year,Yes,Bank transfer (automatic),51.05,2370.84,No
CUST-01794,Male,0,No,Yes,52,Yes,No,Fiber optic,No,No,No,No,Yes,No,Month-to-month,Yes,Mailed check,117.68,5481.48,Yes
CUST-01795,Female,0,Yes,No,46,Yes,No,Fiber optic,Yes,No,Yes,Yes,Yes,No,Month-to-month,No,Electronic check,75.59,3437.31,No
CUST-01796,Female,1,No,Yes,68,Yes,No,Fiber optic,No,No,Yes,No,No,Yes,Two year,Yes,Bank transfer (automatic),90.12,5976.48,No
CUST-01797,Male,0,Yes,No,59,Yes,No,No,No internet service,No internet service,No internet service,No internet service,No internet service,No internet service,One year,No,Electronic check,28.96,1581.3,No
CUST-01798,Female,0,Yes,No,10,No,No phone service,Fiber optic,Yes,Yes,No,Yes,No,No,Two year,No,Credit card (automatic),69.46,762.86,No
CUST-01799,Male,0,Yes,Yes,4,Yes,No,Fiber optic,No,No,No,Yes,No,Yes,Month-to-month,Yes,Mailed check,108.31,454.72,Yes
CUST-01800,Male,1,Yes,No,52,Yes,Yes,DSL,Yes,No,No,No,No,No,Month-to-month,Yes,Credit card (automatic),89.93,4998.44,No
CUST-01801,Male,0,No,No,18,Yes,No,DSL,No,No,No,No,Yes,No,Two year,Yes,Mailed check,46.38,884.67,No
CUST-01802,Male,0,Yes,No,51,Yes,No,Fiber optic,No,No,Yes,No,No,No,Two year,Yes,Mailed check,102.96,4625.54,No
CUST-01803,Male,0,No,Yes,23,Yes,No,No,No internet service,No internet service,No internet service,No internet service,No internet service,No internet service,One year,Yes,Bank transfer (automatic),23.51,581.4,No
CUST-01804,Female,0,Yes,Yes,25,Yes,No,Fiber optic,No,No,No,Yes,No,Yes,Month-to-month,No,Mailed check,117.29,3237.5,No
CUST-01805,Male,0,No,Yes,60,Yes,Yes,Fiber optic,No,No,No,No,No,No,Two year,No,Electronic check,94.41,5608.92,No
CUST-01806,Male,0,No,Yes,37,Yes,No,DSL,Yes,Yes,No,No,No,Yes,Month-to-month,No,Credit card (automatic),113.82,4623.91,No
CUST-01807,Female,0,No,Yes,68,Yes,No,Fiber optic,No,No,No,No,Yes,Yes,Month-to-month,No,Bank transfer (automatic),104.21,6869.44,No
CUST-01808,Male,0,No,Yes,18,Yes,No,Fiber optic,No,No,Yes,Yes,No,No,Month-to-month,No,Bank transfer (automatic),95.75,1848.16,Yes
CUST-01809,Female,0,No,No,29,Yes,Yes,Fiber optic,Yes,Yes,No,No,Yes,Yes,Month-to-month,Yes,Bank transfer (automatic),62.7,1916.35,No
CUST-01810,Female,0,Yes,No,30,Yes,Yes,Fiber optic,No,Yes,Yes,Yes,Yes,No,Two year,Yes,Bank transfer (automatic),99.41,3329.98,No
CUST-01811,Female,0,No,No,7,No,No phone service,No,No internet service,No internet service,No internet service,No internet service,No internet service,No internet service,Two year,No,Electronic check,25.89,182.53,Yes
CUST-01812,Male,1,No,No,41,Yes,No,No,No internet service,No internet service,No internet service,No internet service,No internet service,No internet service,Month-to-month,Yes,Electronic check,41.19,1525.85,Yes
CUST-01813,Male,0,No,No,37,Yes,No,Fiber optic,Yes,No,No,Yes,Yes,Yes,Two year,Yes,Bank transfer (automatic),107.44,3720.12,No
CUST-01814,Male,0,No,No,27,Yes,No,No,No internet service,No internet service,No internet service,No internet service,No internet service,No internet service,Month-to-month,Yes,Credit card (automatic),88.51,2366.98,No
CUST-01815,Female,0,No,Yes,21,Yes,Yes,Fiber optic,Yes,No,No,No,No,No,Month-to-month,No,Bank transfer (automatic),36.98,768.43,Yes
CUST-01816,Male,0,Yes,Yes,43,Yes,Yes,No,No internet service,No internet service,No internet service,No internet service,No internet service,No internet service,Month-to-month,No,Credit card (automatic),60.01,2697.8,No
CUST-01817,Female,0,No,No,51,Yes,Yes,Fiber optic,Yes,No,No,No,Yes,No,Two year,No,Credit card (automatic),89.95,3933.27,No
CUST-01818,Male,0,Yes,No,71,Yes,No,No,No internet service,No internet service,No internet service,No internet service,No internet service,No internet service,Two year,No,Electronic check,98.28,6942.94,No
CUST-01819,Female,0,Yes,No,13,Yes,Yes,DSL,No,Yes,No,No,No,No,Month-to-month,No,Mailed check,102.71,1366.76,Yes
CUST-01820,Male,1,No,No,53,Yes,Yes,Fiber optic,No,Yes,No,Yes,No,No,Two year,No,Bank transfer (automatic),33.12,1829.51,No
CUST-01821,Male,0,Yes,Yes,63,Yes,Yes,DSL,No,No,No,Yes,No,No,One year,Yes,Mailed check,18.93,1275.28,No
CUST-01822,Male,0,Yes,No,57,Yes,No,DSL,No,No,No,No,No,Yes,Month-to-month,No,Bank transfer (automatic),31.76,1910.16,No
CUST-01823,Female,0,No,No,25,Yes,No,Fiber optic,No,Yes,No,No,No,Yes,Two year,Yes,Electronic check,67.72,1819.93,No
CUST-01824,Female,1,No,No,13,Yes,Yes,DSL,No,Yes,No,Yes,No,Yes,Two year,Yes,Bank transfer (automatic),110.89,1594.59,Yes
CUST-01825,Male,0,No,No,37,Yes,Yes,Fiber optic,No,No,No,No,No,No,Month-to-month,Yes,Bank transfer (automatic),37.73,1222.2,Yes
CUST-01826,Male,0,No,No,30,Yes,Yes,Fiber optic,No,Yes,No,No,No,Yes,Month-to-month,No,Credit card (automatic),95.77,2822.73,Yes
CUST-01827,Female,0,No,Yes,12,Yes,No,DSL,Yes,No,No,No,No,Yes,One year,Yes,Credit card (automatic),86.47,942.1,No
CUST-01828,Female,0,Yes,Yes,65,No,No phone service,Fiber optic,No,No,No,No,No,Yes,One year,No,Mailed check,115.11,6375.81,No
CUST-01829,Female,0,No,No,18,Yes,No,No,No internet service,No internet service,No internet service,No internet service,No internet service,No internet service,Month-to-month,Yes,Electronic check,47.48,818.4,No
CUST-01830,Male,0,Yes,No,62,Yes,No,Fiber optic,No,No,Yes,No,Yes,No,Month-to-month,Yes,Mailed check,87.18,6210.62,No
CUST-01831,Female,1,Yes,Yes,24,Yes,No,DSL,No,Yes,No,No,Yes,Yes,Month-to-month,Yes,Bank transfer (automatic),21.22,473.63,No
CUST-01832,Male,1,No,Yes,60,Yes,Yes,Fiber optic,No,Yes,Yes,No,No,No,Month-to-month,Yes,Mailed check,42.38,2515.75,Yes
CUST-01833,Female,0,No,No,17,Yes,No,DSL,No,No,No,No,Yes,No,Month-to-month,Yes,Credit card (automatic),81.09,1544.72,No
CUST-01834,Male,1,Yes,No,60,Yes,Yes,Fiber optic,No,No,Yes,No,No,Yes,One year,Yes,Electronic check,115.79,6280.38,No
CUST-01835,Female,0,Yes,No,9,Yes,No,Fiber optic,No,No,Yes,No,No,No,Month-to-month,Yes,Bank transfer (automatic),58.36,470.02,Yes
CUST-01836,Female,0,No,No,52,Yes,No,No,No internet service,No internet service,No internet service,No internet service,No internet service,No internet service,Two year,Yes,Bank transfer (automatic),85.02,4201.07,No
CUST-01837,Female,0,No,No,15,Yes,No,Fiber optic,No,Yes,Yes,Yes,Yes,No,Month-to-month,No,Electronic check,25.65,401.96,No
CUST-01838,Female,0,No,Yes,28,Yes,No,Fiber optic,Yes,No,Yes,No,Yes,No,One year,No,Electronic check,19.39,559.71,Yes
CUST-01839,Female,1,Yes,Yes,9,Yes,No,Fiber optic,Yes,Yes,No,No,No,No,Two year,Yes,Bank transfer (automatic),33.33,280.99,No
CUST-01840,Male,0,No,No,56,No,No phone service,Fiber optic,No,Yes,No,No,Yes,No,One year,No,Bank transfer (automatic),76.68,4815.37,No
CUST-01841,Female,0,Yes,No,36,Yes,No,No,No internet service,No internet service,No internet service,No internet service,No internet service,No internet service,Two year,No,Credit card (automatic),99.62,3148.65,No
CUST-01842,Female,0,Yes,No,56,Yes,No,DSL,No,No,Yes,Yes,No,No,Month-to-month,Yes,Bank transfer (automatic),54.73,3412.06,No
CUST-01843,Female,0,No,No,71,Yes,No,DSL,No,No,No,Yes,No,No,Month-to-month,Yes,Bank transfer (automatic),88.64,5676.65,No
CUST-01844,Male,0,No,No,20,Yes,No,DSL,Yes,Yes,No,No,No,No,Month-to-month,No,Mailed check,66.14,1333.46,No
CUST-01845,Female,0,Yes,No,55,Yes,No,DSL,Yes,Yes,Yes,Yes,No,Yes,One year,Yes,Electronic check,100.49,5710.49,No
CUST-01846,Male,0,Yes,Yes,60,Yes,No,Fiber optic,Yes,No,Yes,Yes,No,No,Two year,Yes,Mailed check,28.71,1947.69,No
CUST-01847,Female,1,No,No,35,Yes,No,Fiber optic,No,No,No,Yes,No,Yes,Month-to-month,Yes,Bank transfer (automatic),76.95,2522.06,No
CUST-01848,Female,0,Yes,No,1,Yes,Yes,No,No internet service,No internet service,No internet service,No internet service,No internet service,No internet service,One year,Yes,Credit card (automatic),111.87,125.87,No
CUST-01849,Male,0,Yes,No,45,Yes,No,Fiber optic,No,Yes,No,Yes,Yes,No,Month-to-month,No,Bank transfer (automatic),27.15,1393.26,Yes
CUST-01850,Female,1,Yes,No,69,Yes,Yes,Fiber optic,No,No,No,No,No,No,Month-to-month,No,Bank transfer (automatic),44.69,3508.67,No
CUST-01851,Male,0,Yes,No,40,Yes,No,Fiber optic,Yes,No,Yes,No,No,No,Month-to-month,Yes,Mailed check,45.7,1835.71,No
CUST-01852,Male,0,Yes,Yes,38,Yes,No,No,No internet service,No internet service,No internet service,No internet service,No internet service,No internet service,Month-to-month,Yes,Mailed check,83.86,2861.05,No
CUST-01853,Female,0,No,No,24,Yes,No,Fiber optic,No,No,No,No,No,Yes,Two year,No,Mailed check,96.76,2340.5,No
CUST-01854,Male,0,No,No,4,Yes,Yes,DSL,Yes,No,Yes,Yes,No,No,Two year,Yes,Mailed check,82.55,361.26,No
CUST-01855,Female,0,No,No,69,Yes,No,DSL,No,No,Yes,No,No,No,Month-to-month,No,Mailed check,63.23,4181.11,No
CUST-01856,Female,0,No,No,13,Yes,No,No,No internet service,No internet service,No internet service,No internet service,No internet service,No internet service,Two year,Yes,Credit card (automatic),43.43,610.46,No
CUST-01857,Male,0,No,No,21,Yes,No,Fiber optic,No,No,No,No,No,Yes,Month-to-month,No,Electronic check,111.61,2401.69,Yes
CUST-01858,Male,0,No,No,32,Yes,No,DSL,Yes,Yes,Yes,No,No,No,Month-to-month,Yes,Mailed check,36.47,1180.23,No
CUST-01859,Male,0,No,No,38,Yes,No,Fiber optic,No,No,No,No,No,Yes,Two year,No,Credit card (automatic),95.55,3511.47,No
CUST-01860,Male,0,Yes,No,32,Yes,Yes,No,No internet service,No internet service,No internet service,No internet service,No internet service,No internet service,Month-to-month,Yes,Mailed check,34.03,1149.01,No
CUST-01861,Female,0,No,Yes,57,Yes,No,No,No internet service,No internet service,No internet service,No internet service,No internet service,No internet service,Two year,Yes,Credit card (automatic),60.75,3327.67,No
CUST-01862,Female,0,Yes,No,48,Yes,Yes,Fiber optic,No,No,Yes,Yes,No,No,Two year,Yes,Bank transfer (automatic),48.54,2295.99,No
CUST-01863,Male,0,No,No,30,Yes,No,No,No internet service,No internet service,No internet service,No internet service,No internet service,No internet service,Month-to-month,Yes,Electronic check,47.12,1249.7,No
CUST-01864,Female,0,No,No,71,Yes,No,Fiber optic,No,No,Yes,Yes,No,No,Month-to-month,Yes,Electronic check,49.0,3756.27,No
CUST-01865,Female,0,No,No,38,Yes,No,Fiber optic,Yes,No,No,No,Yes,Yes,Two year,No,Electronic check,101.2,3968.95,No
CUST-01866,Female,1,No,Yes,44,Yes,Yes,Fiber optic,No,No,No,Yes,No,No,One year,Yes,Bank transfer (automatic),41.56,1953.82,No
CUST-01867,Female,0,Yes,No,26,Yes,Yes,No,No internet service,No internet service,No internet service,No internet service,No internet service,No internet service,One year,Yes,Bank transfer (automatic),40.89,1209.81,No
CUST-01868,Male,0,Yes,No,2,Yes,No,Fiber optic,No,No,Yes,No,No,Yes,Month-to-month,No,Bank transfer (automatic),51.66,95.74,No
CUST-01869,Male,0,Yes,No,43,Yes,No,DSL,No,No,No,Yes,Yes,Yes,Month-to-month,Yes,Credit card (automatic),83.57,3826.93,No
CUST-01870,Female,1,Yes,No,43,Yes,No,Fiber optic,No,No,No,No,No,Yes,Month-to-month,Yes,Electronic check,73.93,3016.47,No
CUST-01871,Male,0,Yes,No,63,Yes,No,Fiber optic,Yes,Yes,No,No,No,Yes,Month-to-month,Yes,Electronic check,60.93,3495.48,Yes
CUST-01872,Male,0,Yes,No,58,Yes,No,Fiber optic,Yes,No,Yes,Yes,No,Yes,Month-to-month,Yes,Electronic check,112.69,6610.39,No
CUST-01873,Male,1,Yes,Yes,48,Yes,No,DSL,Yes,No,No,No,No,No,One year,Yes,Mailed check,35.52,1941.38,No
CUST-01874,Female,0,No,No,5,Yes,Yes,Fiber optic,Yes,No,No,No,No,No,Month-to-month,Yes,Mailed check,30.35,172.43,Yes
CUST-01875,Female,0,Yes,No,35,Yes,Yes,DSL,Yes,No,Yes,No,No,Yes,One year,No,Electronic check,36.0,1414.32,No
CUST-01876,Female,0,Yes,No,16,Yes,Yes,No,No internet service,No internet service,No internet service,No internet service,No internet service,No internet service,Month-to-month,No,Electronic check,79.17,1264.94,No
CUST-01877,Male,0,Yes,Yes,49,Yes,Yes,Fiber optic,No,Yes,Yes,Yes,Yes,Yes,Month-to-month,No,Mailed check,97.52,4987.5,Yes
CUST-01878,Female,0,No,Yes,60,Yes,No,No,No internet service,No internet service,No internet service,No internet service,No internet service,No internet service,One year,Yes,Credit card (automatic),93.15,4865.04,No
CUST-01879,Female,0,Yes,Yes,51,Yes,No,Fiber optic,No,No,No,No,Yes,No,Two year,No,Bank transfer (automatic),109.76,5034.69,No
CUST-01880,Male,0,No,No,59,Yes,No,Fiber optic,Yes,Yes,No,No,No,No,Month-to-month,Yes,Credit card (automatic),91.86,5045.23,No
CUST-01881,Female,0,Yes,Yes,64,Yes,Yes,DSL,Yes,Yes,No,No,No,No,One year,No,Bank transfer (automatic),118.73,7026.2,No
CUST-01882,Female,0,No,No,13,No,No phone service,Fiber optic,No,No,No,No,No,Yes,One year,No,Credit card (automatic),73.47,1067.21,Yes
CUST-01883,Male,0,No,No,26,Yes,No,No,No internet service,No internet service,No internet service,No internet service,No internet service,No internet service,Month-to-month,Yes,Electronic check,118.23,3082.35,Yes
CUST-01884,Male,0,Yes,No,70,Yes,No,DSL,No,No,Yes,No,No,No,Two year,Yes,Credit card (automatic),72.27,4950.16,No
CUST-01885,Male,0,Yes,No,3,Yes,No,DSL,No,Yes,No,No,No,No,Month-to-month,Yes,Bank transfer (automatic),26.36,69.34,No
CUST-01886,Female,0,Yes,No,12,Yes,Yes,No,No internet service,No internet service,No internet service,No internet service,No internet service,No internet service,Month-to-month,No,Bank transfer (automatic),99.1,1288.53,No
CUST-01887,Female,1,No,No,41,No,No phone service,No,No internet service,No internet service,No internet service,No internet service,No internet service,No internet service,Month-to-month,Yes,Bank transfer (automatic),107.3,3744.13,No
CUST-01888,Female,0,Yes,Yes,65,Yes,No,Fiber optic,No,No,Yes,No,No,Yes,One year,Yes,Mailed check,63.3,4541.66,No
CUST-01889,Male,0,No,No,63,Yes,No,Fiber optic,Yes,No,Yes,Yes,No,No,Two year,Yes,Mailed check,33.21,1892.05,No
CUST-01890,Male,0,No,No,50,Yes,No,Fiber optic,No,No,No,No,No,No,Month-to-month,No,Credit card (automatic),112.4,5618.56,Yes
CUST-01891,Female,0,No,Yes,47,Yes,Yes,Fiber optic,No,No,No,Yes,No,No,Month-to-month,Yes,Mailed check,108.83,4889.9,No
CUST-01892,Female,0,Yes,No,8,No,No phone service,Fiber optic,No,No,No,No,Yes,No,Month-to-month,Yes,Mailed check,44.67,403.65,No
CUST-01893,Male,0,Yes,No,31,Yes,Yes,Fiber optic,Yes,No,Yes,No,No,No,Two year,Yes,Bank transfer (automatic),35.36,1249.54,No
CUST-01894,Male,0,No,No,11,Yes,Yes,Fiber optic,Yes,No,Yes,No,No,Yes,Month-to-month,Yes,Credit card (automatic),27.67,332.84,No
CUST-01895,Male,0,No,No,17,Yes,No,DSL,No,No,No,No,No,No,Two year,Yes,Electronic check,40.51,712.91,No
CUST-01896,Male,0,No,No,27,Yes,No,DSL,No,Yes,No,No,No,Yes,Month-to-month,Yes,Credit card (automatic),101.09,2737.56,Yes
CUST-01897,Female,0,No,No,27,Yes,Yes,Fiber optic,No,No,No,Yes,Yes,No,One year,Yes,Credit card (automatic),76.84,1909.34,Yes
CUST-01898,Male,1,No,No,56,Yes,No,DSL,Yes,No,No,Yes,No,Yes,Month-to-month,No,Electronic check,66.8,3846.9,No
CUST-01899,Female,0,No,No,69,Yes,No,Fiber optic,Yes,Yes,Yes,No,Yes,Yes,Two year,Yes,Electronic check,108.6,7857.73,No
CUST-01900,Female,0,No,No,47,Yes,No,DSL,Yes,Yes,Yes,No,Yes,Yes,Month-to-month,Yes,Credit card (automatic),52.59,2794.78,No
CUST-01901,Female,0,Yes,No,19,Yes,Yes,DSL,Yes,No,Yes,Yes,No,No,Two year,Yes,Electronic check,65.12,1278.96,No
CUST-01902,Male,0,No,No,57,Yes,Yes,Fiber optic,No,No,No,No,No,No,One year,Yes,Credit card (automatic),114.19,7200.81,No
CUST-01903,Male,0,Yes,Yes,31,No,No phone service,DSL,No,No,No,Yes,No,Yes,One year,No,Electronic check,46.04,1391.05,No
CUST-01904,Male,0,Yes,No,16,Yes,No,Fiber optic,No,No,Yes,No,Yes,No,Month-to-month,Yes,Electronic check,87.81,1419.67,Yes
CUST-01905,Male,0,No,No,45,Yes,No,DSL,Yes,Yes,No,No,Yes,No,Month-to-month,Yes,Bank transfer (automatic),35.14,1779.03,No
CUST-01906,Female,0,Yes,Yes,27,Yes,Yes,Fiber optic,No,No,No,Yes,No,Yes,One year,No,Mailed check,73.97,2145.32,No
CUST-01907,Male,0,Yes,Yes,61,No,No phone service,DSL,Yes,Yes,No,No,No,Yes,Two year,Yes,Credit card (automatic),103.82,7135.57,Yes
CUST-01908,Male,0,Yes,Yes,26,Yes,Yes,DSL,No,Yes,No,No,Yes,No,Month-to-month,No,Electronic check,48.24,1118.53,No
CUST-01909,Female,1,No,No,29,Yes,Yes,Fiber optic,Yes,No,Yes,No,No,No,Two year,No,Electronic check,35.91,948.8,Yes
CUST-01910,Male,0,No,No,44,Yes,Yes,Fiber optic,No,Yes,No,No,No,Yes,Month-to-month,No,Bank transfer (automatic),106.15,4376.43,No
CUST-01911,Female,0,No,Yes,29,Yes,Yes,DSL,Yes,Yes,Yes,Yes,No,No,Month-to-month,Yes,Mailed check,36.26,1157.2,No
CUST-01912,Female,0,Yes,No,2,No,No phone service,Fiber optic,No,Yes,No,No,No,No,Month-to-month,No,Bank transfer (automatic),109.5,212.06,Yes
CUST-01913,Female,0,Yes,No,6,No,No phone service,DSL,No,Yes,No,Yes,No,Yes,Month-to-month,No,Electronic check,90.99,466.84,Yes
CUST-01914,Female,1,Yes,Yes,9,Yes,No,Fiber optic,No,No,No,No,No,No,One year,No,Credit card (automatic),35.47,299.56,No
CUST-01915,Female,0,Yes,Yes,15,Yes,No,Fiber optic,Yes,No,No,No,No,Yes,Month-to-month,Yes,Electronic check,108.38,1433.52,Yes
CUST-01916,Female,0,No,No,58,Yes,No,DSL,No,Yes,No,No,No,Yes,Month-to-month,No,Mailed check,43.05,2690.88,No
CUST-01917,Female,0,Yes,Yes,2,Yes,Yes,No,No internet service,No internet service,No internet service,No internet service,No internet service,No internet service,One year,No,Bank transfer (automatic),43.96,83.08,No
CUST-01918,Female,0,Yes,Yes,3,Yes,Yes,No,No internet service,No internet service,No internet service,No internet service,No internet service,No internet service,Month-to-month,Yes,Electronic check,94.34,297.36,No
CUST-01919,Male,0,Yes,No,52,Yes,Yes,DSL,No,No,Yes,No,Yes,Yes,Month-to-month,Yes,Electronic check,80.23,4004.96,No
CUST-01920,Male,0,Yes,No,55,Yes,No,DSL,Yes,Yes,No,No,Yes,Yes,Month-to-month,No,Electronic check,101.53,6316.67,No
CUST-01921,Male,1,Yes,No,53,Yes,Yes,DSL,No,No,No,No,Yes,Yes,One year,No,Electronic check,57.87,2842.26,No
CUST-01922,Male,0,No,No,72,Yes,Yes,No,No internet service,No internet service,No internet service,No internet service,No internet service,No internet service,Two year,Yes,Credit card (automatic),91.27,6722.5,No
CUST-01923,Female,0,No,No,40,Yes,Yes,Fiber optic,No,No,No,No,No,Yes,Month-to-month,No,Mailed check,73.69,3010.26,No
CUST-01924,Male,0,No,Yes,39,Yes,No,DSL,No,No,No,No,No,No,Two year,No,Electronic check,70.38,2823.44,Yes
CUST-01925,Female,0,No,Yes,43,Yes,No,No,No internet service,No internet service,No internet service,No internet service,No internet service,No internet service,Month-to-month,Yes,Credit card (automatic),81.54,3209.88,No
CUST-01926,Male,0,Yes,No,13,Yes,Yes,Fiber optic,No,No,No,Yes,Yes,Yes,Month-to-month,Yes,Electronic check,109.89,1353.37,Yes
CUST-01927,Male,0,No,No,37,Yes,Yes,Fiber optic,No,No,No,No,Yes,Yes,Month-to-month,Yes,Credit card (automatic),81.49,2752.79,No
CUST-01928,Male,1,No,No,55,No,No phone service,No,No internet service,No internet service,No internet service,No internet service,No internet service,No internet service,Month-to-month,Yes,Electronic check,73.04,3442.69,No
CUST-01929,Female,0,Yes,Yes,32,Yes,Yes,No,No internet service,No internet service,No internet service,No internet service,No internet service,No internet service,One year,Yes,Bank transfer (automatic),117.21,3910.12,No
CUST-01930,Male,0,No,Yes,14,Yes,Yes,DSL,Yes,No,Yes,No,No,Yes,Month-to-month,No,Electronic check,101.56,1633.36,No
CUST-01931,Female,0,No,Yes,65,Yes,Yes,Fiber optic,No,No,No,No,No,No,Month-to-month,Yes,Credit card (automatic),19.55,1344.99,No
CUST-01932,Female,0,Yes,No,27,Yes,No,Fiber optic,No,Yes,No,No,No,Yes,One year,Yes,Electronic check,42.18,1240.08,Yes
CUST-01933,Male,0,No,Yes,24,Yes,Yes,DSL,No,No,No,Yes,No,Yes,Two year,Yes,Mailed check,62.16,1288.17,No
CUST-01934,Male,0,No,No,22,Yes,No,DSL,No,Yes,Yes,Yes,No,Yes,Two year,No,Electronic check,62.67,1474.08,Yes
CUST-01935,Male,0,No,No,45,Yes,Yes,Fiber optic,No,No,No,No,No,No,Two year,No,Mailed check,114.06,5186.37,Yes
CUST-01936,Female,0,No,Yes,8,Yes,No,No,No internet service,No internet service,No internet service,No internet service,No internet service,No internet service,Month-to-month,Yes,Mailed check,48.49,362.25,No
CUST-01937,Male,1,Yes,Yes,67,Yes,No,No,No internet service,No internet service,No internet service,No internet service,No internet service,No internet service,Two year,Yes,Credit card (automatic),115.74,7986.41,No
CUST-01938,Female,1,Yes,No,64,No,No phone service,No,No internet service,No internet service,No internet service,No internet service,No internet service,No internet service,Month-to-month,Yes,Credit card (automatic),21.56,1466.97,No
CUST-01939,Female,0,No,Yes,47,Yes,No,No,No internet service,No internet service,No internet service,No internet service,No internet service,No internet service,Two year,No,Credit card (automatic),109.11,5802.15,No
CUST-01940,Male,0,No,Yes,21,Yes,No,DSL,Yes,No,No,No,Yes,No,Month-to-month,Yes,Electronic check,82.32,1573.1,Yes
CUST-01941,Male,0,No,Yes,32,Yes,No,Fiber optic,No,No,Yes,Yes,Yes,Yes,Two year,Yes,Electronic check,59.41,2008.7,Yes
CUST-01942,Female,0,Yes,No,45,Yes,Yes,Fiber optic,Yes,No,No,Yes,Yes,Yes,One year,No,Bank transfer (automatic),117.77,5414.08,No
CUST-01943,Female,0,Yes,No,44,Yes,Yes,Fiber optic,No,No,No,No,Yes,No,Month-to-month,Yes,Bank transfer (automatic),118.54,5359.6,No
CUST-01944,Female,0,Yes,Yes,41,Yes,Yes,No,No internet service,No internet service,No internet service,No internet service,No internet service,No internet service,Two year,Yes,Credit card (automatic),60.45,2178.8,No
CUST-01945,Male,0,Yes,No,52,Yes,Yes,Fiber optic,No,Yes,No,No,No,No,Two year,Yes,Bank transfer (automatic),37.68,1924.18,No
CUST-01946,Female,0,Yes,No,11,Yes,Yes,Fiber optic,No,No,Yes,Yes,Yes,No,One year,Yes,Electronic check,64.15,732.32,No
CUST-01947,Male,0,Yes,No,18,Yes,Yes,Fiber optic,No,No,No,Yes,Yes,Yes,Month-to-month,No,Mailed check,101.95,1672.9,No
CUST-01948,Female,0,Yes,Yes,11,Yes,No,Fiber optic,No,Yes,Yes,No,No,No,Month-to-month,No,Mailed check,89.02,901.21,No
CUST-01949,Female,0,Yes,No,27,Yes,No,DSL,Yes,No,No,No,Yes,Yes,Month-to-month,Yes,Credit card (automatic),24.18,672.46,No
CUST-01950,Male,0,Yes,No,43,Yes,No,No,No internet service,No internet service,No internet service,No internet service,No internet service,No internet service,One year,No,Mailed check,40.64,1849.72,No
CUST-01951,Female,0,No,No,65,No,No phone service,DSL,No,No,Yes,Yes,No,No,Two year,Yes,Bank transfer (automatic),65.08,3852.36,No
CUST-01952,Male,0,No,No,54,Yes,Yes,DSL,No,No,No,No,No,No,Month-to-month,No,Mailed check,114.57,6356.32,No
CUST-01953,Male,1,Yes,No,29,Yes,Yes,Fiber optic,Yes,Yes,No,No,No,Yes,Month-to-month,Yes,Electronic check,80.24,2278.52,Yes
CUST-01954,Female,0,No,No,21,No,No phone service,Fiber optic,Yes,No,Yes,Yes,No,Yes,Two year,No,Mailed check,23.34,440.95,No
CUST-01955,Male,0,No,No,29,Yes,No,No,No internet service,No internet service,No internet service,No internet service,No internet service,No internet service,Month-to-month,Yes,Electronic check,56.8,1450.41,No
CUST-01956,Male,0,No,No,9,Yes,Yes,No,No internet service,No internet service,No internet service,No internet service,No internet service,No internet service,Month-to-month,No,Mailed check,109.38,1066.59,Yes
CUST-01957,Female,1,Yes,No,61,Yes,No,Fiber optic,No,Yes,No,No,No,No,Two year,No,Electronic check,69.1,3963.59,Yes
CUST-01958,Male,0,Yes,Yes,62,Yes,No,Fiber optic,No,No,Yes,No,No,Yes,Two year,Yes,Electronic check,28.0,1545.25,No
CUST-01959,Male,0,No,Yes,71,Yes,Yes,Fiber optic,Yes,No,No,No,No,Yes,Month-to-month,No,Bank transfer (automatic),78.4,5802.06,No
CUST-01960,Male,1,Yes,No,5,Yes,No,No,No internet service,No internet service,No internet service,No internet service,No internet service,No internet service,Month-to-month,No,Electronic check,86.34,411.53,No
CUST-01961,Female,0,No,No,15,Yes,Yes,DSL,No,No,Yes,No,No,No,Month-to-month,Yes,Bank transfer (automatic),93.9,1213.35,No
CUST-01962,Male,1,No,No,57,Yes,No,Fiber optic,No,Yes,Yes,No,Yes,Yes,One year,Yes,Electronic check,51.99,3358.2,Yes
CUST-01963,Female,1,No,No,5,Yes,No,Fiber optic,Yes,No,Yes,No,Yes,Yes,Month-to-month,Yes,Bank transfer (automatic),88.7,466.46,Yes
CUST-01964,Female,1,Yes,Yes,20,Yes,Yes,DSL,No,No,Yes,Yes,Yes,Yes,Month-to-month,No,Electronic check,50.43,915.17,No
CUST-01965,Male,0,Yes,No,4,Yes,Yes,Fiber optic,Yes,No,No,No,Yes,No,Two year,Yes,Electronic check,70.54,243.98,Yes
CUST-01966,Male,0,Yes,Yes,56,Yes,Yes,Fiber optic,No,No,No,No,No,No,Month-to-month,No,Mailed check,20.21,1129.28,No
CUST-01967,Male,0,No,No,34,Yes,Yes,No,No internet service,No internet service,No internet service,No internet service,No internet service,No internet service,Month-to-month,Yes,Credit card (automatic),86.0,3359.02,No
CUST-01968,Female,0,Yes,No,40,Yes,No,No,No internet service,No internet service,No internet service,No internet service,No internet service,No internet service,One year,Yes,Bank transfer (automatic),56.27,2164.07,No
CUST-01969,Male,0,No,Yes,69,Yes,No,Fiber optic,No,No,Yes,Yes,No,No,Month-to-month,No,Electronic check,89.1,6848.49,No
CUST-01970,Male,0,Yes,Yes,68,Yes,No,No,No internet service,No internet service,No internet service,No internet service,No internet service,No internet service,Two year,Yes,Bank transfer (automatic),115.17,8333.73,No
CUST-01971,Male,0,Yes,Yes,22,Yes,No,DSL,Yes,No,Yes,Yes,No,No,Month-to-month,No,Mailed check,26.4,538.5,No
CUST-01972,Male,0,Yes,Yes,14,Yes,Yes,Fiber optic,Yes,No,No,Yes,No,Yes,Month-to-month,Yes,Credit card (automatic),104.62,1264.28,No
CUST-01973,Male,0,No,No,68,Yes,Yes,Fiber optic,No,Yes,Yes,No,No,No,Two year,Yes,Bank transfer (automatic),41.63,3155.83,No
CUST-01974,Female,0,No,Yes,8,Yes,Yes,Fiber optic,No,Yes,Yes,No,Yes,No,Two year,Yes,Credit card (automatic),42.59,372.25,No
CUST-01975,Female,0,Yes,Yes,67,Yes,Yes,No,No internet service,No internet service,No internet service,No internet service,No internet service,No internet service,Month-to-month,No,Electronic check,40.97,2915.4,Yes
CUST-01976,Male,0,No,Yes,46,Yes,Yes,DSL,No,No,Yes,No,Yes,No,Two year,Yes,Mailed check,32.07,1686.99,No
CUST-01977,Male,0,No,No,29,Yes,No,No,No internet service,No internet service,No internet service,No internet service,No internet service,No internet service,Month-to-month,Yes,Electronic check,37.96,1246.31,No
CUST-01978,Male,0,No,No,12,Yes,Yes,DSL,Yes,No,Yes,Yes,No,No,One year,Yes,Mailed check,92.86,1011.74,No
CUST-01979,Male,0,No,Yes,52,Yes,No,Fiber optic,No,Yes,No,No,Yes,No,Two year,Yes,Electronic check,95.48,5002.68,No
CUST-01980,Female,0,Yes,No,58,Yes,Yes,DSL,No,Yes,Yes,No,Yes,No,Month-to-month,No,Electronic check,114.86,6076.99,No
CUST-01981,Male,0,Yes,No,2,Yes,Yes,No,No internet service,No internet service,No internet service,No internet service,No internet service,No internet service,Month-to-month,Yes,Mailed check,28.68,64.09,No
CUST-01982,Female,0,No,No,1,Yes,No,DSL,No,Yes,Yes,No,No,Yes,One year,No,Bank transfer (automatic),33.38,28.79,Yes
CUST-01983,Female,0,Yes,No,55,Yes,No,Fiber optic,Yes,No,No,No,Yes,Yes,Month-to-month,No,Bank transfer (automatic),107.21,6251.7,No
CUST-01984,Male,1,Yes,Yes,34,Yes,No,No,No internet service,No internet service,No internet service,No internet service,No internet service,No internet service,Month-to-month,Yes,Mailed check,74.99,2684.27,Yes
CUST-01985,Female,0,Yes,No,64,Yes,No,No,No internet service,No internet service,No internet service,No internet service,No internet service,No internet service,One year,No,Bank transfer (automatic),73.04,4283.01,No
CUST-01986,Female,0,No,No,68,Yes,Yes,No,No internet service,No internet service,No internet service,No internet service,No internet service,No internet service,Two year,Yes,Credit card (automatic),95.83,7342.09,No
CUST-01987,Female,0,Yes,No,12,Yes,No,Fiber optic,No,No,No,No,No,Yes,Month-to-month,Yes,Electronic check,73.82,910.63,No
CUST-01988,Female,0,No,Yes,50,Yes,No,Fiber optic,Yes,Yes,Yes,No,No,No,Month-to-month,Yes,Mailed check,24.5,1375.56,No
CUST-01989,Male,0,Yes,No,21,Yes,No,No,No internet service,No internet service,No internet service,No internet service,No internet service,No internet service,Month-to-month,Yes,Credit card (automatic),108.62,2257.95,No
CUST-01990,Male,0,No,No,10,Yes,No,No,No internet service,No internet service,No internet service,No internet service,No internet service,No internet service,Two year,No,Bank transfer (automatic),31.71,346.56,No
CUST-01991,Female,0,Yes,Yes,70,Yes,Yes,Fiber optic,No,Yes,No,No,Yes,Yes,Two year,Yes,Electronic check,66.5,5092.87,No
CUST-01992,Male,0,No,Yes,14,Yes,No,Fiber optic,No,Yes,Yes,No,No,Yes,One year,No,Credit card (automatic),54.89,806.05,No
CUST-01993,Male,0,No,No,40,Yes,No,No,No internet service,No internet service,No internet service,No internet service,No internet service,No internet service,Month-to-month,Yes,Credit card (automatic),55.42,2168.14,Yes
CUST-01994,Male,0,No,No,30,Yes,No,No,No internet service,No internet service,No internet service,No internet service,No internet service,No internet service,Month-to-month,No,Bank transfer (automatic),46.81,1574.4,Yes
CUST-01995,Male,0,Yes,No,14,Yes,No,DSL,Yes,Yes,No,No,No,Yes,Month-to-month,Yes,Bank transfer (automatic),114.45,1762.22,Yes
CUST-01996,Male,1,No,No,52,Yes,No,Fiber optic,No,No,No,Yes,No,No,Month-to-month,No,Electronic check,26.7,1276.17,No
CUST-01997,Female,0,Yes,No,17,Yes,Yes,No,No internet service,No internet service,No internet service,No internet service,No internet service,No internet service,Month-to-month,Yes,Mailed check,98.9,1645.69,No
CUST-01998,Male,0,Yes,Yes,62,Yes,No,DSL,Yes,No,Yes,No,No,No,One year,Yes,Electronic check,57.7,3191.83,No
CUST-01999,Male,0,No,No,22,Yes,No,No,No internet service,No internet service,No internet service,No internet service,No internet service,No internet service,Two year,Yes,Mailed check,23.54,444.2,No
CUST-02000,Male,0,No,No,53,Yes,No,Fiber optic,No,No,Yes,No,Yes,No,Month-to-month,No,Mailed check,75.84,3509.45,No
CUST-02001,Male,0,No,No,32,Yes,No,Fiber optic,No,No,No,No,No,No,Month-to-month,No,Electronic check,55.66,1566.41,No
CUST-02002,Female,0,No,Yes,55,Yes,No,DSL,No,Yes,Yes,Yes,Yes,No,Month-to-month,Yes,Bank transfer (automatic),40.42,2121.69,No
CUST-02003,Female,0,Yes,Yes,22,Yes,Yes,DSL,Yes,Yes,No,No,No,No,Month-to-month,No,Bank transfer (automatic),55.48,1376.66,No
CUST-02004,Female,0,No,Yes,38,Yes,No,Fiber optic,No,No,No,No,No,Yes,Two year,No,Electronic check,116.45,4541.25,Yes
CUST-02005,Female,0,Yes,No,50,No,No phone service,Fiber optic,No,No,Yes,No,Yes,No,Month-to-month,Yes,Bank transfer (automatic),95.23,5303.9,No
CUST-02006,Male,0,No,No,66,No,No phone service,Fiber optic,Yes,No,Yes,No,Yes,Yes,Month-to-month,Yes,Mailed check,100.66,5741.27,Yes
CUST-02007,Female,1,No,Yes,45,Yes,No,Fiber optic,Yes,No,Yes,No,No,No,Two year,Yes,Mailed check,71.06,3325.26,No
CUST-02008,Male,0,No,No,8,No,No phone service,Fiber optic,Yes,No,Yes,Yes,No,No,One year,Yes,Mailed check,47.95,386.0,No
CUST-02009,Male,0,Yes,No,65,Yes,Yes,No,No internet service,No internet service,No internet service,No internet service,No internet service,No internet service,Month-to-month,No,Electronic check,73.34,4281.01,No
CUST-02010,Male,0,No,No,40,Yes,No,No,No internet service,No internet service,No internet service,No internet service,No internet service,No internet service,Month-to-month,Yes,Credit card (automatic),73.08,2675.08,No
CUST-02011,Male,0,Yes,No,5,No,No phone service,Fiber optic,No,No,No,No,No,No,Month-to-month,No,Mailed check,33.16,148.51,Yes
CUST-02012,Male,1,Yes,Yes,45,Yes,No,No,No internet service,No internet service,No internet service,No internet service,No internet service,No internet service,Month-to-month,Yes,Electronic check,84.78,3516.45,No
CUST-02013,Female,0,Yes,Yes,46,Yes,Yes,No,No internet service,No internet service,No internet service,No internet service,No internet service,No internet service,Month-to-month,No,Electronic check,96.77,3785.73,No
CUST-02014,Female,0,No,No,36,Yes,No,Fiber optic,Yes,No,No,No,No,No,Two year,No,Bank transfer (automatic),73.42,2496.35,No
CUST-02015,Female,0,Yes,No,17,Yes,Yes,DSL,Yes,No,Yes,Yes,No,Yes,Two year,Yes,Mailed check,58.13,1130.76,No
CUST-02016,Female,0,Yes,Yes,41,Yes,Yes,DSL,No,No,No,No,No,No,Month-to-month,No,Mailed check,82.45,3509.75,Yes
CUST-02017,Male,0,Yes,No,30,No,No phone service,No,No internet service,No internet service,No internet service,No internet service,No internet service,No internet service,Month-to-month,Yes,Bank transfer (automatic),72.25,2193.05,No
CUST-02018,Female,0,Yes,No,52,No,No phone service,DSL,Yes,No,No,Yes,Yes,Yes,Month-to-month,Yes,Electronic check,26.6,1403.32,No
CUST-02019,Male,0,No,No,20,Yes,Yes,DSL,No,No,No,Yes,Yes,No,Month-to-month,Yes,Mailed check,55.88,1151.1,Yes
CUST-02020,Female,1,No,Yes,36,Yes,Yes,DSL,No,No,No,No,No,Yes,Month-to-month,Yes,Bank transfer (automatic),111.35,4297.5,Yes
CUST-02021,Male,0,Yes,No,66,Yes,Yes,Fiber optic,Yes,No,Yes,No,No,No,Month-to-month,No,Mailed check,24.43,1755.56,No
CUST-02022,Male,0,No,No,45,Yes,Yes,Fiber optic,No,Yes,No,No,No,No,Two year,Yes,Electronic check,46.77,1807.45,No
CUST-02023,Female,0,No,No,4,Yes,Yes,Fiber optic,Yes,Yes,No,No,No,No,One year,No,Credit card (automatic),104.34,378.11,No
CUST-02024,Male,0,No,No,50,No,No phone service,DSL,No,No,Yes,No,No,No,One year,Yes,Mailed check,18.38,826.77,No
CUST-02025,Male,0,No,No,55,Yes,No,DSL,Yes,No,Yes,No,No,Yes,Month-to-month,Yes,Credit card (automatic),112.84,5981.9,No
CUST-02026,Female,0,Yes,No,59,Yes,No,DSL,Yes,No,No,No,No,Yes,Month-to-month,Yes,Mailed check,87.41,4794.63,Yes
CUST-02027,Male,0,No,No,42,Yes,No,Fiber optic,No,No,No,Yes,No,Yes,Month-to-month,Yes,Electronic check,56.35,2592.91,Yes
CUST-02028,Female,0,Yes,No,2,Yes,No,Fiber optic,No,No,No,Yes,No,Yes,Two year,Yes,Electronic check,21.11,41.09,No
CUST-02029,Female,1,Yes,No,46,Yes,No,DSL,Yes,No,No,No,No,No,Two year,Yes,Electronic check,22.84,1158.01,No
CUST-02030,Female,0,No,Yes,2,Yes,No,DSL,No,No,No,No,No,Yes,Month-to-month,No,Credit card (automatic),47.96,102.1,No
CUST-02031,Male,0,No,No,50,Yes,Yes,No,No internet service,No internet service,No internet service,No internet service,No internet service,No internet service,One year,Yes,Mailed check,84.49,4148.02,No
CUST-02032,Male,0,Yes,No,1,Yes,No,No,No internet service,No internet service,No internet service,No internet service,No internet service,No internet service,Month-to-month,No,Credit card (automatic),25.01,28.45,No
CUST-02033,Male,1,Yes,No,13,Yes,Yes,DSL,Yes,No,No,No,Yes,No,Month-to-month,Yes,Bank transfer (automatic),106.86,1510.12,No
CUST-02034,Female,0,No,No,70,Yes,No,Fiber optic,Yes,No,No,No,No,No,Month-to-month,Yes,Credit card (automatic),104.44,7754.66,No
CUST-02035,Male,0,No,Yes,22,Yes,No,Fiber optic,Yes,No,Yes,No,No,No,One year,No,Mailed check,46.91,1119.68,No
CUST-02036,Female,0,No,No,17,Yes,Yes,DSL,Yes,No,No,Yes,Yes,Yes,Two year,No,Credit card (automatic),37.79,626.87,No
CUST-02037,Female,1,Yes,No,59,Yes,No,No,No internet service,No internet service,No internet service,No internet service,No internet service,No internet service,One year,Yes,Credit card (automatic),61.41,3200.29,No
CUST-02038,Male,1,No,No,70,Yes,Yes,DSL,Yes,No,No,No,No,Yes,One year,Yes,Electronic check,46.62,3176.52,No
CUST-02039,Female,0,Yes,No,3,Yes,Yes,DSL,No,No,No,No,No,No,One year,No,Credit card (automatic),113.77,342.9,No
CUST-02040,Male,0,Yes,No,70,Yes,Yes,Fiber optic,No,No,No,No,No,No,One year,No,Bank transfer (automatic),76.81,4742.11,No
CUST-02041,Male,0,Yes,No,49,Yes,No,No,No internet service,No internet service,No internet service,No internet service,No internet service,No internet service,Month-to-month,Yes,Bank transfer (automatic),92.23,4343.45,No
CUST-02042,Male,0,No,No,50,Yes,Yes,No,No internet service,No internet service,No internet service,No internet service,No internet service,No internet service,Month-to-month,Yes,Credit card (automatic),71.58,4038.09,No
CUST-02043,Male,0,No,No,35,Yes,No,Fiber optic,No,Yes,No,No,No,No,Month-to-month,Yes,Electronic check,102.33,3186.56,No
CUST-02044,Male,0,No,No,23,Yes,No,Fiber optic,Yes,No,No,No,No,Yes,Month-to-month,Yes,Bank transfer (automatic),28.08,670.32,No
CUST-02045,Female,1,No,No,72,Yes,Yes,Fiber optic,No,Yes,No,No,Yes,Yes,Month-to-month,Yes,Electronic check,90.88,7219.85,No
CUST-02046,Female,0,Yes,No,7,Yes,No,No,No internet service,No internet service,No internet service,No internet service,No internet service,No internet service,One year,Yes,Mailed check,95.39,714.28,No
CUST-02047,Female,0,Yes,No,50,Yes,No,DSL,No,No,No,No,No,Yes,Month-to-month,No,Electronic check,54.46,2473.56,No
CUST-02048,Male,0,Yes,No,10,Yes,No,DSL,No,Yes,No,Yes,Yes,No,One year,Yes,Mailed check,26.83,260.91,No
CUST-02049,Male,0,No,Yes,55,Yes,Yes,No,No internet service,No internet service,No internet service,No internet service,No internet service,No internet service,Month-to-month,Yes,Credit card (automatic),83.91,4700.49,No
CUST-02050,Male,0,No,Yes,19,Yes,No,No,No internet service,No internet service,No internet service,No internet service,No internet service,No internet service,Month-to-month,No,Bank transfer (automatic),48.81,825.53,Yes
CUST-02051,Female,0,No,No,23,Yes,No,Fiber optic,No,No,Yes,No,No,Yes,Month-to-month,No,Mailed check,76.91,1641.7,No
CUST-02052,Male,0,No,No,64,Yes,No,Fiber optic,Yes,Yes,No,No,No,No,Month-to-month,No,Electronic check,106.79,7161.48,No
CUST-02053,Female,1,No,No,33,Yes,Yes,No,No internet service,No internet service,No internet service,No internet service,No internet service,No internet service,Two year,Yes,Electronic check,101.86,3698.59,No
CUST-02054,Female,0,No,No,66,No,No phone service,No,No internet service,No internet service,No internet service,No internet service,No internet service,No internet service,Month-to-month,Yes,Credit card (automatic),76.13,5690.09,No
CUST-02055,Male,0,No,No,9,Yes,Yes,No,No internet service,No internet service,No internet service,No internet service,No internet service,No internet service,Month-to-month,Yes,Mailed check,29.16,239.63,Yes
CUST-02056,Male,0,No,No,29,Yes,Yes,Fiber optic,No,No,No,Yes,Yes,No,One year,Yes,Bank transfer (automatic),63.22,1857.89,No
CUST-02057,Female,0,No,No,18,Yes,Yes,No,No internet service,No internet service,No internet service,No internet service,No internet service,No internet service,Two year,Yes,Credit card (automatic),91.2,1709.05,No
CUST-02058,Male,0,No,No,71,Yes,No,DSL,No,No,No,No,No,Yes,Month-to-month,No,Bank transfer (automatic),75.23,5690.35,No
CUST-02059,Female,0,No,No,29,Yes,Yes,Fiber optic,Yes,No,No,No,Yes,Yes,Two year,No,Mailed check,51.34,1557.57,No
CUST-02060,Male,0,Yes,Yes,61,Yes,No,DSL,No,No,No,No,No,No,Month-to-month,Yes,Mailed check,49.24,3257.83,No
CUST-02061,Male,0,Yes,No,5,Yes,Yes,DSL,No,Yes,No,Yes,Yes,Yes,Two year,Yes,Credit card (automatic),86.43,419.38,No
CUST-02062,Female,0,Yes,Yes,69,Yes,No,Fiber optic,No,Yes,No,No,Yes,No,Month-to-month,No,Electronic check,81.73, ,No
CUST-02063,Male,0,Yes,No,56,Yes,Yes,DSL,No,No,Yes,Yes,No,No,One year,No,Electronic check,77.77,3916.51,No
CUST-02064,Female,0,No,Yes,52,Yes,No,DSL,No,No,No,No,Yes,No,One year,No,Bank transfer (automatic),113.93,5085.97,No
CUST-02065,Male,1,Yes,No,15,Yes,No,DSL,Yes,No,No,Yes,Yes,No,Month-to-month,Yes,Bank transfer (automatic),108.18,1460.61,No
CUST-02066,Female,0,Yes,Yes,20,Yes,No,No,No internet service,No internet service,No internet service,No internet service,No internet service,No internet service,Month-to-month,Yes,Mailed check,49.81,1058.67,Yes
CUST-02067,Female,0,Yes,Yes,16,Yes,Yes,DSL,Yes,No,No,No,No,No,Month-to-month,No,Mailed check,43.27,646.49,No
CUST-02068,Male,1,No,No,25,No,No phone service,DSL,Yes,No,No,No,No,No,Month-to-month,Yes,Bank transfer (automatic),110.98,2982.64,Yes
CUST-02069,Female,0,Yes,Yes,57,Yes,No,Fiber optic,No,No,No,No,Yes,Yes,One year,No,Mailed check,39.18,1918.17,No
CUST-02070,Male,0,Yes,Yes,21,Yes,Yes,No,No internet service,No internet service,No internet service,No internet service,No internet service,No internet service,Month-to-month,Yes,Electronic check,116.45,2309.85,Yes
CUST-02071,Male,1,Yes,No,5,Yes,Yes,Fiber optic,Yes,No,No,Yes,Yes,No,One year,No,Credit card (automatic),39.9,172.68,No
CUST-02072,Male,0,Yes,Yes,9,Yes,Yes,No,No internet service,No internet service,No internet service,No internet service,No internet service,No internet service,Month-to-month,Yes,Mailed check,29.13,282.26,Yes
CUST-02073,Female,1,No,Yes,11,Yes,No,DSL,No,Yes,Yes,Yes,Yes,No,Month-to-month,No,Electronic check,57.51,615.17,No
CUST-02074,Female,1,Yes,Yes,65,Yes,No,Fiber optic,No,Yes,Yes,No,Yes,Yes,Month-to-month,No,Electronic check,108.8,6394.72,Yes
CUST-02075,Male,0,No,No,63,Yes,Yes,No,No internet service,No internet service,No internet service,No internet service,No internet service,No internet service,One year,No,Electronic check,91.75,5908.81,No
CUST-02076,Male,0,No,No,26,Yes,Yes,Fiber optic,No,Yes,Yes,No,No,No,Month-to-month,Yes,Credit card (automatic),78.41,2324.65,Yes
CUST-02077,Female,0,No,No,19,Yes,Yes,DSL,No,No,No,Yes,No,Yes,Month-to-month,No,Credit card (automatic),88.76,1458.62,No
CUST-02078,Male,0,Yes,No,16,Yes,Yes,Fiber optic,No,No,No,No,No,Yes,Two year,Yes,Electronic check,70.53,1165.19,Yes
CUST-02079,Male,0,Yes,Yes,56,Yes,No,No,No internet service,No internet service,No internet service,No internet service,No internet service,No internet service,One year,Yes,Electronic check,50.19,2974.76,No
CUST-02080,Female,0,Yes,No,68,Yes,No,No,No internet service,No internet service,No internet service,No internet service,No internet service,No internet service,One year,Yes,Mailed check,68.2,5116.4,No
CUST-02081,Male,0,Yes,No,30,Yes,Yes,DSL,No,No,No,No,Yes,Yes,One year,Yes,Mailed check,56.42,1606.91,No
CUST-02082,Female,0,No,No,7,Yes,No,DSL,No,Yes,No,Yes,Yes,No,Two year,Yes,Electronic check,95.44,698.8,No
CUST-02083,Male,0,Yes,No,12,No,No phone service,No,No internet service,No internet service,No internet service,No internet service,No internet service,No internet service,Two year,No,Bank transfer (automatic),35.01,367.56,No
CUST-02084,Female,0,Yes,No,24,Yes,No,DSL,No,No,Yes,Yes,No,Yes,One year,Yes,Mailed check,63.46,1343.24,No
CUST-02085,Male,0,No,Yes,22,Yes,Yes,Fiber optic,No,No,Yes,No,Yes,Yes,Month-to-month,Yes,Mailed check,28.97,679.2,Yes
CUST-02086,Male,0,No,No,47,Yes,No,DSL,No,No,No,No,No,No,Month-to-month,No,Electronic check,22.6,1048.36,No
CUST-02087,Female,1,Yes,No,30,Yes,Yes,DSL,No,Yes,No,No,No,No,Month-to-month,No,Electronic check,41.61,1249.73,No
CUST-02088,Male,1,Yes,No,60,Yes,No,No,No internet service,No internet service,No internet service,No internet service,No internet service,No internet service,Month-to-month,Yes,Bank transfer (automatic),34.43,2295.93,No
CUST-02089,Female,0,Yes,No,39,Yes,Yes,Fiber optic,Yes,No,No,No,No,No,Month-to-month,No,Bank transfer (automatic),96.83,3376.21,No
CUST-02090,Male,1,No,Yes,20,Yes,No,Fiber optic,Yes,Yes,Yes,Yes,Yes,No,One year,No,Mailed check,34.37,622.99,No
CUST-02091,Female,0,No,No,26,Yes,No,DSL,No,Yes,Yes,No,No,No,Month-to-month,Yes,Credit card (automatic),85.82,2158.88,No
CUST-02092,Female,0,No,Yes,49,No,No phone service,No,No internet service,No internet service,No internet service,No internet service,No internet service,No internet service,Two year,Yes,Electronic check,68.79,3245.8,No
CUST-02093,Female,0,No,Yes,69,Yes,Yes,Fiber optic,No,Yes,No,No,No,Yes,Month-to-month,No,Bank transfer (automatic),54.54,3831.15,No
CUST-02094,Female,0,No,No,42,Yes,No,Fiber optic,No,No,No,No,No,No,Month-to-month,No,Bank transfer (automatic),24.45,1007.25,Yes
CUST-02095,Male,1,Yes,No,6,Yes,No,DSL,No,No,No,No,No,No,Month-to-month,Yes,Mailed check,60.15,338.45,No
CUST-02096,Male,0,Yes,No,53,No,No phone service,Fiber optic,Yes,Yes,No,No,Yes,No,Month-to-month,Yes,Electronic check,75.4,4418.92,Yes
CUST-02097,Female,0,No,No,34,Yes,Yes,Fiber optic,No,No,Yes,No,Yes,Yes,Two year,Yes,Bank transfer (automatic),30.08,915.72,No
CUST-02098,Female,0,No,No,69,Yes,Yes,Fiber optic,No,No,No,Yes,Yes,No,Month-to-month,Yes,Electronic check,109.67,6454.43,No
CUST-02099,Female,0,Yes,Yes,10,Yes,No,No,No internet service,No internet service,No internet service,No internet service,No internet service,No internet service,Month-to-month,No,Bank transfer (automatic),29.39,262.57,No
CUST-02100,Male,0,No,No,28,Yes,No,Fiber optic,Yes,No,No,No,No,Yes,Two year,Yes,Electronic check,101.72,2830.45,No
CUST-02101,Male,0,No,No,3,Yes,Yes,DSL,No,Yes,Yes,Yes,No,No,One year,Yes,Electronic check,96.97,298.44,No
CUST-02102,Male,0,Yes,No,48,Yes,No,DSL,No,Yes,No,Yes,No,Yes,One year,No,Electronic check,107.16,4611.55,No
CUST-02103,Male,0,No,No,66,Yes,Yes,Fiber optic,No,Yes,Yes,No,No,Yes,Two year,Yes,Credit card (automatic),28.92,1950.92,No
CUST-02104,Female,0,Yes,No,35,Yes,No,No,No internet service,No internet service,No internet service,No internet service,No internet service,No internet service,Two year,No,Electronic check,64.5,1943.59,No
CUST-02105,Female,0,No,No,52,Yes,Yes,DSL,No,No,No,No,No,No,Month-to-month,No,Electronic check,49.86,2686.04,No
CUST-02106,Female,0,Yes,No,62,Yes,No,DSL,Yes,Yes,No,No,No,No,Month-to-month,Yes,Mailed check,87.16,5450.01,Yes
CUST-02107,Male,0,No,No,52,Yes,Yes,Fiber optic,Yes,Yes,No,No,Yes,Yes,One year,Yes,Electronic check,37.06,1879.87,No
CUST-02108,Male,0,No,No,47,Yes,Yes,DSL,No,No,No,No,Yes,Yes,One year,Yes,Bank transfer (automatic),27.29,1445.0,No
CUST-02109,Male,0,Yes,No,54,Yes,No,No,No internet service,No internet service,No internet service,No internet service,No internet service,No internet service,Month-to-month,Yes,Bank transfer (automatic),40.24,2130.61,No
CUST-02110,Female,0,No,No,28,Yes,No,Fiber optic,No,Yes,No,Yes,Yes,No,Month-to-month,No,Electronic check,117.94,3173.02,No
CUST-02111,Female,0,No,No,23,Yes,Yes,DSL,No,No,Yes,No,Yes,No,Month-to-month,Yes,Mailed check,43.88,925.19,No
CUST-02112,Male,1,No,No,35,No,No phone service,Fiber optic,No,No,No,No,No,No,Month-to-month,Yes,Bank transfer (automatic),47.05,1554.36,No
CUST-02113,Female,0,Yes,No,32,Yes,Yes,Fiber optic,Yes,Yes,Yes,No,No,No,One year,No,Electronic check,90.8,2660.75,No
CUST-02114,Male,0,No,No,2,Yes,No,No,No internet service,No internet service,No internet service,No internet service,No internet service,No internet service,Month-to-month,Yes,Bank transfer (automatic),49.58,89.5,No
CUST-02115,Male,1,Yes,No,16,Yes,Yes,No,No internet service,No internet service,No internet service,No internet service,No internet service,No internet service,Two year,No,Mailed check,71.36,1112.99,Yes
CUST-02116,Female,0,Yes,No,16,Yes,Yes,DSL,No,No,No,No,Yes,Yes,Month-to-month,No,Mailed check,93.71,1300.75,Yes
CUST-02117,Male,0,Yes,No,51,Yes,No,DSL,No,Yes,No,Yes,No,Yes,Month-to-month,Yes,Electronic check,51.9,2751.73,No
CUST-02118,Female,0,Yes,No,67,Yes,No,Fiber optic,No,No,Yes,No,Yes,Yes,Two year,Yes,Mailed check,54.5,3619.89,No
CUST-02119,Male,0,No,No,54,Yes,No,Fiber optic,No,Yes,No,No,No,No,One year,No,Electronic check,40.69,1998.48,No
CUST-02120,Female,0,Yes,Yes,20,Yes,Yes,DSL,Yes,No,Yes,No,Yes,Yes,Month-to-month,Yes,Bank transfer (automatic),93.62,1595.26,Yes
CUST-02121,Female,1,Yes,Yes,33,Yes,No,No,No internet service,No internet service,No internet service,No internet service,No internet service,No internet service,Month-to-month,No,Electronic check,118.04,3980.78,No
CUST-02122,Female,0,No,No,8,Yes,Yes,Fiber optic,No,No,No,No,No,No,Month-to-month,Yes,Credit card (automatic),24.52,170.73,No
CUST-02123,Male,0,No,No,24,Yes,Yes,Fiber optic,No,No,No,Yes,No,No,Month-to-month,No,Bank transfer (automatic),59.16,1625.19,No
CUST-02124,Male,1,No,No,53,Yes,No,DSL,No,Yes,Yes,Yes,No,Yes,Month-to-month,Yes,Mailed check,52.75,2783.68,No
CUST-02125,Female,1,Yes,Yes,64,Yes,No,DSL,No,No,Yes,No,Yes,No,Month-to-month,Yes,Electronic check,53.91,3490.58,No
CUST-02126,Female,0,No,Yes,58,No,No phone service,Fiber optic,Yes,No,No,No,Yes,Yes,Month-to-month,No,Mailed check,70.93,4598.63,No
CUST-02127,Male,0,Yes,No,37,No,No phone service,No,No internet service,No internet service,No internet service,No internet service,No internet service,No internet service,Month-to-month,Yes,Bank transfer (automatic),84.45,3544.44,No
CUST-02128,Male,0,No,Yes,12,Yes,No,No,No internet service,No internet service,No internet service,No internet service,No internet service,No internet service,One year,No,Mailed check,67.62,916.82,Yes
CUST-02129,Male,0,No,No,4,Yes,Yes,Fiber optic,No,Yes,Yes,Yes,Yes,No,Month-to-month,Yes,Electronic check,94.77,372.51,No
CUST-02130,Female,0,No,No,31,Yes,No,Fiber optic,No,No,Yes,Yes,No,No,One year,Yes,Electronic check,24.61,698.82,No
CUST-02131,Male,1,Yes,No,38,Yes,Yes,Fiber optic,No,Yes,No,Yes,No,Yes,Month-to-month,No,Bank transfer (automatic),98.72,4191.62,No
CUST-02132,Male,0,Yes,Yes,37,Yes,No,DSL,No,No,Yes,No,No,No,Two year,No,Credit card (automatic),106.96,3670.37,No
CUST-02133,Female,0,Yes,Yes,14,Yes,No,Fiber optic,No,No,No,No,Yes,No,One year,Yes,Credit card (automatic),78.3,1036.88,No
CUST-02134,Male,0,Yes,No,24,Yes,No,No,No internet service,No internet service,No internet service,No internet service,No internet service,No internet service,Two year,Yes,Bank transfer (automatic),50.39,1069.51,No
CUST-02135,Male,0,Yes,Yes,10,No,No phone service,Fiber optic,No,No,Yes,Yes,No,Yes,Two year,No,Bank transfer (automatic),65.87,728.87,No
CUST-02136,Male,0,No,No,38,Yes,Yes,DSL,No,Yes,No,No,No,No,Month-to-month,No,Credit card (automatic),78.09,3333.99,No
CUST-02137,Female,0,Yes,No,43,Yes,No,Fiber optic,No,No,Yes,Yes,Yes,No,One year,No,Electronic check,98.28,4622.92,No
CUST-02138,Female,0,No,Yes,37,No,No phone service,Fiber optic,No,Yes,No,Yes,No,No,Month-to-month,Yes,Mailed check,97.03,3379.56,Yes
CUST-02139,Female,0,Yes,Yes,42,Yes,Yes,Fiber optic,No,No,Yes,No,Yes,Yes,One year,No,Electronic check,53.15,2438.37,No
CUST-02140,Female,0,Yes,Yes,32,No,No phone service,No,No internet service,No internet service,No internet service,No internet service,No internet service,No internet service,One year,Yes,Electronic check,61.77,1752.24,No
CUST-02141,Female,0,No,No,14,Yes,Yes,DSL,Yes,No,No,No,No,Yes,One year,Yes,Mailed check,95.16,1444.62,No
CUST-02142,Female,0,No,Yes,4,Yes,Yes,Fiber optic,No,No,No,Yes,Yes,No,Month-to-month,Yes,Electronic check,61.3,277.73,No
CUST-02143,Female,0,Yes,No,24,Yes,Yes,No,No internet service,No internet service,No internet service,No internet service,No internet service,No internet service,Month-to-month,Yes,Bank transfer (automatic),82.09,1815.63,Yes
CUST-02144,Male,0,Yes,No,10,Yes,Yes,Fiber optic,No,No,Yes,No,No,No,Two year,No,Mailed check,117.43,1181.57,No
CUST-02145,Male,0,No,No,16,Yes,Yes,No,No internet service,No internet service,No internet service,No internet service,No internet service,No internet service,Month-to-month,No,Electronic check,102.73,1698.24,Yes
CUST-02146,Female,0,Yes,Yes,39,Yes,No,DSL,No,No,No,No,Yes,No,Month-to-month,No,Electronic check,40.16,1542.81,Yes
CUST-02147,Male,0,Yes,No,18,Yes,No,DSL,No,No,No,Yes,No,No,Month-to-month,No,Electronic check,59.64,1000.36,Yes
CUST-02148,Male,0,No,No,25,Yes,Yes,DSL,Yes,No,No,No,Yes,Yes,Two year,No,Mailed check,73.05,1799.23,No
CUST-02149,Female,0,Yes,No,7,Yes,No,No,No internet service,No internet service,No internet service,No internet service,No internet service,No internet service,One year,Yes,Bank transfer (automatic),78.36,568.92,Yes
CUST-02150,Male,1,Yes,No,56,Yes,Yes,No,No internet service,No internet service,No internet service,No internet service,No internet service,No internet service,Month-to-month,No,Bank transfer (automatic),48.18, ,No
CUST-02151,Male,0,No,No,47,No,No phone service,DSL,No,No,No,No,No,No,Month-to-month,Yes,Electronic check,110.68,5514.18,No
CUST-02152,Male,0,No,No,3,Yes,No,Fiber optic,No,No,No,No,No,Yes,Month-to-month,Yes,Mailed check,109.69,286.24,No
CUST-02153,Male,0,Yes,No,1,Yes,Yes,DSL,No,No,No,No,No,No,Month-to-month,No,Mailed check,34.72,34.89,No
CUST-02154,Male,0,No,No,33,Yes,Yes,Fiber optic,Yes,Yes,Yes,No,No,No,Month-to-month,Yes,Electronic check,111.69,4121.76,Yes
CUST-02155,Female,1,Yes,No,71,Yes,No,DSL,Yes,No,Yes,No,No,No,Month-to-month,No,Credit card (automatic),63.01,5134.46,No
CUST-02156,Female,0,No,Yes,59,No,No phone service,DSL,Yes,No,Yes,No,No,Yes,Month-to-month,No,Bank transfer (automatic),62.29,3745.73,No
CUST-02157,Female,0,No,No,72,Yes,Yes,Fiber optic,Yes,No,No,No,No,Yes,One year,Yes,Bank transfer (automatic),36.62,2645.75,No
CUST-02158,Male,0,Yes,No,32,No,No phone service,No,No internet service,No internet service,No internet service,No internet service,No internet service,No internet service,Month-to-month,Yes,Bank transfer (automatic),26.68,813.18,No
CUST-02159,Female,0,Yes,Yes,17,No,No phone service,Fiber optic,No,No,Yes,Yes,Yes,No,Month-to-month,No,Mailed check,43.22,673.69,No
CUST-02160,Male,0,Yes,No,17,Yes,No,Fiber optic,No,No,Yes,Yes,No,Yes,Month-to-month,Yes,Electronic check,106.7,1674.88,Yes
CUST-02161,Male,0,No,Yes,21,Yes,No,Fiber optic,Yes,No,Yes,Yes,Yes,Yes,Two year,Yes,Mailed check,59.15,1065.9,No
CUST-02162,Male,0,No,Yes,55,Yes,No,DSL,No,Yes,No,No,No,No,Month-to-month,Yes,Electronic check,110.67,6961.9,No
CUST-02163,Male,0,Yes,No,6,Yes,No,Fiber optic,No,Yes,No,No,No,No,Two year,Yes,Credit card (automatic),78.52,427.74,Yes
CUST-02164,Female,1,Yes,No,49,Yes,No,Fiber optic,Yes,No,No,No,No,No,One year,Yes,Electronic check,19.08,947.3,No
CUST-02165,Female,1,Yes,No,26,No,No phone service,Fiber optic,No,Yes,Yes,No,No,No,Month-to-month,No,Electronic check,51.5,1158.33,Yes
CUST-02166,Male,0,Yes,No,32,Yes,No,DSL,No,Yes,No,Yes,Yes,No,Two year,Yes,Electronic check,31.07,877.21,No
CUST-02167,Female,0,Yes,Yes,72,Yes,No,DSL,No,No,Yes,Yes,Yes,No,Month-to-month,Yes,Mailed check,93.17,7304.27,No
CUST-02168,Male,0,No,No,44,Yes,No,No,No internet service,No internet service,No internet service,No internet service,No internet service,No internet service,Two year,No,Bank transfer (automatic),86.29,3918.21,No
CUST-02169,Female,0,No,Yes,59,Yes,No,DSL,No,No,No,Yes,Yes,No,Month-to-month,Yes,Electronic check,41.21,2157.16,No
CUST-02170,Female,1,No,No,29,Yes,No,Fiber optic,Yes,Yes,No,No,No,Yes,One year,Yes,Mailed check,39.21,1133.13,No
CUST-02171,Male,0,No,No,17,Yes,No,Fiber optic,No,No,Yes,No,Yes,Yes,Two year,No,Credit card (automatic),108.95,1756.99,No
CUST-02172,Female,0,No,No,18,Yes,Yes,No,No internet service,No internet service,No internet service,No internet service,No internet service,No internet service,Month-to-month,Yes,Mailed check,30.05,538.49,Yes
CUST-02173,Male,0,No,No,40,Yes,Yes,No,No internet service,No internet service,No internet service,No internet service,No internet service,No internet service,Two year,No,Credit card (automatic),21.57,761.27,No
CUST-02174,Female,0,No,No,63,Yes,Yes,No,No internet service,No internet service,No internet service,No internet service,No internet service,No internet service,Month-to-month,No,Credit card (automatic),55.06,3877.0,No
CUST-02175,Male,1,Yes,No,45,No,No phone service,Fiber optic,No,No,No,No,Yes,No,Month-to-month,Yes,Bank transfer (automatic),74.91,3435.07,No
CUST-02176,Male,1,Yes,Yes,3,Yes,Yes,Fiber optic,No,Yes,No,Yes,No,Yes,Month-to-month,No,Mailed check,110.62,335.67,No
CUST-02177,Female,0,Yes,No,3,Yes,No,DSL,No,Yes,Yes,No,Yes,No,Month-to-month,Yes,Bank transfer (automatic),109.86,297.52,No
CUST-02178,Female,0,No,Yes,38,Yes,No,DSL,No,Yes,No,No,No,No,Month-to-month,No,Credit card (automatic),32.28,1243.73,No
CUST-02179,Male,1,No,No,40,No,No phone service,DSL,No,No,No,No,No,Yes,Month-to-month,No,Electronic check,97.34,4458.61,Yes
CUST-02180,Female,1,Yes,No,68,Yes,Yes,Fiber optic,No,Yes,No,No,Yes,Yes,Month-to-month,Yes,Mailed check,112.16,6758.73,No
CUST-02181,Female,0,No,No,54,Yes,Yes,No,No internet service,No internet service,No internet service,No internet service,No internet service,No internet service,One year,Yes,Bank transfer (automatic),102.02,5847.04,No
CUST-02182,Male,0,No,No,20,Yes,Yes,DSL,No,No,No,No,No,No,Month-to-month,Yes,Bank transfer (automatic),59.88,1156.87,No
CUST-02183,Male,0,Yes,No,15,No,No phone service,Fiber optic,No,No,No,Yes,Yes,No,One year,Yes,Mailed check,39.13,635.62,No
CUST-02184,Female,0,Yes,Yes,5,Yes,No,Fiber optic,Yes,No,No,No,Yes,Yes,One year,No,Mailed check,110.27,554.39,Yes
CUST-02185,Male,1,Yes,Yes,39,Yes,No,Fiber optic,No,No,Yes,Yes,Yes,No,Month-to-month,Yes,Electronic check,71.72,3135.56,No
CUST-02186,Male,0,Yes,No,40,Yes,Yes,DSL,No,No,No,No,No,No,Two year,No,Electronic check,43.69,1529.48,No
CUST-02187,Male,1,No,No,7,Yes,Yes,Fiber optic,No,Yes,No,Yes,No,No,Month-to-month,No,Credit card (automatic),50.76,347.11,No
CUST-02188,Female,0,No,No,72,Yes,No,No,No internet service,No internet service,No internet service,No internet service,No internet service,No internet service,Month-to-month,Yes,Mailed check,74.7,5095.37,Yes
CUST-02189,Female,0,No,No,33,Yes,Yes,No,No internet service,No internet service,No internet service,No internet service,No internet service,No internet service,Month-to-month,Yes,Electronic check,59.07,2174.75,Yes
CUST-02190,Male,0,No,Yes,37,Yes,No,DSL,No,Yes,Yes,Yes,No,No,Two year,No,Electronic check,22.27,710.05,No
CUST-02191,Female,0,No,No,32,Yes,Yes,No,No internet service,No internet service,No internet service,No internet service,No internet service,No internet service,Month-to-month,Yes,Bank transfer (automatic),75.98,2197.64,No
CUST-02192,Male,0,No,Yes,43,Yes,Yes,No,No internet service,No internet service,No internet service,No internet service,No internet service,No internet service,One year,Yes,Bank transfer (automatic),59.04,2512.58,No
CUST-02193,Female,0,No,Yes,63,Yes,Yes,Fiber optic,Yes,No,No,No,No,Yes,One year,Yes,Bank transfer (automatic),65.83,4193.88,No
CUST-02194,Male,0,No,Yes,36,Yes,No,DSL,No,No,Yes,Yes,No,Yes,Month-to-month,No,Electronic check,93.89,3365.63,Yes
CUST-02195,Male,0,No,No,49,Yes,Yes,No,No internet service,No internet service,No internet service,No internet service,No internet service,No internet service,Two year,No,Credit card (automatic),20.83,1050.66,No
CUST-02196,Female,0,Yes,No,25,Yes,No,DSL,No,No,No,No,Yes,Yes,One year,Yes,Electronic check,24.85,701.28,No
CUST-02197,Male,0,No,Yes,66,Yes,No,Fiber optic,No,No,No,No,No,No,One year,Yes,Mailed check,18.35,1264.16,No
CUST-02198,Female,0,Yes,No,9,Yes,No,Fiber optic,No,Yes,No,No,No,Yes,Two year,Yes,Bank transfer (automatic),60.93,543.14,Yes
CUST-02199,Female,0,No,No,18,Yes,Yes,DSL,No,No,No,Yes,No,No,One year,Yes,Electronic check,46.44,862.63,Yes
CUST-02200,Male,0,Yes,No,22,Yes,No,Fiber optic,No,No,No,No,No,No,Two year,Yes,Electronic check,59.4,1193.94,Yes
CUST-02201,Male,0,Yes,No,15,Yes,No,Fiber optic,No,No,Yes,No,No,Yes,Month-to-month,No,Electronic check,76.26,991.59,Yes
CUST-02202,Female,0,No,Yes,7,Yes,Yes,Fiber optic,No,Yes,Yes,No,No,No,Two year,Yes,Mailed check,19.09,141.26,No
CUST-02203,Male,0,Yes,No,13,Yes,No,Fiber optic,No,No,No,No,No,No,Month-to-month,Yes,Credit card (automatic),34.17,478.6,No
CUST-02204,Male,0,Yes,Yes,36,Yes,Yes,Fiber optic,No,No,Yes,No,Yes,No,One year,Yes,Mailed check,31.08,1268.93,No
CUST-02205,Male,0,Yes,No,16,Yes,Yes,No,No internet service,No internet service,No internet service,No internet service,No internet service,No internet service,Two year,Yes,Credit card (automatic),80.68,1468.89,No
CUST-02206,Male,1,No,No,41,Yes,No,DSL,Yes,No,No,No,No,No,One year,No,Electronic check,77.67,3544.18,No
CUST-02207,Male,0,No,Yes,21,Yes,No,Fiber optic,No,No,Yes,No,Yes,No,Month-to-month,Yes,Mailed check,26.04,614.92,Yes
CUST-02208,Female,0,No,No,28,Yes,No,Fiber optic,No,Yes,Yes,No,No,No,Month-to-month,Yes,Credit card (automatic),98.81,2982.25,No
CUST-02209,Female,0,No,Yes,17,Yes,Yes,Fiber optic,No,No,Yes,No,No,Yes,Two year,No,Credit card (automatic),34.43,654.68,No
CUST-02210,Male,0,Yes,No,65,Yes,No,Fiber optic,No,No,Yes,No,No,Yes,Month-to-month,No,Bank transfer (automatic),35.64,1970.44,No
CUST-02211,Male,0,Yes,Yes,13,Yes,No,Fiber optic,No,Yes,Yes,No,No,No,Two year,Yes,Electronic check,58.72,655.5,No
CUST-02212,Male,0,Yes,No,36,Yes,Yes,Fiber optic,No,No,No,No,No,No,Month-to-month,Yes,Electronic check,51.61,2007.09,No
CUST-02213,Female,0,No,No,58,Yes,No,Fiber optic,Yes,Yes,Yes,No,No,No,Two year,Yes,Mailed check,115.24,7353.15,No
CUST-02214,Male,0,No,Yes,20,Yes,Yes,Fiber optic,Yes,No,Yes,Yes,Yes,Yes,Month-to-month,Yes,Credit card (automatic),109.44,2049.51,No
CUST-02215,Female,0,Yes,No,52,Yes,Yes,Fiber optic,Yes,Yes,No,No,No,Yes,Two year,Yes,Bank transfer (automatic),23.36,1050.95,No
CUST-02216,Female,0,Yes,No,6,Yes,No,DSL,No,No,Yes,No,Yes,Yes,Month-to-month,Yes,Credit card (automatic),57.64,295.94,No
CUST-02217,Female,0,Yes,No,23,Yes,No,Fiber optic,No,No,No,Yes,No,No,Month-to-month,No,Mailed check,97.0,1946.93,No
CUST-02218,Male,0,No,No,42,Yes,No,DSL,Yes,No,No,Yes,No,No,One year,Yes,Bank transfer (automatic),81.49,3391.99,No
CUST-02219,Female,0,Yes,No,24,Yes,No,Fiber optic,No,No,No,Yes,No,Yes,One year,Yes,Electronic check,95.8,2614.7,No
CUST-02220,Male,0,Yes,No,5,Yes,No,Fiber optic,No,No,No,Yes,Yes,Yes,Month-to-month,Yes,Mailed check,59.17,255.05,No
CUST-02221,Female,0,Yes,Yes,32,Yes,No,Fiber optic,No,Yes,No,Yes,Yes,Yes,One year,Yes,Bank transfer (automatic),57.34,1789.96,No
CUST-02222,Male,0,No,No,46,Yes,Yes,Fiber optic,No,Yes,No,No,Yes,No,Month-to-month,Yes,Mailed check,95.35,4438.68,No
CUST-02223,Female,0,No,Yes,17,Yes,Yes,Fiber optic,No,No,Yes,No,No,No,Month-to-month,Yes,Electronic check,47.59,840.71,Yes
CUST-02224,Male,0,Yes,No,27,Yes,Yes,DSL,No,No,Yes,Yes,No,No,Month-to-month,Yes,Electronic check,24.04,630.67,No
CUST-02225,Female,0,No,No,68,Yes,No,DSL,Yes,Yes,No,Yes,No,Yes,Month-to-month,Yes,Bank transfer (automatic),107.73,8013.38,No
CUST-02226,Male,0,No,No,23,Yes,No,Fiber optic,No,Yes,No,No,No,Yes,Month-to-month,Yes,Bank transfer (automatic),113.33,2344.04,Yes
CUST-02227,Male,0,No,No,34,Yes,Yes,No,No internet service,No internet service,No internet service,No internet service,No internet service,No internet service,Month-to-month,Yes,Mailed check,79.71,2316.06,No
CUST-02228,Male,0,Yes,Yes,21,No,No phone service,Fiber optic,Yes,No,No,Yes,No,No,Month-to-month,Yes,Electronic check,92.31,2079.7,Yes
CUST-02229,Male,0,No,Yes,22,Yes,No,Fiber optic,No,No,No,No,No,Yes,Two year,No,Mailed check,87.55,2182.84,No
CUST-02230,Female,1,No,Yes,65,Yes,Yes,Fiber optic,No,Yes,No,Yes,Yes,No,One year,No,Mailed check,72.19,5180.73,No
CUST-02231,Female,0,Yes,No,32,Yes,No,Fiber optic,No,No,No,Yes,No,No,Month-to-month,No,Electronic check,78.58,2702.46,Yes
CUST-02232,Male,0,No,No,62,No,No phone service,DSL,No,No,No,No,Yes,No,Month-to-month,Yes,Electronic check,72.54,3964.0,No
CUST-02233,Female,1,Yes,No,28,Yes,No,Fiber optic,Yes,Yes,No,Yes,No,No,Month-to-month,No,Mailed check,29.65,903.58,No
CUST-02234,Male,0,Yes,No,7,Yes,No,DSL,No,No,Yes,Yes,Yes,Yes,Month-to-month,No,Mailed check,50.29,353.07,Yes
CUST-02235,Male,0,Yes,No,54,Yes,No,Fiber optic,No,No,No,No,No,No,Two year,Yes,Bank transfer (automatic),19.99,1013.39,No
CUST-02236,Female,0,Yes,No,70,Yes,No,Fiber optic,No,Yes,Yes,No,No,Yes,Month-to-month,Yes,Electronic check,26.0,2080.83,No
CUST-02237,Male,0,Yes,Yes,14,Yes,No,DSL,No,Yes,No,No,No,Yes,Month-to-month,Yes,Mailed check,69.34,1076.57,Yes
CUST-02238,Male,0,Yes,Yes,55,Yes,Yes,Fiber optic,No,No,No,Yes,No,No,Two year,No,Credit card (automatic),36.12,1933.32,No
CUST-02239,Female,0,No,No,58,Yes,Yes,Fiber optic,Yes,Yes,No,No,Yes,No,Two year,Yes,Credit card (automatic),54.15,2862.26,No
CUST-02240,Male,0,No,No,44,Yes,Yes,Fiber optic,No,No,Yes,No,Yes,Yes,Two year,No,Credit card (automatic),102.37,5041.98,No
CUST-02241,Male,0,Yes,No,46,Yes,No,DSL,No,Yes,No,No,No,Yes,Two year,Yes,Credit card (automatic),26.99,1209.69,No
CUST-02242,Male,1,No,No,14,Yes,Yes,Fiber optic,No,No,No,No,Yes,Yes,Month-to-month,No,Credit card (automatic),101.85,1609.35,Yes
CUST-02243,Male,1,No,No,44,Yes,No,No,No internet service,No internet service,No internet service,No internet service,No internet service,No internet service,Two year,Yes,Credit card (automatic),108.16,4486.55,No
CUST-02244,Female,0,Yes,No,41,Yes,No,Fiber optic,No,Yes,Yes,No,No,No,Two year,No,Electronic check,50.26,2007.96,No
CUST-02245,Female,0,Yes,Yes,2,Yes,No,DSL,No,No,No,Yes,Yes,No,Two year,Yes,Mailed check,64.01,143.62,No
CUST-02246,Female,0,No,Yes,5,Yes,No,Fiber optic,No,No,No,No,Yes,No,Month-to-month,No,Bank transfer (automatic),59.67,258.94,Yes
CUST-02247,Male,1,No,Yes,12,Yes,Yes,Fiber optic,Yes,Yes,Yes,No,No,No,One year,Yes,Mailed check,32.77,449.51,No
CUST-02248,Male,0,Yes,Yes,47,Yes,No,No,No internet service,No internet service,No internet service,No internet service,No internet service,No internet service,Two year,Yes,Credit card (automatic),27.7,1123.95,No
CUST-02249,Female,0,Yes,No,35,Yes,Yes,Fiber optic,No,No,No,No,Yes,No,One year,No,Credit card (automatic),63.49,2290.57,Yes
CUST-02250,Male,0,No,No,19,Yes,Yes,DSL,No,No,No,No,Yes,No,Month-to-month,Yes,Mailed check,75.23,1419.18,No
CUST-02251,Male,0,No,No,63,Yes,No,Fiber optic,No,No,No,Yes,No,No,Month-to-month,Yes,Electronic check,67.34,4343.55,No
CUST-02252,Male,0,Yes,No,8,No,No phone service,No,No internet service,No internet service,No internet service,No internet service,No internet service,No internet service,Month-to-month,No,Mailed check,86.62,666.14,No
CUST-02253,Male,0,No,Yes,23,No,No phone service,DSL,Yes,No,No,Yes,No,No,Month-to-month,Yes,Bank transfer (automatic),66.09,1631.41,No
CUST-02254,Female,0,Yes,No,13,Yes,Yes,Fiber optic,Yes,No,No,Yes,No,Yes,One year,No,Bank transfer (automatic),105.04,1477.19,No
CUST-02255,Female,0,Yes,No,23,Yes,No,DSL,No,Yes,No,No,No,Yes,Month-to-month,Yes,Mailed check,79.07,1933.74,Yes
CUST-02256,Female,0,Yes,No,31,Yes,Yes,DSL,No,No,No,No,No,No,Month-to-month,No,Credit card (automatic),40.99,1093.11,Yes
CUST-02257,Male,0,No,No,30,Yes,Yes,DSL,No,Yes,No,No,Yes,Yes,Month-to-month,Yes,Electronic check,106.3,2715.99,Yes
CUST-02258,Female,1,Yes,No,42,Yes,No,DSL,No,Yes,No,No,Yes,Yes,Month-to-month,No,Electronic check,104.74,4628.17,No
CUST-02259,Female,1,Yes,No,2,Yes,No,Fiber optic,No,Yes,No,No,No,No,One year,Yes,Credit card (automatic),55.45,98.17,Yes
CUST-02260,Male,1,No,Yes,11,Yes,No,No,No internet service,No internet service,No internet service,No internet service,No internet service,No internet service,One year,No,Credit card (automatic),37.27,355.02,No
CUST-02261,Male,1,No,Yes,25,Yes,No,DSL,Yes,Yes,No,No,No,No,Two year,Yes,Electronic check,96.48,2088.38,No
CUST-02262,Female,0,Yes,No,29,Yes,Yes,DSL,No,No,No,No,No,No,One year,Yes,Credit card (automatic),24.26,601.3,No
CUST-02263,Female,0,Yes,No,22,Yes,No,Fiber optic,Yes,No,No,No,No,No,Month-to-month,No,Electronic check,61.26,1426.71,No
CUST-02264,Female,0,No,No,19,Yes,No,DSL,Yes,No,Yes,No,Yes,No,One year,No,Mailed check,64.45,1400.9,No
CUST-02265,Female,1,No,No,41,Yes,No,DSL,No,Yes,Yes,Yes,No,Yes,Two year,Yes,Mailed check,81.47,3399.91,No
CUST-02266,Male,0,Yes,No,38,No,No phone service,No,No internet service,No internet service,No internet service,No internet service,No internet service,No internet service,Month-to-month,Yes,Bank transfer (automatic),45.53,1809.98,No
CUST-02267,Female,0,No,Yes,29,Yes,No,Fiber optic,Yes,Yes,Yes,Yes,No,Yes,Two year,No,Mailed check,53.91,1659.8,No
CUST-02268,Female,0,Yes,Yes,22,Yes,Yes,No,No internet service,No internet service,No internet service,No internet service,No internet service,No internet service,Two year,Yes,Credit card (automatic),114.06,2195.98,No
CUST-02269,Male,0,No,Yes,8,No,No phone service,DSL,No,Yes,Yes,No,Yes,Yes,Month-to-month,No,Mailed check,105.98,887.12,Yes
CUST-02270,Female,0,Yes,No,47,Yes,No,Fiber optic,Yes,Yes,No,No,No,Yes,Month-to-month,No,Electronic check,56.62,2944.52,No
CUST-02271,Male,0,No,No,6,Yes,No,Fiber optic,No,Yes,Yes,No,No,No,Month-to-month,No,Electronic check,115.42,760.98,Yes
CUST-02272,Male,0,Yes,No,7,Yes,Yes,No,No internet service,No internet service,No internet service,No internet service,No internet service,No internet service,Month-to-month,Yes,Credit card (automatic),24.5,161.04,No
CUST-02273,Male,0,No,No,36,Yes,Yes,DSL,No,No,No,No,No,No,Month-to-month,Yes,Electronic check,48.83,1501.51,No
CUST-02274,Female,0,No,Yes,8,Yes,Yes,No,No internet service,No internet service,No internet service,No internet service,No internet service,No internet service,Two year,Yes,Bank transfer (automatic),89.67,752.63,No
CUST-02275,Female,0,Yes,Yes,46,Yes,Yes,DSL,Yes,Yes,No,No,No,Yes,Month-to-month,Yes,Credit card (automatic),78.58,3842.99,No
CUST-02276,Male,1,No,No,64,Yes,Yes,No,No internet service,No internet service,No internet service,No internet service,No internet service,No internet service,Two year,No,Electronic check,71.05,5143.38,No
CUST-02277,Female,0,Yes,No,31,No,No phone service,DSL,No,No,No,Yes,No,No,Month-to-month,No,Credit card (automatic),95.65,2596.29,No
CUST-02278,Female,0,No,Yes,23,Yes,No,Fiber optic,No,No,No,No,No,Yes,Month-to-month,Yes,Bank transfer (automatic),116.48,3048.7,Yes
CUST-02279,Male,0,No,No,61,No,No phone service,DSL,No,No,No,No,No,No,Month-to-month,Yes,Electronic check,88.31,4610.54,Yes
CUST-02280,Male,0,No,No,50,Yes,No,Fiber optic,Yes,Yes,No,Yes,No,Yes,One year,No,Bank transfer (automatic),61.74,3033.84,No
CUST-02281,Female,0,No,Yes,46,No,No phone service,DSL,No,Yes,No,Yes,No,Yes,Month-to-month,Yes,Credit card (automatic),86.89,3883.88,No
CUST-02282,Male,0,No,No,43,Yes,No,Fiber optic,Yes,No,No,No,Yes,No,Two year,No,Mailed check,71.36,2619.22,No
CUST-02283,Female,0,Yes,Yes,10,Yes,No,Fiber optic,No,No,Yes,No,No,No,Two year,Yes,Bank transfer (automatic),81.84,880.47,No
CUST-02284,Female,0,Yes,No,20,Yes,No,Fiber optic,No,Yes,No,Yes,No,Yes,Month-to-month,Yes,Electronic check,85.85,1468.15,No
CUST-02285,Female,0,No,Yes,16,Yes,Yes,DSL,No,No,No,Yes,No,No,Two year,No,Mailed check,118.1,2066.59,No
CUST-02286,Female,0,No,No,3,Yes,Yes,No,No internet service,No internet service,No internet service,No internet service,No internet service,No internet service,Month-to-month,Yes,Bank transfer (automatic),68.14,193.23,Yes
CUST-02287,Male,0,No,No,30,Yes,No,DSL,No,Yes,No,No,No,Yes,Month-to-month,No,Electronic check,95.05,2587.09,Yes
CUST-02288,Male,0,No,No,18,Yes,No,No,No internet service,No internet service,No internet service,No internet service,No internet service,No internet service,Month-to-month,No,Bank transfer (automatic),113.73,2045.3,No
CUST-02289,Male,0,Yes,Yes,59,Yes,Yes,No,No internet service,No internet service,No internet service,No internet service,No internet service,No internet service,Month-to-month,Yes,Electronic check,40.37,2043.05,No
CUST-02290,Male,1,Yes,Yes,70,Yes,Yes,Fiber optic,No,Yes,No,Yes,No,No,Two year,No,Credit card (automatic),56.76,3572.86,No
CUST-02291,Female,0,Yes,No,35,Yes,Yes,DSL,No,No,No,No,No,Yes,Month-to-month,Yes,Mailed check,74.15,2931.73,No
CUST-02292,Female,0,No,Yes,19,Yes,No,DSL,No,Yes,Yes,Yes,No,No,Month-to-month,No,Electronic check,57.91,1236.32,No
CUST-02293,Male,0,Yes,No,26,Yes,No,Fiber optic,No,No,No,Yes,No,No,Month-to-month,Yes,Bank transfer (automatic),91.65,2182.6,No
CUST-02294,Female,0,Yes,No,35,Yes,No,DSL,Yes,No,Yes,No,No,Yes,Month-to-month,Yes,Credit card (automatic),34.93,1089.22,Yes
CUST-02295,Female,0,No,Yes,72,Yes,No,Fiber optic,No,Yes,No,No,No,No,Two year,No,Mailed check,113.37,8194.97,No
CUST-02296,Female,0,No,No,57,Yes,No,No,No internet service,No internet service,No internet service,No internet service,No internet service,No internet service,Month-to-month,Yes,Credit card (automatic),56.13,3370.73,No
CUST-02297,Male,0,No,No,49,Yes,Yes,No,No internet service,No internet service,No internet service,No internet service,No internet service,No internet service,Month-to-month,No,Credit card (automatic),110.19,5019.52,Yes
CUST-02298,Male,0,No,No,10,Yes,Yes,Fiber optic,No,Yes,No,Yes,No,No,Two year,No,Mailed check,114.5,1049.59,No
CUST-02299,Male,0,No,No,29,Yes,No,No,No internet service,No internet service,No internet service,No internet service,No internet service,No internet service,One year,No,Credit card (automatic),38.0,1263.99,No
CUST-02300,Female,0,Yes,No,71,Yes,Yes,DSL,No,Yes,No,No,No,No,One year,No,Bank transfer (automatic),74.96,5301.76,No
CUST-02301,Male,0,No,Yes,68,Yes,No,No,No internet service,No internet service,No internet service,No internet service,No internet service,No internet service,One year,Yes,Mailed check,94.8,7191.86,No
CUST-02302,Male,0,Yes,Yes,24,Yes,Yes,Fiber optic,No,Yes,No,No,Yes,No,Month-to-month,Yes,Electronic check,21.68,501.74,Yes
CUST-02303,Male,1,No,No,43,Yes,Yes,Fiber optic,No,No,Yes,Yes,No,Yes,Month-to-month,Yes,Credit card (automatic),58.67,2190.9,No
CUST-02304,Male,0,No,No,39,Yes,Yes,DSL,No,No,Yes,No,No,Yes,Two year,No,Electronic check,59.9,2177.29,No
CUST-02305,Male,0,No,Yes,25,Yes,No,DSL,Yes,No,No,No,Yes,Yes,One year,No,Credit card (automatic),85.13,2224.08,No
CUST-02306,Male,0,Yes,Yes,68,Yes,No,Fiber optic,No,No,No,No,No,No,One year,No,Mailed check,70.67,4869.31,No
CUST-02307,Female,0,Yes,Yes,34,Yes,No,No,No internet service,No internet service,No internet service,No internet service,No internet service,No internet service,Month-to-month,Yes,Electronic check,91.78,2987.91,Yes
CUST-02308,Female,0,No,Yes,53,Yes,Yes,DSL,No,No,Yes,Yes,No,No,One year,Yes,Electronic check,54.47,2899.54,No
CUST-02309,Male,0,Yes,Yes,55,Yes,No,Fiber optic,No,Yes,No,No,No,Yes,Month-to-month,Yes,Electronic check,59.19,3740.87,No
CUST-02310,Male,0,No,No,53,Yes,Yes,DSL,No,No,No,No,No,No,Two year,Yes,Credit card (automatic),59.16,3320.35,No
CUST-02311,Female,0,No,No,18,Yes,Yes,DSL,No,No,No,No,Yes,No,Two year,Yes,Electronic check,51.21,964.64,No
CUST-02312,Female,1,No,Yes,7,Yes,Yes,DSL,Yes,No,Yes,No,No,Yes,Month-to-month,Yes,Electronic check,26.11,185.81,No
CUST-02313,Male,0,No,Yes,63,Yes,No,No,No internet service,No internet service,No internet service,No internet service,No internet service,No internet service,Month-to-month,Yes,Mailed check,64.25,3663.63,No
CUST-02314,Male,0,No,No,42,Yes,No,Fiber optic,No,Yes,Yes,No,No,No,One year,Yes,Electronic check,105.07,4569.1,Yes
CUST-02315,Male,1,Yes,No,11,Yes,Yes,Fiber optic,No,Yes,No,No,No,No,Month-to-month,No,Electronic check,61.0,686.77,Yes
CUST-02316,Male,0,Yes,Yes,9,Yes,Yes,Fiber optic,No,No,Yes,No,No,No,Two year,Yes,Electronic check,32.67,319.35,No
CUST-02317,Female,0,No,No,35,Yes,Yes,Fiber optic,No,No,Yes,No,Yes,Yes,Two year,Yes,Electronic check,49.12,1630.02,No
CUST-02318,Male,0,No,No,65,Yes,No,Fiber optic,No,No,No,No,No,Yes,Month-to-month,No,Bank transfer (automatic),94.45,5956.75,Yes
CUST-02319,Male,1,No,No,5,Yes,No,Fiber optic,No,Yes,No,No,No,Yes,Two year,Yes,Electronic check,43.83,251.51,Yes
CUST-02320,Male,0,No,No,26,Yes,No,Fiber optic,No,No,No,No,No,Yes,One year,Yes,Mailed check,24.19,600.06,Yes
CUST-02321,Male,0,Yes,No,51,No,No phone service,Fiber optic,No,No,No,No,Yes,No,Month-to-month,No,Bank transfer (automatic),23.72,1227.97,No
CUST-02322,Female,0,Yes,No,38,Yes,No,DSL,No,Yes,Yes,No,Yes,No,Month-to-month,Yes,Electronic check,79.25,2848.75,No
CUST-02323,Female,0,Yes,No,3,Yes,Yes,DSL,Yes,Yes,No,Yes,Yes,No,Month-to-month,Yes,Mailed check,108.48,339.79,No
CUST-02324,Female,0,No,Yes,59,Yes,Yes,No,No internet service,No internet service,No internet service,No internet service,No internet service,No internet service,One year,Yes,Bank transfer (automatic),44.39,2833.12,No
CUST-02325,Male,0,Yes,No,13,Yes,No,DSL,No,No,No,No,No,Yes,One year,Yes,Bank transfer (automatic),117.54,1613.01,No
CUST-02326,Male,0,Yes,Yes,35,No,No phone service,Fiber optic,Yes,Yes,No,No,Yes,Yes,Month-to-month,No,Bank transfer (automatic),40.38,1439.05,No
CUST-02327,Female,0,No,Yes,3,Yes,No,Fiber optic,No,No,Yes,Yes,No,Yes,Month-to-month,Yes,Electronic check,53.03,150.1,Yes
CUST-02328,Male,0,Yes,No,53,Yes,No,No,No internet service,No internet service,No internet service,No internet service,No internet service,No internet service,Month-to-month,No,Mailed check,65.24,3545.19,No
CUST-02329,Male,1,No,No,55,No,No phone service,DSL,No,No,No,Yes,No,Yes,Two year,Yes,Credit card (automatic),29.06,1729.36,No
CUST-02330,Female,1,No,No,45,Yes,No,Fiber optic,No,Yes,No,Yes,Yes,No,Two year,Yes,Mailed check,47.71,1924.7,No
CUST-02331,Female,0,Yes,Yes,66,Yes,No,Fiber optic,No,Yes,No,No,No,Yes,Two year,No,Electronic check,78.7,5105.28,Yes
CUST-02332,Female,0,Yes,No,67,No,No phone service,Fiber optic,No,Yes,No,No,No,No,Month-to-month,No,Electronic check,19.47,1451.4,No
CUST-02333,Female,0,No,No,44,Yes,Yes,Fiber optic,Yes,Yes,No,No,No,No,One year,Yes,Bank transfer (automatic),66.84,2942.27,No
CUST-02334,Male,0,Yes,Yes,68,Yes,No,Fiber optic,No,Yes,No,Yes,Yes,Yes,Two year,Yes,Electronic check,84.52,6436.12,Yes
CUST-02335,Male,0,Yes,No,62,Yes,Yes,No,No internet service,No internet service,No internet service,No internet service,No internet service,No internet service,Month-to-month,Yes,Bank transfer (automatic),48.23,2616.64,Yes
CUST-02336,Female,0,Yes,No,25,Yes,Yes,Fiber optic,Yes,No,Yes,No,Yes,Yes,Two year,Yes,Electronic check,105.8,2461.59,No
CUST-02337,Male,1,Yes,Yes,52,Yes,No,DSL,No,Yes,No,No,Yes,Yes,Month-to-month,No,Mailed check,46.11,2401.46,No
CUST-02338,Female,0,No,Yes,50,Yes,Yes,No,No internet service,No internet service,No internet service,No internet service,No internet service,No internet service,One year,No,Electronic check,109.91,4985.83,No
CUST-02339,Female,0,Yes,No,1,Yes,No,DSL,Yes,Yes,Yes,No,Yes,No,Month-to-month,Yes,Electronic check,101.99,104.27,No
CUST-02340,Male,0,No,No,39,Yes,No,Fiber optic,No,Yes,Yes,No,No,Yes,Month-to-month,Yes,Credit card (automatic),41.71,1617.37,No
CUST-02341,Female,0,Yes,Yes,52,Yes,No,Fiber optic,No,No,No,No,Yes,No,Month-to-month,No,Electronic check,24.58,1445.28,No
CUST-02342,Male,0,No,No,40,Yes,No,DSL,No,No,No,No,Yes,No,Month-to-month,No,Electronic check,21.43,897.39,No
CUST-02343,Male,0,No,Yes,60,Yes,Yes,DSL,No,Yes,No,Yes,No,No,One year,Yes,Electronic check,96.23,4931.89,No
CUST-02344,Male,0,No,No,69,Yes,Yes,Fiber optic,No,No,No,Yes,No,No,Two year,Yes,Electronic check,74.73,5687.36,No
CUST-02345,Male,1,No,No,20,Yes,No,DSL,No,No,No,No,No,No,Month-to-month,Yes,Credit card (automatic),36.1,754.01,No
CUST-02346,Female,0,Yes,Yes,2,Yes,Yes,Fiber optic,No,No,Yes,No,Yes,No,Two year,Yes,Electronic check,34.74,63.29,No
CUST-02347,Male,1,No,No,9,Yes,No,Fiber optic,Yes,No,Yes,No,No,No,Month-to-month,No,Bank transfer (automatic),56.22,467.58,No
CUST-02348,Female,0,Yes,No,39,No,No phone service,Fiber optic,Yes,Yes,Yes,Yes,No,No,Two year,Yes,Bank transfer (automatic),26.96,1110.54,No
CUST-02349,Female,0,Yes,No,30,Yes,Yes,DSL,No,No,No,No,No,No,One year,No,Bank transfer (automatic),87.72,2692.4,No
CUST-02350,Female,0,No,No,54,Yes,Yes,DSL,No,Yes,No,No,No,Yes,Month-to-month,No,Electronic check,113.64,6024.53,Yes
CUST-02351,Female,0,Yes,No,58,Yes,Yes,Fiber optic,No,Yes,No,No,No,Yes,Month-to-month,No,Electronic check,59.86,3280.04,No
CUST-02352,Male,0,No,No,44,Yes,Yes,Fiber optic,No,No,Yes,No,No,Yes,Two year,No,Electronic check,105.63,5102.52,No
CUST-02353,Male,0,Yes,Yes,43,Yes,Yes,Fiber optic,No,No,No,Yes,No,Yes,One year,No,Electronic check,51.12,2391.83,No
CUST-02354,Female,0,No,No,10,Yes,No,Fiber optic,No,No,No,No,Yes,No,Month-to-month,Yes,Electronic check,43.06,477.73,Yes
CUST-02355,Female,0,No,Yes,48,Yes,No,DSL,No,Yes,No,No,No,No,One year,No,Bank transfer (automatic),51.85,2716.39,No
CUST-02356,Male,0,No,Yes,17,Yes,Yes,Fiber optic,Yes,Yes,No,No,No,Yes,One year,No,Mailed check,39.24,755.8,No
CUST-02357,Female,0,No,Yes,5,Yes,No,No,No internet service,No internet service,No internet service,No internet service,No internet service,No internet service,Two year,Yes,Electronic check,42.03,185.62,No
CUST-02358,Male,0,No,No,70,Yes,Yes,DSL,No,No,No,Yes,Yes,No,Month-to-month,No,Electronic check,87.54,6152.6,No
CUST-02359,Female,0,No,No,64,Yes,Yes,Fiber optic,Yes,No,No,Yes,No,No,Month-to-month,Yes,Electronic check,105.16,6352.99,No
CUST-02360,Male,0,Yes,Yes,66,Yes,No,No,No internet service,No internet service,No internet service,No internet service,No internet service,No internet service,Month-to-month,Yes,Mailed check,56.55,3605.57,Yes
CUST-02361,Female,1,No,Yes,71,Yes,No,Fiber optic,Yes,No,No,Yes,Yes,Yes,Month-to-month,No,Mailed check,77.67,6212.02,No
CUST-02362,Female,0,Yes,No,4,Yes,No,Fiber optic,No,No,No,No,Yes,No,Month-to-month,Yes,Credit card (automatic),34.3,149.03,Yes
CUST-02363,Male,0,Yes,No,28,Yes,No,DSL,No,No,No,Yes,Yes,No,Month-to-month,Yes,Bank transfer (automatic),94.28,2269.47,No
CUST-02364,Female,0,Yes,No,38,Yes,No,No,No internet service,No internet service,No internet service,No internet service,No internet service,No internet service,Two year,Yes,Bank transfer (automatic),27.17,1016.96,No
CUST-02365,Female,0,Yes,No,66,Yes,No,Fiber optic,No,Yes,No,No,Yes,Yes,Month-to-month,Yes,Electronic check,36.19,2205.77,No
CUST-02366,Male,0,No,No,67,Yes,No,DSL,No,Yes,Yes,Yes,Yes,No,Month-to-month,Yes,Mailed check,60.22,4134.47,No
CUST-02367,Female,1,No,Yes,60,Yes,No,Fiber optic,No,No,No,No,Yes,Yes,Month-to-month,Yes,Credit card (automatic),30.08,1707.15,No
CUST-02368,Male,1,No,No,47,Yes,Yes,DSL,Yes,Yes,No,Yes,No,No,Two year,Yes,Mailed check,108.31,5065.21,No
CUST-02369,Male,0,No,No,25,Yes,No,Fiber optic,No,No,Yes,No,Yes,No,One year,No,Electronic check,67.74,1629.16,No
CUST-02370,Female,0,Yes,No,66,Yes,Yes,No,No internet service,No internet service,No internet service,No internet service,No internet service,No internet service,Month-to-month,Yes,Bank transfer (automatic),46.93,2666.42,No
CUST-02371,Female,0,Yes,Yes,67,Yes,Yes,Fiber optic,No,Yes,No,No,No,No,Two year,Yes,Electronic check,32.2,2024.52,No
CUST-02372,Female,0,Yes,Yes,69,Yes,Yes,No,No internet service,No internet service,No internet service,No internet service,No internet service,No internet service,One year,No,Credit card (automatic),35.29,2568.13,No
CUST-02373,Female,0,No,Yes,40,Yes,No,No,No internet service,No internet service,No internet service,No internet service,No internet service,No internet service,Two year,Yes,Mailed check,91.63,4030.04,No
CUST-02374,Female,0,Yes,No,50,Yes,Yes,Fiber optic,No,Yes,No,Yes,No,No,Month-to-month,No,Credit card (automatic),106.84,5823.46,Yes
CUST-02375,Female,0,No,No,40,Yes,No,DSL,Yes,No,No,No,Yes,No,Two year,Yes,Electronic check,83.02,3072.24,No
CUST-02376,Female,0,No,Yes,37,Yes,No,DSL,No,Yes,No,No,Yes,Yes,Two year,No,Electronic check,54.12,2190.59,No
CUST-02377,Male,0,No,No,69,Yes,No,Fiber optic,No,Yes,Yes,Yes,Yes,No,Two year,No,Mailed check,44.48,3369.53,No
CUST-02378,Female,0,No,No,17,Yes,Yes,DSL,No,Yes,No,No,Yes,Yes,Month-to-month,Yes,Mailed check,67.21,1151.23,Yes
CUST-02379,Male,1,No,No,62,Yes,No,Fiber optic,No,No,No,No,Yes,No,Month-to-month,Yes,Bank transfer (automatic),48.53,2851.58,No
CUST-02380,Female,0,Yes,No,41,Yes,No,Fiber optic,No,Yes,No,No,Yes,Yes,Two year,Yes,Bank transfer (automatic),68.05,3056.54,No
CUST-02381,Female,1,Yes,No,42,Yes,Yes,Fiber optic,No,Yes,No,No,No,No,Month-to-month,No,Mailed check,19.38,717.39,No
CUST-02382,Male,0,No,No,31,Yes,No,Fiber optic,Yes,No,Yes,No,No,Yes,Month-to-month,Yes,Electronic check,106.94,3768.73,No
CUST-02383,Female,0,No,No,33,Yes,Yes,Fiber optic,No,Yes,Yes,Yes,Yes,No,Month-to-month,No,Credit card (automatic),77.38,2427.08,Yes
CUST-02384,Female,1,No,No,43,No,No phone service,No,No internet service,No internet service,No internet service,No internet service,No internet service,No internet service,Month-to-month,No,Electronic check,67.48,2580.89,No
CUST-02385,Male,0,Yes,Yes,67,Yes,No,Fiber optic,No,Yes,No,Yes,Yes,No,One year,No,Electronic check,66.5,4781.0,No
CUST-02386,Female,0,No,No,38,Yes,No,Fiber optic,No,Yes,Yes,Yes,Yes,No,Month-to-month,No,Electronic check,95.13,3551.64,No
CUST-02387,Female,0,Yes,Yes,41,Yes,Yes,DSL,No,No,No,Yes,No,No,One year,Yes,Mailed check,73.19,3022.97,No
CUST-02388,Female,0,Yes,Yes,63,Yes,No,Fiber optic,No,Yes,Yes,Yes,Yes,No,Month-to-month,No,Electronic check,82.68,4490.35,No
CUST-02389,Male,0,Yes,Yes,40,Yes,Yes,Fiber optic,Yes,No,No,No,Yes,No,Month-to-month,No,Bank transfer (automatic),98.36,3715.56,No
CUST-02390,Female,1,Yes,No,30,Yes,No,Fiber optic,Yes,No,Yes,No,No,No,Two year,Yes,Credit card (automatic),104.22,2865.28,Yes
CUST-02391,Female,1,Yes,No,47,Yes,No,DSL,No,No,No,No,No,No,Month-to-month,Yes,Credit card (automatic),73.75,3377.29,Yes
CUST-02392,Female,1,Yes,Yes,22,Yes,Yes,Fiber optic,No,No,Yes,No,No,Yes,Month-to-month,Yes,Credit card (automatic),76.96,1478.26,Yes
CUST-02393,Female,0,No,No,55,Yes,No,Fiber optic,Yes,No,Yes,No,No,No,Month-to-month,No,Electronic check,87.06,4413.74,No
CUST-02394,Male,0,No,No,43,Yes,Yes,No,No internet service,No internet service,No internet service,No internet service,No internet service,No internet service,Two year,No,Mailed check,65.71,2551.92,No
CUST-02395,Male,0,No,No,61,No,No phone service,DSL,No,Yes,No,No,No,No,Month-to-month,Yes,Electronic check,109.02,6239.09,No
CUST-02396,Female,1,Yes,Yes,32,Yes,No,Fiber optic,No,No,No,No,No,No,One year,Yes,Electronic check,72.89,2319.21,No
CUST-02397,Female,0,No,Yes,4,Yes,No,DSL,No,Yes,No,No,No,Yes,Two year,No,Electronic check,111.14,505.8,Yes
CUST-02398,Male,0,Yes,No,45,Yes,Yes,Fiber optic,No,Yes,No,No,Yes,No,One year,Yes,Electronic check,99.01,4445.4,No
CUST-02399,Male,0,Yes,No,72,Yes,Yes,Fiber optic,No,No,Yes,No,No,Yes,Month-to-month,Yes,Mailed check,54.76,4478.84,No
CUST-02400,Female,0,No,No,20,Yes,No,No,No internet service,No internet service,No internet service,No internet service,No internet service,No internet service,Month-to-month,No,Electronic check,84.97,1656.27,Yes
CUST-02401,Male,0,Yes,No,71,Yes,No,DSL,No,No,Yes,Yes,No,No,One year,Yes,Mailed check,90.3,5572.95,No
CUST-02402,Female,1,No,No,65,Yes,No,Fiber optic,No,Yes,No,No,No,No,One year,Yes,Electronic check,65.25,3872.59,No
CUST-02403,Male,1,No,Yes,60,Yes,No,Fiber optic,No,No,No,No,No,No,Month-to-month,No,Credit card (automatic),89.25,5174.64,No
CUST-02404,Male,0,No,No,26,Yes,No,Fiber optic,No,No,Yes,Yes,Yes,Yes,Two year,No,Mailed check,42.46,1262.04,No
CUST-02405,Male,0,No,No,23,Yes,Yes,Fiber optic,No,No,Yes,No,No,No,Month-to-month,Yes,Bank transfer (automatic),47.3,1189.0,No
CUST-02406,Male,1,No,Yes,40,Yes,Yes,Fiber optic,No,Yes,No,No,No,Yes,Two year,Yes,Mailed check,82.95,2890.05,No
CUST-02407,Female,0,Yes,Yes,2,Yes,No,Fiber optic,No,Yes,No,No,No,No,One year,Yes,Mailed check,66.77,120.46,No
CUST-02408,Male,0,No,No,26,Yes,Yes,DSL,No,No,Yes,Yes,Yes,Yes,One year,Yes,Mailed check,56.78,1514.18,No
CUST-02409,Male,0,Yes,No,62,Yes,No,Fiber optic,No,No,Yes,No,No,Yes,One year,Yes,Electronic check,24.95,1761.63,Yes
CUST-02410,Female,0,No,Yes,44,Yes,No,Fiber optic,No,Yes,No,No,No,No,Month-to-month,Yes,Electronic check,117.14,5014.63,Yes
CUST-02411,Male,0,No,Yes,31,Yes,No,No,No internet service,No internet service,No internet service,No internet service,No internet service,No internet service,Two year,Yes,Credit card (automatic),41.15,1402.66,No
CUST-02412,Male,0,Yes,Yes,26,Yes,No,Fiber optic,No,No,No,No,No,No,Two year,Yes,Bank transfer (automatic),80.81,1991.69,No
CUST-02413,Female,0,No,No,5,No,No phone service,No,No internet service,No internet service,No internet service,No internet service,No internet service,No internet service,One year,Yes,Electronic check,97.86,444.48,No
CUST-02414,Male,0,Yes,No,70,Yes,No,DSL,No,No,Yes,No,Yes,No,One year,No,Electronic check,69.3,4587.59,No
CUST-02415,Female,1,Yes,No,35,Yes,No,DSL,No,No,Yes,No,Yes,Yes,Month-to-month,No,Mailed check,76.45,2772.43,Yes
CUST-02416,Female,0,No,No,16,Yes,Yes,Fiber optic,No,No,No,Yes,Yes,No,One year,No,Electronic check,71.65,1177.79,Yes
CUST-02417,Female,1,Yes,No,31,Yes,No,DSL,Yes,No,No,Yes,No,Yes,Two year,Yes,Bank transfer (automatic),82.22,2508.23,No
CUST-02418,Female,0,Yes,Yes,14,Yes,Yes,No,No internet service,No internet service,No internet service,No internet service,No internet service,No internet service,Month-to-month,Yes,Electronic check,60.09,888.79,No
CUST-02419,Male,0,Yes,No,25,Yes,No,Fiber optic,Yes,No,Yes,No,Yes,No,One year,Yes,Bank transfer (automatic),54.04,1244.71,No
CUST-02420,Female,0,No,Yes,71,No,No phone service,DSL,No,Yes,No,No,Yes,Yes,Month-to-month,Yes,Mailed check,117.26,7278.37,No
CUST-02421,Male,1,Yes,Yes,18,Yes,No,Fiber optic,No,Yes,Yes,Yes,Yes,Yes,Month-to-month,No,Electronic check,55.79,1038.88,No
CUST-02422,Male,0,Yes,Yes,50,Yes,Yes,No,No internet service,No internet service,No internet service,No internet service,No internet service,No internet service,Month-to-month,Yes,Credit card (automatic),63.11,2814.31,No
CUST-02423,Male,0,No,No,20,Yes,No,DSL,No,No,No,No,Yes,No,Month-to-month,No,Electronic check,34.54,693.27,No
CUST-02424,Male,0,Yes,No,56,Yes,No,Fiber optic,No,No,No,Yes,No,Yes,Month-to-month,Yes,Credit card (automatic),101.38,5405.11,Yes
CUST-02425,Male,0,Yes,No,2,Yes,No,Fiber optic,No,No,No,No,No,No,Month-to-month,Yes,Bank transfer (automatic),96.0,165.07,Yes
CUST-02426,Male,0,No,No,26,No,No phone service,Fiber optic,No,No,Yes,Yes,No,No,Month-to-month,No,Mailed check,91.81,2360.01,No
CUST-02427,Male,1,No,Yes,23,No,No phone service,DSL,Yes,Yes,No,No,No,Yes,Month-to-month,No,Credit card (automatic),105.56,2702.21,Yes
CUST-02428,Male,1,No,No,32,No,No phone service,Fiber optic,No,No,No,No,Yes,Yes,Month-to-month,No,Electronic check,20.12,717.6,Yes
CUST-02429,Male,0,Yes,No,13,Yes,Yes,Fiber optic,No,No,Yes,Yes,No,No,Month-to-month,Yes,Electronic check,20.06,278.52,Yes
CUST-02430,Male,1,No,Yes,13,Yes,No,Fiber optic,No,No,Yes,No,Yes,No,Month-to-month,No,Bank transfer (automatic),116.45,1504.39,Yes
CUST-02431,Female,0,No,No,17,Yes,Yes,No,No internet service,No internet service,No internet service,No internet service,No internet service,No internet service,One year,Yes,Mailed check,37.55,608.84,No
CUST-02432,Female,0,Yes,No,58,Yes,No,No,No internet service,No internet service,No internet service,No internet service,No internet service,No internet service,Month-to-month,Yes,Mailed check,107.42,5353.13,No
CUST-02433,Female,0,Yes,Yes,27,Yes,No,DSL,No,No,Yes,No,Yes,No,One year,Yes,Credit card (automatic),98.1,2824.87,No
CUST-02434,Male,0,No,Yes,17,Yes,No,DSL,No,Yes,No,No,No,Yes,Month-to-month,No,Bank transfer (automatic),70.5,1346.31,Yes
CUST-02435,Female,0,No,No,38,Yes,Yes,Fiber optic,No,Yes,No,No,No,Yes,Two year,No,Mailed check,22.57,879.45,No
CUST-02436,Female,1,No,Yes,14,No,No phone service,DSL,No,No,No,Yes,Yes,No,Month-to-month,No,Bank transfer (automatic),38.91,626.19,No
CUST-02437,Female,0,No,No,14,Yes,No,Fiber optic,No,Yes,Yes,No,Yes,Yes,Month-to-month,Yes,Bank transfer (automatic),24.93,364.87,No
CUST-02438,Male,0,No,No,12,Yes,No,DSL,No,Yes,No,No,No,No,Month-to-month,No,Electronic check,96.48,1039.89,No
CUST-02439,Male,0,No,No,69,Yes,Yes,Fiber optic,No,No,No,Yes,No,No,One year,Yes,Electronic check,68.84,4756.26,Yes
CUST-02440,Male,1,Yes,Yes,68,Yes,No,DSL,No,Yes,No,Yes,No,Yes,Two year,Yes,Mailed check,117.39,8136.52,No
CUST-02441,Male,0,Yes,No,55,Yes,No,DSL,No,No,No,No,No,No,Month-to-month,Yes,Bank transfer (automatic),72.19,4300.0,No
CUST-02442,Female,0,No,No,63,Yes,No,No,No internet service,No internet service,No internet service,No internet service,No internet service,No internet service,One year,Yes,Credit card (automatic),29.6,1957.32,No
CUST-02443,Female,0,No,No,29,No,No phone service,DSL,No,No,Yes,No,Yes,Yes,Two year,No,Bank transfer (automatic),28.35,711.52,No
CUST-02444,Female,0,No,No,45,Yes,No,DSL,Yes,No,No,Yes,No,No,One year,No,Bank transfer (automatic),70.91,2913.44,No
CUST-02445,Female,0,No,No,4,Yes,No,Fiber optic,Yes,No,No,Yes,No,No,Month-to-month,No,Mailed check,76.94,266.93,No
CUST-02446,Male,0,No,No,16,Yes,Yes,DSL,No,Yes,No,No,Yes,Yes,Month-to-month,No,Credit card (automatic),33.83,532.67,No
CUST-02447,Male,0,Yes,No,66,No,No phone service,Fiber optic,No,No,No,Yes,No,Yes,One year,Yes,Credit card (automatic),33.66,2161.24,No
CUST-02448,Male,0,No,No,23,Yes,No,Fiber optic,No,No,No,No,Yes,No,Two year,Yes,Mailed check,110.22,2520.82,Yes
CUST-02449,Female,0,Yes,No,68,Yes,Yes,Fiber optic,No,Yes,No,No,Yes,No,Month-to-month,No,Bank transfer (automatic),103.13,8063.83,No
CUST-02450,Male,0,Yes,No,20,Yes,Yes,Fiber optic,No,No,Yes,Yes,No,No,Two year,No,Bank transfer (automatic),19.26,330.23,No
CUST-02451,Male,0,Yes,No,17,Yes,Yes,No,No internet service,No internet service,No internet service,No internet service,No internet service,No internet service,Month-to-month,Yes,Electronic check,93.27,1806.58,No
CUST-02452,Female,1,No,No,52,Yes,No,DSL,No,Yes,No,No,No,No,Month-to-month,Yes,Electronic check,71.22,4153.45,Yes
CUST-02453,Female,0,No,Yes,6,Yes,Yes,DSL,No,Yes,No,Yes,No,No,One year,No,Credit card (automatic),83.1,470.92,No
CUST-02454,Male,1,Yes,No,39,No,No phone service,DSL,No,No,No,No,No,No,Month-to-month,No,Credit card (automatic),22.24,973.57,Yes
CUST-02455,Male,0,Yes,Yes,34,Yes,No,DSL,Yes,Yes,Yes,Yes,No,No,One year,Yes,Bank transfer (automatic),62.21,2076.17,No
CUST-02456,Male,0,No,No,54,Yes,Yes,Fiber optic,Yes,Yes,Yes,No,No,Yes,Month-to-month,No,Credit card (automatic),65.82,3859.83,No
CUST-02457,Male,0,No,Yes,65,No,No phone service,DSL,No,No,No,No,Yes,Yes,Month-to-month,No,Bank transfer (automatic),31.13,1721.56,No
CUST-02458,Male,1,No,No,29,Yes,Yes,DSL,No,No,No,No,No,No,Month-to-month,Yes,Credit card (automatic),111.66,3630.1,No
CUST-02459,Male,0,No,No,41,Yes,No,Fiber optic,No,Yes,Yes,No,Yes,No,Two year,Yes,Electronic check,19.44,826.85,No
CUST-02460,Female,0,No,No,63,Yes,No,Fiber optic,No,No,No,Yes,No,No,Month-to-month,Yes,Mailed check,27.67,1556.61,No
CUST-02461,Female,1,Yes,No,32,Yes,No,Fiber optic,Yes,No,No,No,Yes,No,Month-to-month,Yes,Mailed check,75.42,2714.17,No
CUST-02462,Female,0,Yes,Yes,66,Yes,No,DSL,No,No,No,No,Yes,No,One year,Yes,Electronic check,18.68,1063.51,No
CUST-02463,Male,0,Yes,No,45,Yes,Yes,Fiber optic,No,No,Yes,No,No,No,Two year,No,Bank transfer (automatic),118.11,4557.56,No
CUST-02464,Female,0,No,No,17,Yes,No,DSL,No,No,No,No,No,Yes,Month-to-month,Yes,Mailed check,21.25,408.48,No
CUST-02465,Male,0,Yes,No,43,No,No phone service,No,No internet service,No internet service,No internet service,No internet service,No internet service,No internet service,Month-to-month,Yes,Credit card (automatic),81.64,3565.13,Yes
CUST-02466,Male,0,No,Yes,66,Yes,No,DSL,No,Yes,No,Yes,No,No,Two year,Yes,Mailed check,54.58,3169.97,Yes
CUST-02467,Female,0,Yes,Yes,68,Yes,Yes,Fiber optic,No,Yes,No,No,No,No,One year,No,Mailed check,29.56,1774.86,No
CUST-02468,Male,0,Yes,No,34,Yes,No,No,No internet service,No internet service,No internet service,No internet service,No internet service,No internet service,One year,Yes,Credit card (automatic),105.0,3826.16,No
CUST-02469,Male,0,Yes,Yes,1,Yes,No,DSL,No,Yes,Yes,No,No,No,Month-to-month,No,Electronic check,73.12,75.02,Yes
CUST-02470,Female,1,Yes,Yes,23,Yes,No,No,No internet service,No internet service,No internet service,No internet service,No internet service,No internet service,One year,No,Mailed check,85.71,1998.26,No
CUST-02471,Female,1,Yes,Yes,6,Yes,No,DSL,No,No,No,No,Yes,No,Two year,No,Electronic check,97.27,613.01,No
CUST-02472,Female,0,No,No,16,Yes,No,DSL,No,No,No,Yes,No,No,One year,No,Mailed check,73.74,1249.37,No
CUST-02473,Male,0,Yes,Yes,2,Yes,Yes,DSL,Yes,Yes,Yes,Yes,Yes,Yes,Month-to-month,No,Bank transfer (automatic),43.6,81.6,No
CUST-02474,Female,0,No,No,27,No,No phone service,No,No internet service,No internet service,No internet service,No internet service,No internet service,No internet service,One year,No,Bank transfer (automatic),49.62,1539.3,No
CUST-02475,Female,0,Yes,No,19,Yes,No,DSL,Yes,Yes,No,No,No,Yes,Two year,No,Mailed check,101.22,1671.55,No
CUST-02476,Male,0,No,No,28,No,No phone service,DSL,No,No,No,No,No,Yes,Month-to-month,No,Electronic check,97.26,2953.6,No
CUST-02477,Female,0,No,No,35,Yes,Yes,No,No internet service,No internet service,No internet service,No internet service,No internet service,No internet service,One year,No,Mailed check,19.7,640.18,No
CUST-02478,Female,0,No,No,68,Yes,Yes,Fiber optic,No,No,Yes,No,No,Yes,One year,No,Bank transfer (automatic),76.42,5799.98,No
CUST-02479,Female,0,Yes,Yes,49,Yes,No,Fiber optic,No,No,No,Yes,Yes,Yes,Month-to-month,No,Mailed check,93.96,4083.18,No
CUST-02480,Male,0,Yes,Yes,7,Yes,Yes,Fiber optic,No,No,No,No,No,No,One year,Yes,Electronic check,28.37,227.78,Yes
CUST-02481,Male,1,No,Yes,37,Yes,No,DSL,No,Yes,Yes,No,Yes,No,One year,Yes,Credit card (automatic),79.9,2931.41,No
CUST-02482,Male,0,Yes,No,25,Yes,Yes,No,No internet service,No internet service,No internet service,No internet service,No internet service,No internet service,Month-to-month,Yes,Mailed check,65.1,1569.29,No
CUST-02483,Male,0,No,No,41,Yes,Yes,Fiber optic,Yes,No,Yes,Yes,No,Yes,Month-to-month,No,Mailed check,40.14,1453.94,No
CUST-02484,Female,0,Yes,No,62,Yes,No,DSL,Yes,No,No,No,No,No,Month-to-month,Yes,Mailed check,82.33,4866.39,No
CUST-02485,Male,0,No,No,41,Yes,No,Fiber optic,No,Yes,No,No,Yes,No,Month-to-month,No,Bank transfer (automatic),48.37,1830.46,No
CUST-02486,Male,0,Yes,Yes,14,Yes,No,No,No internet service,No internet service,No internet service,No internet service,No internet service,No internet service,One year,Yes,Electronic check,38.35,608.05,No
CUST-02487,Female,0,No,No,54,Yes,Yes,DSL,No,No,No,No,Yes,No,Month-to-month,Yes,Bank transfer (automatic),63.4,3591.42,No
CUST-02488,Female,0,No,Yes,2,Yes,No,Fiber optic,No,No,Yes,No,No,No,Month-to-month,Yes,Electronic check,78.7,150.43,No
CUST-02489,Female,0,Yes,No,48,Yes,No,Fiber optic,No,Yes,No,No,No,Yes,Two year,Yes,Bank transfer (automatic),61.71,2600.32,No
CUST-02490,Male,0,Yes,Yes,51,No,No phone service,No,No internet service,No internet service,No internet service,No internet service,No internet service,No internet service,Month-to-month,Yes,Electronic check,109.75,5594.17,Yes
CUST-02491,Male,0,Yes,No,55,Yes,Yes,DSL,Yes,No,No,No,No,No,Month-to-month,No,Electronic check,108.71,6443.2,Yes
CUST-02492,Male,1,No,No,12,Yes,No,No,No internet service,No internet service,No internet service,No internet service,No internet service,No internet service,Two year,Yes,Mailed check,55.36,730.2,No
CUST-02493,Female,0,Yes,Yes,69,Yes,No,DSL,Yes,No,Yes,No,Yes,Yes,One year,No,Electronic check,39.49,2756.98,No
CUST-02494,Female,0,Yes,No,1,Yes,No,DSL,No,Yes,No,No,Yes,Yes,One year,No,Electronic check,108.72,124.85,No
CUST-02495,Male,1,No,No,59,Yes,No,Fiber optic,No,Yes,Yes,No,Yes,Yes,Two year,Yes,Electronic check,60.12,3496.06,No
CUST-02496,Female,0,Yes,No,34,Yes,No,DSL,No,Yes,No,No,Yes,No,Month-to-month,No,Credit card (automatic),49.47,1471.0,Yes
CUST-02497,Female,0,Yes,No,46,Yes,No,Fiber optic,No,No,No,No,No,Yes,Two year,Yes,Bank transfer (automatic),114.56,4937.14,No
CUST-02498,Female,0,Yes,No,59,No,No phone service,Fiber optic,No,No,No,No,No,No,Month-to-month,Yes,Electronic check,67.77,4186.84,No
CUST-02499,Male,0,No,No,66,Yes,Yes,Fiber optic,No,No,Yes,No,No,No,Month-to-month,No,Credit card (automatic),106.11,7268.88,No
CUST-02500,Female,0,No,No,19,Yes,Yes,Fiber optic,No,Yes,Yes,Yes,No,No,Two year,Yes,Credit card (automatic),19.17,345.93,No
CUST-02501,Female,0,Yes,No,28,Yes,No,No,No internet service,No internet service,No internet service,No internet service,No internet service,No internet service,Month-to-month,Yes,Electronic check,23.75,742.38,No
CUST-02502,Male,1,No,No,40,Yes,Yes,No,No internet service,No internet service,No internet service,No internet service,No internet service,No internet service,Month-to-month,Yes,Bank transfer (automatic),66.38,2465.23,Yes
CUST-02503,Male,1,Yes,No,57,No,No phone service,Fiber optic,Yes,Yes,No,Yes,Yes,No,Two year,No,Electronic check,83.79,4459.74,No
CUST-02504,Female,0,Yes,No,51,Yes,No,Fiber optic,No,No,No,No,Yes,No,Month-to-month,Yes,Mailed check,66.4,3400.99,No
CUST-02505,Female,0,No,Yes,22,Yes,Yes,Fiber optic,No,No,No,No,No,No,Month-to-month,Yes,Electronic check,65.88,1421.71,Yes
CUST-02506,Male,0,Yes,No,68,Yes,Yes,Fiber optic,Yes,Yes,Yes,Yes,Yes,No,Two year,No,Electronic check,51.45,3482.5,No
CUST-02507,Male,0,No,No,8,Yes,No,DSL,Yes,No,No,No,No,No,Month-to-month,Yes,Mailed check,64.11,535.33,Yes
CUST-02508,Female,0,No,Yes,60,Yes,No,DSL,Yes,Yes,No,No,No,No,Two year,No,Credit card (automatic),102.02,6951.49,No
CUST-02509,Female,0,No,No,65,Yes,No,Fiber optic,Yes,No,No,No,No,No,Two year,No,Credit card (automatic),94.78,6392.0,No
CUST-02510,Female,1,Yes,Yes,36,Yes,No,DSL,Yes,Yes,No,No,Yes,No,One year,No,Credit card (automatic),41.31,1390.97,No
CUST-02511,Female,1,Yes,No,71,Yes,Yes,DSL,No,No,No,No,No,Yes,One year,No,Electronic check,90.49,7366.98,No
CUST-02512,Male,0,No,No,29,Yes,No,Fiber optic,Yes,Yes,No,No,No,No,Month-to-month,No,Bank transfer (automatic),87.01,2796.69,No
CUST-02513,Female,0,Yes,No,65,Yes,No,DSL,Yes,Yes,No,No,No,No,Month-to-month,Yes,Electronic check,31.68,1974.24,No
CUST-02514,Female,0,No,No,56,Yes,Yes,DSL,No,Yes,No,Yes,No,Yes,Two year,Yes,Mailed check,105.03,5791.82,No
CUST-02515,Male,0,Yes,No,4,Yes,Yes,Fiber optic,No,No,Yes,Yes,Yes,No,Month-to-month,Yes,Electronic check,24.3,86.98,No
CUST-02516,Female,0,Yes,Yes,72,Yes,Yes,Fiber optic,Yes,Yes,Yes,No,Yes,Yes,Month-to-month,No,Bank transfer (automatic),18.72,1340.57,No
CUST-02517,Male,0,Yes,No,50,Yes,Yes,DSL,No,Yes,Yes,No,No,No,Two year,Yes,Electronic check,99.19,4817.52,Yes
CUST-02518,Female,0,No,No,39,Yes,No,Fiber optic,No,Yes,No,Yes,No,Yes,One year,Yes,Bank transfer (automatic),83.38,3592.99,No
CUST-02519,Female,0,No,No,35,Yes,No,Fiber optic,No,No,No,No,No,No,Two year,Yes,Electronic check,37.34,1227.18,No
CUST-02520,Male,0,Yes,No,25,Yes,Yes,DSL,No,No,No,No,No,No,Two year,Yes,Mailed check,91.05,2398.81,No
CUST-02521,Male,0,No,No,44,Yes,No,DSL,No,No,Yes,No,No,No,One year,Yes,Electronic check,106.62,4284.1,No
CUST-02522,Female,0,Yes,No,47,Yes,Yes,No,No internet service,No internet service,No internet service,No internet service,No internet service,No internet service,Month-to-month,No,Electronic check,35.98,1618.78,No
CUST-02523,Female,0,Yes,No,40,Yes,No,Fiber optic,Yes,No,No,No,No,No,Month-to-month,Yes,Mailed check,51.91,2035.73,No
CUST-02524,Female,0,No,No,31,Yes,No,DSL,No,No,No,No,Yes,No,Month-to-month,Yes,Credit card (automatic),100.83,3582.33,Yes
CUST-02525,Male,1,No,Yes,69,Yes,No,Fiber optic,No,No,No,No,No,No,Month-to-month,Yes,Electronic check,94.85,6915.44,No
CUST-02526,Female,0,Yes,No,43,Yes,Yes,DSL,Yes,No,No,No,Yes,No,Month-to-month,No,Mailed check,79.18,3296.65,No
CUST-02527,Male,0,Yes,No,55,Yes,Yes,DSL,No,Yes,No,Yes,No,Yes,Two year,No,Electronic check,57.41,3316.0,No
CUST-02528,Male,0,No,No,16,No,No phone service,No,No internet service,No internet service,No internet service,No internet service,No internet service,No internet service,One year,Yes,Electronic check,60.01,831.09,Yes
CUST-02529,Female,0,No,No,68,No,No phone service,Fiber optic,No,No,No,No,No,No,Two year,Yes,Electronic check,61.71,3801.94,No
CUST-02530,Male,0,No,No,69,Yes,No,Fiber optic,No,No,No,No,No,No,One year,Yes,Mailed check,111.15,8363.91,No
CUST-02531,Female,0,Yes,No,42,Yes,Yes,DSL,No,Yes,No,Yes,No,No,Two year,Yes,Bank transfer (automatic),70.73,3385.55,No
CUST-02532,Female,0,No,No,41,Yes,No,DSL,Yes,No,Yes,Yes,No,Yes,Month-to-month,No,Electronic check,69.58,2962.08,No
CUST-02533,Female,0,Yes,No,50,Yes,No,No,No internet service,No internet service,No internet service,No internet service,No internet service,No internet service,Month-to-month,Yes,Bank transfer (automatic),55.08,2516.57,No
CUST-02534,Female,0,No,No,6,Yes,Yes,No,No internet service,No internet service,No internet service,No internet service,No internet service,No internet service,Month-to-month,Yes,Electronic check,82.45,559.25,No
CUST-02535,Female,0,Yes,No,53,Yes,Yes,No,No internet service,No internet service,No internet service,No internet service,No internet service,No internet service,Month-to-month,No,Electronic check,73.9,3463.29,No
CUST-02536,Male,0,Yes,No,17,Yes,No,DSL,No,No,No,No,No,No,Two year,Yes,Electronic check,84.02,1496.73,No
CUST-02537,Male,0,Yes,No,57,Yes,Yes,Fiber optic,No,No,Yes,No,No,No,Month-to-month,Yes,Mailed check,112.84,6300.23,No
CUST-02538,Female,0,No,Yes,67,Yes,Yes,Fiber optic,Yes,No,Yes,No,Yes,No,Month-to-month,Yes,Mailed check,99.17,7582.49,No
CUST-02539,Female,0,No,No,16,Yes,No,No,No internet service,No internet service,No internet service,No internet service,No internet service,No internet service,Month-to-month,No,Bank transfer (automatic),24.57,376.89,No
CUST-02540,Male,0,Yes,Yes,52,Yes,No,DSL,No,No,Yes,Yes,Yes,Yes,Two year,No,Credit card (automatic),117.08,6026.54,No
CUST-02541,Male,1,No,Yes,34,Yes,No,No,No internet service,No internet service,No internet service,No internet service,No internet service,No internet service,Month-to-month,Yes,Credit card (automatic),42.8,1611.68,No
CUST-02542,Male,0,No,No,20,Yes,No,Fiber optic,No,No,Yes,Yes,Yes,No,Month-to-month,No,Credit card (automatic),82.9,1565.79,No
CUST-02543,Male,1,Yes,No,56,Yes,No,Fiber optic,No,No,Yes,No,No,No,Two year,Yes,Credit card (automatic),80.63,4384.76,No
CUST-02544,Female,1,No,Yes,51,Yes,Yes,DSL,No,No,No,Yes,Yes,No,Month-to-month,Yes,Mailed check,22.76,1174.1,No
CUST-02545,Female,0,No,No,53,Yes,No,Fiber optic,No,No,No,No,Yes,No,Two year,No,Credit card (automatic),117.4,6348.22,No
CUST-02546,Male,0,Yes,No,49,Yes,No,No,No internet service,No internet service,No internet service,No internet service,No internet service,No internet service,Month-to-month,Yes,Bank transfer (automatic),61.53,2665.32,No
CUST-02547,Female,0,Yes,No,4,Yes,No,Fiber optic,No,No,No,Yes,No,No,Month-to-month,No,Bank transfer (automatic),99.75,377.17,Yes
CUST-02548,Male,1,Yes,Yes,18,Yes,No,DSL,Yes,No,No,No,No,Yes,One year,Yes,Electronic check,56.78,932.06,No
CUST-02549,Female,0,Yes,No,36,Yes,No,Fiber optic,No,No,No,Yes,Yes,Yes,Two year,No,Mailed check,55.81,2293.45,No
CUST-02550,Male,0,Yes,No,35,Yes,No,Fiber optic,No,No,Yes,No,Yes,Yes,One year,No,Credit card (automatic),85.13,2778.49,No
CUST-02551,Female,0,No,No,30,No,No phone service,Fiber optic,No,Yes,No,No,No,No,Two year,Yes,Credit card (automatic),52.53,1345.99,No
CUST-02552,Male,0,No,No,63,Yes,No,No,No internet service,No internet service,No internet service,No internet service,No internet service,No internet service,Two year,Yes,Mailed check,61.48,3413.33,No
CUST-02553,Male,0,Yes,No,21,Yes,Yes,Fiber optic,No,Yes,Yes,Yes,No,No,Two year,Yes,Bank transfer (automatic),66.0,1393.59,No
CUST-02554,Female,0,No,No,52,Yes,No,Fiber optic,No,Yes,No,Yes,Yes,No,Month-to-month,No,Credit card (automatic),61.61,3344.71,No
CUST-02555,Male,0,No,Yes,69,Yes,No,Fiber optic,Yes,No,No,No,No,Yes,One year,No,Electronic check,49.3,2970.61,No
CUST-02556,Female,1,No,No,41,Yes,No,Fiber optic,No,Yes,No,No,Yes,Yes,Two year,Yes,Electronic check,98.02,3461.96,No
CUST-02557,Female,0,Yes,No,54,Yes,No,DSL,No,Yes,Yes,No,No,No,Month-to-month,No,Electronic check,98.87,5147.1,Yes
CUST-02558,Male,0,No,No,30,Yes,Yes,No,No internet service,No internet service,No internet service,No internet service,No internet service,No internet service,Month-to-month,No,Electronic check,96.37,2837.09,No
CUST-02559,Female,0,No,No,56,No,No phone service,Fiber optic,No,No,No,Yes,Yes,Yes,One year,Yes,Credit card (automatic),20.29,1060.28,No
CUST-02560,Female,0,No,No,41,Yes,Yes,DSL,Yes,No,No,Yes,No,No,Month-to-month,Yes,Bank transfer (automatic),70.28,2693.6,No
CUST-02561,Female,0,Yes,No,14,Yes,Yes,No,No internet service,No internet service,No internet service,No internet service,No internet service,No internet service,Month-to-month,No,Mailed check,99.47,1452.08,Yes
CUST-02562,Female,0,Yes,Yes,21,Yes,Yes,No,No internet service,No internet service,No internet service,No internet service,No internet service,No internet service,Two year,Yes,Electronic check,18.92,401.58,No
CUST-02563,Female,0,No,No,25,No,No phone service,DSL,Yes,No,No,Yes,No,Yes,Month-to-month,Yes,Mailed check,42.18,950.47,No
CUST-02564,Male,0,Yes,No,50,Yes,Yes,Fiber optic,No,No,No,No,No,Yes,One year,No,Credit card (automatic),71.4,3441.6,No
CUST-02565,Female,0,No,No,53,Yes,Yes,No,No internet service,No internet service,No internet service,No internet service,No internet service,No internet service,One year,Yes,Mailed check,56.32,2659.59,No
CUST-02566,Female,0,No,No,48,No,No phone service,No,No internet service,No internet service,No internet service,No internet service,No internet service,No internet service,Month-to-month,No,Electronic check,97.41,4099.67,No
CUST-02567,Female,0,Yes,Yes,70,Yes,No,No,No internet service,No internet service,No internet service,No internet service,No internet service,No internet service,Month-to-month,No,Mailed check,73.99,5496.44,No
CUST-02568,Female,0,No,No,48,Yes,No,Fiber optic,Yes,No,No,No,No,Yes,Two year,Yes,Electronic check,88.43,4727.54,No
CUST-02569,Female,0,Yes,No,4,Yes,Yes,DSL,No,No,No,No,No,No,Two year,Yes,Bank transfer (automatic),21.27,81.96,Yes
CUST-02570,Male,0,Yes,Yes,24,Yes,Yes,DSL,No,No,No,No,Yes,Yes,Month-to-month,Yes,Mailed check,32.0,676.48,No
CUST-02571,Female,0,No,Yes,31,Yes,Yes,Fiber optic,Yes,Yes,No,No,No,No,Two year,Yes,Electronic check,69.27,1951.12,No
CUST-02572,Male,0,No,No,29,Yes,No,No,No internet service,No internet service,No internet service,No internet service,No internet service,No internet service,Two year,Yes,Credit card (automatic),101.05,3243.39,No
CUST-02573,Male,1,Yes,No,5,Yes,No,Fiber optic,No,No,Yes,No,No,No,Month-to-month,Yes,Bank transfer (automatic),25.14,113.19,Yes
CUST-02574,Male,1,No,No,67,No,No phone service,DSL,No,No,No,No,Yes,No,Month-to-month,Yes,Mailed check,20.17,1223.95,No
CUST-02575,Male,0,Yes,No,53,Yes,Yes,Fiber optic,No,Yes,No,No,Yes,No,Two year,Yes,Credit card (automatic),83.36,4005.36,Yes
CUST-02576,Female,0,Yes,No,64,Yes,Yes,Fiber optic,No,Yes,No,Yes,No,Yes,One year,No,Bank transfer (automatic),64.08,4355.96,No
CUST-02577,Male,0,Yes,No,35,Yes,Yes,Fiber optic,No,No,Yes,Yes,No,No,Two year,No,Electronic check,48.04,1462.37,No
CUST-02578,Male,0,Yes,No,12,Yes,No,Fiber optic,No,No,No,No,No,Yes,One year,Yes,Electronic check,33.02,442.67,No
CUST-02579,Female,0,No,No,47,Yes,Yes,DSL,No,Yes,Yes,No,Yes,No,Month-to-month,Yes,Bank transfer (automatic),47.81,2353.62,No
CUST-02580,Female,0,No,No,55,No,No phone service,DSL,No,Yes,No,No,No,No,Month-to-month,No,Electronic check,44.78,2392.13,No
CUST-02581,Female,0,No,Yes,69,Yes,No,Fiber optic,No,No,No,No,No,No,One year,No,Electronic check,23.59,1386.28,No
CUST-02582,Male,0,No,No,38,Yes,No,DSL,No,No,Yes,Yes,No,Yes,Month-to-month,No,Bank transfer (automatic),78.61,2831.95,Yes
CUST-02583,Female,0,Yes,No,29,No,No phone service,DSL,No,No,No,No,No,No,Month-to-month,Yes,Credit card (automatic),104.17,2870.4,No
CUST-02584,Female,0,Yes,No,12,Yes,Yes,Fiber optic,No,Yes,No,No,No,Yes,Month-to-month,Yes,Bank transfer (automatic),91.31,1020.21,No
CUST-02585,Male,0,No,Yes,19,Yes,Yes,No,No internet service,No internet service,No internet service,No internet service,No internet service,No internet service,One year,Yes,Mailed check,80.3,1428.17,Yes
CUST-02586,Female,0,No,No,9,No,No phone service,DSL,No,No,No,No,Yes,No,Month-to-month,Yes,Electronic check,48.36,399.88,Yes
CUST-02587,Female,0,No,Yes,29,Yes,Yes,DSL,No,No,No,Yes,Yes,No,Month-to-month,No,Electronic check,71.22,2156.66,Yes
CUST-02588,Female,0,Yes,No,3,Yes,Yes,Fiber optic,Yes,No,No,No,No,Yes,Month-to-month,Yes,Bank transfer (automatic),45.77,144.07,No
CUST-02589,Female,0,Yes,No,30,Yes,No,DSL,No,Yes,No,No,Yes,No,Month-to-month,No,Credit card (automatic),33.44,1131.51,Yes
CUST-02590,Male,0,Yes,No,58,Yes,Yes,Fiber optic,No,Yes,No,No,No,Yes,Two year,No,Electronic check,27.73,1639.49,No
CUST-02591,Female,0,Yes,Yes,53,Yes,No,Fiber optic,No,Yes,No,No,Yes,Yes,Month-to-month,No,Bank transfer (automatic),26.65,1374.4,No
CUST-02592,Female,0,Yes,No,4,Yes,Yes,No,No internet service,No internet service,No internet service,No internet service,No internet service,No internet service,Two year,No,Bank transfer (automatic),64.85,271.56,No
CUST-02593,Male,0,No,No,57,Yes,Yes,DSL,Yes,No,No,No,No,No,One year,Yes,Mailed check,90.67,4775.96,No
CUST-02594,Female,1,Yes,No,54,Yes,No,Fiber optic,No,No,No,No,Yes,No,One year,No,Electronic check,65.34,3930.46,No
CUST-02595,Male,0,No,No,28,No,No phone service,Fiber optic,No,No,No,No,No,Yes,Two year,Yes,Bank transfer (automatic),77.79, ,No
CUST-02596,Female,0,No,No,16,Yes,No,DSL,No,No,Yes,No,No,No,Month-to-month,No,Mailed check,75.16,1197.12,Yes
CUST-02597,Male,0,Yes,No,13,Yes,No,DSL,No,No,Yes,No,No,No,Month-to-month,Yes,Mailed check,49.01,578.13,Yes
CUST-02598,Male,0,No,No,72,Yes,No,Fiber optic,No,Yes,No,No,Yes,Yes,Month-to-month,No,Electronic check,110.77,6809.03,Yes
CUST-02599,Male,0,Yes,No,56,Yes,No,Fiber optic,Yes,Yes,No,No,No,Yes,Month-to-month,Yes,Bank transfer (automatic),92.19,4671.46,No
CUST-02600,Male,0,No,Yes,53,Yes,Yes,Fiber optic,No,Yes,No,No,Yes,Yes,Month-to-month,No,Electronic check,90.85,5214.46,No
CUST-02601,Female,0,No,No,48,Yes,Yes,DSL,No,No,Yes,No,Yes,No,One year,Yes,Electronic check,69.22,3254.38,No
CUST-02602,Male,0,No,No,25,Yes,No,Fiber optic,Yes,No,No,No,Yes,No,Month-to-month,Yes,Electronic check,37.32,1018.14,No
CUST-02603,Female,0,No,No,66,Yes,No,Fiber optic,No,No,No,No,Yes,No,Month-to-month,Yes,Credit card (automatic),61.47,3740.54,Yes
CUST-02604,Male,1,Yes,Yes,30,Yes,No,Fiber optic,No,No,No,No,No,No,Month-to-month,Yes,Electronic check,40.77,1092.83,No
CUST-02605,Male,0,No,No,3,Yes,No,Fiber optic,No,Yes,No,No,No,Yes,Two year,Yes,Mailed check,37.27,102.02,Yes
CUST-02606,Male,0,No,No,23,Yes,No,Fiber optic,No,No,No,Yes,No,No,One year,No,Bank transfer (automatic),28.41,700.18,No
CUST-02607,Female,0,No,No,29,Yes,Yes,Fiber optic,Yes,Yes,No,No,No,No,Month-to-month,No,Mailed check,45.16,1359.43,No
CUST-02608,Male,0,No,No,41,Yes,Yes,Fiber optic,No,No,No,Yes,No,No,Month-to-month,No,Bank transfer (automatic),86.02,3900.72,No
CUST-02609,Female,0,No,Yes,11,Yes,No,DSL,No,No,Yes,Yes,Yes,Yes,One year,No,Electronic check,96.08,1078.39,No
CUST-02610,Female,0,No,Yes,21,Yes,No,DSL,No,No,Yes,No,No,No,Two year,No,Credit card (automatic),112.21,2444.11,No
CUST-02611,Female,1,Yes,No,24,Yes,Yes,Fiber optic,No,No,No,No,No,Yes,One year,No,Mailed check,68.03,1566.03,No
CUST-02612,Female,0,Yes,No,65,Yes,No,Fiber optic,Yes,Yes,Yes,Yes,No,Yes,Two year,Yes,Mailed check,84.18,5790.46,No
CUST-02613,Female,0,No,Yes,1,Yes,No,Fiber optic,No,No,No,No,No,No,One year,No,Mailed check,113.18,108.65,Yes
CUST-02614,Female,0,No,Yes,54,Yes,No,Fiber optic,No,No,No,Yes,Yes,No,Month-to-month,No,Bank transfer (automatic),85.78,4623.78,Yes
CUST-02615,Female,0,No,No,72,Yes,Yes,No,No internet service,No internet service,No internet service,No internet service,No internet service,No internet service,One year,Yes,Electronic check,89.69,5619.69,Yes
CUST-02616,Female,0,Yes,Yes,34,Yes,No,Fiber optic,No,No,Yes,No,No,Yes,One year,No,Mailed check,96.7,3113.91,No
CUST-02617,Female,0,Yes,No,68,Yes,Yes,No,No internet service,No internet service,No internet service,No internet service,No internet service,No internet service,Month-to-month,Yes,Bank transfer (automatic),42.78,2584.06,No
CUST-02618,Male,1,No,No,29,Yes,No,DSL,Yes,Yes,No,No,Yes,Yes,Two year,Yes,Mailed check,95.92,2756.82,No
CUST-02619,Male,0,No,No,3,Yes,Yes,DSL,No,No,Yes,Yes,Yes,Yes,Month-to-month,No,Electronic check,107.89,281.14,Yes
CUST-02620,Male,0,No,Yes,11,Yes,No,Fiber optic,No,Yes,No,No,Yes,Yes,Month-to-month,Yes,Bank transfer (automatic),24.91,262.17,Yes
CUST-02621,Male,1,Yes,No,8,Yes,No,No,No internet service,No internet service,No internet service,No internet service,No internet service,No internet service,Month-to-month,Yes,Mailed check,109.46,871.97,Yes
CUST-02622,Male,0,Yes,Yes,62,Yes,No,No,No internet service,No internet service,No internet service,No internet service,No internet service,No internet service,Month-to-month,Yes,Electronic check,48.64,3062.31,No
CUST-02623,Female,0,Yes,No,33,Yes,No,DSL,No,Yes,Yes,No,Yes,Yes,Two year,No,Credit card (automatic),104.68,3186.81,No
CUST-02624,Female,0,Yes,Yes,8,Yes,No,Fiber optic,Yes,Yes,No,Yes,No,No,Month-to-month,No,Electronic check,23.3,161.11,No
CUST-02625,Female,0,No,No,25,Yes,No,Fiber optic,No,No,No,No,Yes,No,Two year,Yes,Electronic check,111.12,2365.4,No
CUST-02626,Female,0,Yes,No,26,Yes,No,DSL,No,No,No,No,No,Yes,Month-to-month,Yes,Bank transfer (automatic),50.19,1188.25,Yes
CUST-02627,Female,0,Yes,No,26,Yes,No,DSL,No,No,Yes,No,No,No,One year,No,Bank transfer (automatic),95.92,2483.52,No
CUST-02628,Female,1,Yes,No,17,Yes,Yes,Fiber optic,Yes,No,Yes,No,No,No,Month-to-month,No,Mailed check,27.1,441.21,Yes
CUST-02629,Female,0,Yes,No,29,Yes,No,No,No internet service,No internet service,No internet service,No internet service,No internet service,No internet service,Month-to-month,No,Mailed check,99.59,2998.93,No
CUST-02630,Male,0,No,No,43,Yes,Yes,DSL,No,No,No,No,No,Yes,Month-to-month,Yes,Credit card (automatic),53.54,2172.42,Yes
CUST-02631,Male,0,Yes,No,5,Yes,Yes,Fiber optic,No,Yes,No,No,No,No,Month-to-month,Yes,Electronic check,107.8,547.58,No
CUST-02632,Male,0,Yes,No,50,Yes,No,Fiber optic,No,No,No,No,No,No,Month-to-month,No,Mailed check,70.05,3882.94,Yes
CUST-02633,Male,0,No,No,56,Yes,No,No,No internet service,No internet service,No internet service,No internet service,No internet service,No internet service,Month-to-month,No,Credit card (automatic),109.52,6158.39,No
CUST-02634,Female,0,Yes,Yes,63,Yes,Yes,DSL,Yes,No,Yes,Yes,Yes,No,Month-to-month,Yes,Electronic check,70.35,4506.09,No
CUST-02635,Female,0,No,Yes,57,No,No phone service,DSL,No,No,No,No,No,No,Month-to-month,No,Electronic check,105.72,6277.46,No
CUST-02636,Female,0,Yes,No,45,No,No phone service,Fiber optic,No,No,No,Yes,No,No,One year,Yes,Mailed check,69.39,2922.7,No
CUST-02637,Male,1,No,No,37,Yes,No,Fiber optic,Yes,No,No,No,No,No,Month-to-month,No,Bank transfer (automatic),61.94,2453.38,No
CUST-02638,Female,0,Yes,Yes,72,Yes,Yes,Fiber optic,No,Yes,No,No,No,Yes,Two year,Yes,Electronic check,94.56,7354.2,No
CUST-02639,Female,0,Yes,Yes,36,Yes,No,Fiber optic,No,No,No,Yes,No,Yes,Two year,No,Electronic check,54.29,1755.94,No
CUST-02640,Female,1,No,No,33,No,No phone service,Fiber optic,No,No,No,No,Yes,No,Month-to-month,Yes,Electronic check,92.76,3123.78,Yes
CUST-02641,Male,0,Yes,Yes,6,Yes,Yes,DSL,No,No,Yes,No,Yes,Yes,Two year,No,Mailed check,62.87,370.77,No
CUST-02642,Female,0,No,Yes,71,Yes,No,Fiber optic,Yes,No,No,Yes,Yes,No,Month-to-month,Yes,Credit card (automatic),37.02,2322.99,No
CUST-02643,Male,1,Yes,No,45,Yes,No,No,No internet service,No internet service,No internet service,No internet service,No internet service,No internet service,Month-to-month,No,Electronic check,116.32,5919.82,No
CUST-02644,Male,0,No,No,7,Yes,No,DSL,Yes,No,Yes,No,No,No,Month-to-month,No,Electronic check,45.71,301.73,No
CUST-02645,Male,0,No,Yes,65,Yes,No,DSL,No,Yes,No,No,Yes,No,Month-to-month,No,Credit card (automatic),54.41,3499.12,No
CUST-02646,Male,0,Yes,No,24,No,No phone service,DSL,No,Yes,No,No,No,Yes,Two year,No,Credit card (automatic),71.24,1640.72,No
CUST-02647,Female,0,Yes,No,45,Yes,No,No,No internet service,No internet service,No internet service,No internet service,No internet service,No internet service,Month-to-month,No,Electronic check,98.78,4761.15,No
CUST-02648,Male,0,No,No,61,Yes,No,DSL,No,No,Yes,No,No,No,Month-to-month,No,Mailed check,64.13,4061.43,No
CUST-02649,Male,0,No,Yes,19,Yes,Yes,Fiber optic,No,No,No,No,No,Yes,Month-to-month,Yes,Electronic check,42.45,841.72,Yes
CUST-02650,Female,0,Yes,No,32,Yes,No,DSL,Yes,No,Yes,No,No,No,Two year,Yes,Electronic check,87.12,2411.54,No
CUST-02651,Female,0,No,No,30,Yes,Yes,DSL,No,No,No,No,No,Yes,Month-to-month,No,Mailed check,96.43,3306.01,Yes
CUST-02652,Male,0,Yes,No,65,Yes,No,No,No internet service,No internet service,No internet service,No internet service,No internet service,No internet service,One year,Yes,Bank transfer (automatic),99.26,6029.55,No
CUST-02653,Female,0,Yes,No,32,Yes,Yes,Fiber optic,Yes,No,Yes,No,No,Yes,One year,Yes,Electronic check,72.22,2063.01,No
CUST-02654,Male,1,No,No,57,Yes,No,Fiber optic,No,No,Yes,No,Yes,No,Month-to-month,Yes,Electronic check,87.4,4572.58,No
CUST-02655,Male,0,No,No,20,Yes,Yes,DSL,Yes,No,No,No,No,Yes,Month-to-month,No,Mailed check,52.89,1124.25,No
CUST-02656,Male,1,No,No,30,No,No phone service,DSL,Yes,No,No,No,Yes,No,Month-to-month,Yes,Credit card (automatic),32.84,1124.23,Yes
CUST-02657,Male,0,Yes,No,59,No,No phone service,DSL,No,No,Yes,No,No,No,Month-to-month,No,Credit card (automatic),33.54,1850.08,No
CUST-02658,Female,0,Yes,No,62,Yes,No,Fiber optic,No,Yes,No,No,No,No,Two year,Yes,Bank transfer (automatic),22.57,1299.25,No
CUST-02659,Male,0,No,No,67,Yes,No,Fiber optic,Yes,No,No,Yes,No,No,Month-to-month,Yes,Bank transfer (automatic),41.78,3174.6,No
CUST-02660,Female,0,Yes,No,31,Yes,Yes,DSL,Yes,Yes,Yes,No,Yes,Yes,Month-to-month,No,Electronic check,84.53,2712.26,No
CUST-02661,Female,0,Yes,No,66,No,No phone service,DSL,Yes,No,No,No,Yes,Yes,Month-to-month,No,Bank transfer (automatic),109.58,7335.3,No
CUST-02662,Female,0,Yes,Yes,54,Yes,Yes,Fiber optic,No,Yes,No,No,No,No,Two year,Yes,Electronic check,97.94,4942.32,No
CUST-02663,Female,0,No,Yes,10,Yes,No,No,No internet service,No internet service,No internet service,No internet service,No internet service,No internet service,Two year,No,Bank transfer (automatic),95.28,962.66,No
CUST-02664,Male,0,Yes,No,38,Yes,No,Fiber optic,No,No,No,Yes,Yes,Yes,Month-to-month,Yes,Electronic check,109.65,3552.88,No
CUST-02665,Female,0,Yes,No,31,Yes,No,Fiber optic,Yes,No,Yes,Yes,Yes,Yes,Month-to-month,No,Bank transfer (automatic),41.15,1297.84,No
CUST-02666,Male,0,No,Yes,29,Yes,No,Fiber optic,Yes,No,Yes,No,Yes,Yes,One year,Yes,Mailed check,24.18,696.71,No
CUST-02667,Female,0,No,No,25,Yes,No,Fiber optic,Yes,No,Yes,Yes,No,No,Two year,Yes,Mailed check,60.46,1556.78,No
CUST-02668,Female,0,Yes,Yes,32,Yes,No,No,No internet service,No internet service,No internet service,No internet service,No internet service,No internet service,Two year,Yes,Electronic check,56.1,1926.0,Yes
CUST-02669,Male,0,No,No,17,Yes,No,No,No internet service,No internet service,No internet service,No internet service,No internet service,No internet service,Month-to-month,Yes,Bank transfer (automatic),78.29,1201.93,Yes
CUST-02670,Male,0,Yes,Yes,45,Yes,No,Fiber optic,No,Yes,Yes,No,Yes,Yes,Two year,No,Bank transfer (automatic),66.77,2714.6,No
CUST-02671,Male,0,Yes,No,49,Yes,No,Fiber optic,No,Yes,Yes,Yes,Yes,Yes,Month-to-month,No,Electronic check,93.46,4504.4,No
CUST-02672,Female,1,No,No,18,Yes,No,No,No internet service,No internet service,No internet service,No internet service,No internet service,No internet service,Month-to-month,No,Mailed check,98.29,1894.14,Yes
CUST-02673,Female,0,Yes,No,52,Yes,Yes,Fiber optic,No,No,No,No,No,Yes,Month-to-month,Yes,Bank transfer (automatic),76.25,3566.23,No
CUST-02674,Male,0,Yes,Yes,20,Yes,Yes,Fiber optic,No,Yes,No,No,Yes,No,Two year,Yes,Electronic check,39.14,764.22,No
CUST-02675,Male,0,No,No,62,Yes,No,No,No internet service,No internet service,No internet service,No internet service,No internet service,No internet service,One year,Yes,Electronic check,106.53,6722.29,Yes
CUST-02676,Male,1,No,No,13,Yes,Yes,Fiber optic,No,No,No,No,No,No,Two year,Yes,Credit card (automatic),44.81,589.72,Yes
CUST-02677,Male,0,No,No,43,Yes,No,DSL,No,No,Yes,Yes,Yes,Yes,One year,No,Bank transfer (automatic),95.17,4551.8,Yes
CUST-02678,Female,1,Yes,No,21,No,No phone service,DSL,No,Yes,Yes,No,Yes,Yes,Month-to-month,No,Electronic check,69.31,1390.7,No
CUST-02679,Male,0,Yes,No,6,Yes,No,Fiber optic,No,No,No,No,Yes,Yes,Month-to-month,Yes,Bank transfer (automatic),74.2,401.73,No
CUST-02680,Male,0,Yes,Yes,71,Yes,No,Fiber optic,Yes,Yes,No,Yes,Yes,No,Month-to-month,Yes,Electronic check,34.45,2240.02,No
CUST-02681,Male,1,Yes,Yes,53,Yes,Yes,No,No internet service,No internet service,No internet service,No internet service,No internet service,No internet service,Month-to-month,Yes,Credit card (automatic),75.6,4409.84,Yes
CUST-02682,Male,0,Yes,No,52,Yes,No,DSL,No,No,No,Yes,No,Yes,Month-to-month,Yes,Mailed check,102.14,5306.91,No
CUST-02683,Female,0,No,No,69,Yes,No,Fiber optic,No,No,No,No,No,Yes,Month-to-month,No,Electronic check,62.17,4175.83,No
CUST-02684,Male,0,Yes,No,9,No,No phone service,DSL,Yes,Yes,No,No,Yes,Yes,Month-to-month,No,Electronic check,50.77,483.51,Yes
CUST-02685,Female,1,Yes,No,46,Yes,No,No,No internet service,No internet service,No internet service,No internet service,No internet service,No internet service,Month-to-month,No,Mailed check,45.29,2058.68,Yes
CUST-02686,Male,0,No,No,71,Yes,Yes,Fiber optic,No,Yes,Yes,No,Yes,No,Two year,Yes,Bank transfer (automatic),65.7,5362.7,No
CUST-02687,Male,0,Yes,Yes,30,Yes,Yes,Fiber optic,No,Yes,No,Yes,No,Yes,Month-to-month,Yes,Credit card (automatic),43.02,1262.21,No
CUST-02688,Female,0,No,No,43,No,No phone service,Fiber optic,No,No,Yes,Yes,Yes,No,Month-to-month,Yes,Electronic check,62.34,2577.89,No
CUST-02689,Male,0,Yes,No,59,Yes,Yes,DSL,No,Yes,No,No,No,No,Month-to-month,Yes,Credit card (automatic),68.22,4497.99,No
CUST-02690,Female,1,No,No,38,Yes,No,No,No internet service,No internet service,No internet service,No internet service,No internet service,No internet service,One year,No,Credit card (automatic),35.41,1192.74,No
CUST-02691,Female,0,No,No,34,Yes,No,DSL,Yes,Yes,No,No,No,No,Month-to-month,Yes,Credit card (automatic),104.23,3093.55,No
CUST-02692,Male,0,No,Yes,46,Yes,No,Fiber optic,No,Yes,No,Yes,No,No,Two year,No,Electronic check,90.67,4133.82,No
CUST-02693,Female,1,Yes,Yes,32,Yes,Yes,Fiber optic,No,Yes,Yes,No,No,No,One year,No,Electronic check,100.41,3685.09,No
CUST-02694,Female,0,No,No,16,Yes,No,DSL,No,No,No,Yes,Yes,Yes,Month-to-month,No,Credit card (automatic),104.99,1607.85,Yes
CUST-02695,Female,0,Yes,No,39,Yes,No,Fiber optic,No,No,No,No,Yes,No,Two year,No,Electronic check,69.46,2867.36,Yes
CUST-02696,Female,0,Yes,No,1,Yes,No,Fiber optic,Yes,Yes,No,No,Yes,No,Month-to-month,Yes,Mailed check,107.09,106.68,No
CUST-02697,Female,0,Yes,No,57,Yes,Yes,DSL,No,No,No,No,Yes,Yes,Month-to-month,Yes,Mailed check,78.08,4737.52,No
CUST-02698,Female,0,Yes,No,20,Yes,No,Fiber optic,No,No,No,No,Yes,No,Two year,Yes,Electronic check,114.75,2186.11,Yes
CUST-02699,Female,0,Yes,No,42,No,No phone service,Fiber optic,Yes,No,No,Yes,No,Yes,Month-to-month,No,Electronic check,61.42,2890.12,No
CUST-02700,Female,0,Yes,No,72,Yes,Yes,DSL,Yes,No,Yes,No,No,No,One year,No,Bank transfer (automatic),96.44,6100.19,No
CUST-02701,Male,0,Yes,No,34,Yes,No,DSL,Yes,No,Yes,No,Yes,Yes,Two year,Yes,Electronic check,53.45,1984.09,No
CUST-02702,Male,0,No,No,50,Yes,Yes,Fiber optic,No,No,Yes,No,No,Yes,Month-to-month,No,Electronic check,31.09,1358.27,No
CUST-02703,Female,0,Yes,No,11,Yes,Yes,DSL,No,No,No,Yes,Yes,No,Month-to-month,No,Electronic check,105.0,1325.11,Yes
CUST-02704,Male,0,No,No,43,Yes,Yes,No,No internet service,No internet service,No internet service,No internet service,No internet service,No internet service,Two year,Yes,Mailed check,88.48,3454.37,No
CUST-02705,Female,0,No,No,10,Yes,Yes,Fiber optic,No,Yes,No,No,No,No,Month-to-month,No,Electronic check,76.81,740.78,No
CUST-02706,Female,1,Yes,No,8,Yes,Yes,DSL,Yes,Yes,No,No,No,Yes,One year,No,Credit card (automatic),113.8,882.29,Yes
CUST-02707,Male,0,No,Yes,72,Yes,Yes,Fiber optic,No,No,No,No,Yes,Yes,Month-to-month,Yes,Bank transfer (automatic),97.5,8019.74,No
CUST-02708,Female,0,No,No,19,Yes,Yes,Fiber optic,No,No,No,Yes,No,No,One year,Yes,Electronic check,25.51,415.08,No
CUST-02709,Female,0,Yes,No,65,Yes,Yes,Fiber optic,No,Yes,No,No,Yes,No,One year,No,Electronic check,22.57,1362.4,No
CUST-02710,Female,0,Yes,No,55,Yes,Yes,No,No internet service,No internet service,No internet service,No internet service,No internet service,No internet service,Month-to-month,Yes,Credit card (automatic),76.25,4293.25,No
CUST-02711,Female,0,No,Yes,52,Yes,Yes,No,No internet service,No internet service,No internet service,No internet service,No internet service,No internet service,Two year,Yes,Bank transfer (automatic),64.09,3397.62,No
CUST-02712,Male,0,No,No,3,Yes,No,Fiber optic,No,Yes,No,Yes,No,No,Month-to-month,No,Bank transfer (automatic),23.39,63.64,No
CUST-02713,Female,0,No,No,53,Yes,No,Fiber optic,Yes,No,Yes,No,Yes,No,Month-to-month,Yes,Electronic check,28.1,1465.19,No
CUST-02714,Female,1,Yes,No,44,Yes,No,DSL,No,Yes,No,No,Yes,Yes,Month-to-month,Yes,Credit card (automatic),52.59,1982.09,No
CUST-02715,Female,0,No,No,48,Yes,Yes,Fiber optic,No,No,No,No,Yes,No,Month-to-month,No,Electronic check,61.22,3195.43,Yes
CUST-02716,Male,0,Yes,No,54,Yes,Yes,Fiber optic,No,Yes,No,Yes,No,Yes,Month-to-month,Yes,Bank transfer (automatic),90.81,4362.33,No
CUST-02717,Female,0,Yes,No,16,Yes,Yes,DSL,No,Yes,No,No,No,Yes,Month-to-month,No,Electronic check,95.4,1373.41,Yes
CUST-02718,Male,0,Yes,Yes,30,Yes,Yes,DSL,No,No,No,No,No,No,Month-to-month,Yes,Credit card (automatic),71.85,2111.76,No
CUST-02719,Male,0,Yes,No,28,Yes,No,No,No internet service,No internet service,No internet service,No internet service,No internet service,No internet service,Two year,No,Electronic check,32.97,1015.88,No
CUST-02720,Female,0,No,No,16,Yes,No,Fiber optic,No,Yes,No,No,No,Yes,Month-to-month,No,Credit card (automatic),53.98,841.04,Yes
CUST-02721,Female,0,No,Yes,51,Yes,Yes,Fiber optic,No,No,Yes,No,No,No,Month-to-month,Yes,Electronic check,99.41,5049.81,No
CUST-02722,Male,0,No,No,33,Yes,Yes,DSL,No,Yes,Yes,No,No,Yes,One year,Yes,Bank transfer (automatic),110.03,3129.83,No
CUST-02723,Female,0,Yes,No,25,Yes,No,Fiber optic,Yes,No,Yes,No,Yes,Yes,One year,Yes,Credit card (automatic),48.84,1198.48,No
CUST-02724,Male,0,No,No,18,Yes,No,DSL,No,No,No,No,No,No,Two year,Yes,Mailed check,23.87,483.8,No
CUST-02725,Male,0,No,No,26,Yes,Yes,DSL,No,Yes,No,No,Yes,No,Two year,No,Mailed check,46.04,1037.7,No
CUST-02726,Female,0,Yes,No,6,Yes,Yes,DSL,No,No,No,No,No,No,Two year,Yes,Credit card (automatic),100.78,575.34,No
CUST-02727,Female,0,No,No,38,Yes,No,Fiber optic,Yes,No,Yes,No,No,No,Month-to-month,Yes,Electronic check,58.25,2257.91,No
CUST-02728,Male,0,No,Yes,44,Yes,Yes,Fiber optic,No,No,Yes,Yes,No,No,Month-to-month,Yes,Mailed check,31.63,1512.58,No
CUST-02729,Male,0,No,No,67,Yes,No,DSL,No,No,Yes,Yes,Yes,No,Month-to-month,Yes,Mailed check,87.3,6402.44,No
CUST-02730,Male,1,Yes,No,43,Yes,Yes,DSL,Yes,No,Yes,No,No,No,Two year,No,Mailed check,101.85,3783.55,No
CUST-02731,Male,0,No,No,6,Yes,Yes,Fiber optic,No,No,Yes,No,Yes,Yes,Two year,Yes,Electronic check,81.83,550.79,No
CUST-02732,Female,0,No,No,64,Yes,Yes,Fiber optic,No,No,No,No,Yes,Yes,One year,No,Electronic check,96.69,6163.01,No
CUST-02733,Female,0,Yes,Yes,13,No,No phone service,Fiber optic,No,No,Yes,No,Yes,Yes,Month-to-month,Yes,Electronic check,103.24,1150.44,No
CUST-02734,Female,0,No,No,65,Yes,No,Fiber optic,No,Yes,Yes,No,No,Yes,Two year,No,Electronic check,45.83,2982.19,No
CUST-02735,Female,0,Yes,No,38,Yes,Yes,Fiber optic,No,No,No,No,Yes,No,Two year,Yes,Electronic check,87.76,3708.22,Yes
CUST-02736,Female,1,No,Yes,64,Yes,Yes,Fiber optic,No,No,Yes,No,No,Yes,Two year,No,Electronic check,100.49,5857.62,No
CUST-02737,Male,0,No,No,14,Yes,No,Fiber optic,Yes,Yes,No,No,Yes,No,Month-to-month,Yes,Electronic check,19.5,304.04,Yes
CUST-02738,Female,1,No,Yes,17,Yes,Yes,Fiber optic,No,Yes,No,No,Yes,No,Month-to-month,No,Mailed check,99.98,1731.2,Yes
CUST-02739,Female,1,No,No,13,Yes,Yes,No,No internet service,No internet service,No internet service,No internet service,No internet service,No internet service,One year,No,Credit card (automatic),89.21,1048.21,No
CUST-02740,Female,0,Yes,Yes,6,Yes,Yes,No,No internet service,No internet service,No internet service,No internet service,No internet service,No internet service,One year,No,Mailed check,73.91,443.73,No
CUST-02741,Female,0,Yes,Yes,6,Yes,Yes,DSL,No,No,Yes,No,No,No,Two year,Yes,Credit card (automatic),18.64,108.13,No
CUST-02742,Female,0,No,Yes,37,Yes,No,No,No internet service,No internet service,No internet service,No internet service,No internet service,No internet service,One year,Yes,Electronic check,27.45,1080.73,No
CUST-02743,Male,0,Yes,No,57,Yes,Yes,No,No internet service,No internet service,No internet service,No internet service,No internet service,No internet service,Two year,Yes,Electronic check,53.86,3149.62,No
CUST-02744,Male,1,Yes,No,53,Yes,No,No,No internet service,No internet service,No internet service,No internet service,No internet service,No internet service,Month-to-month,Yes,Mailed check,36.53,1993.13,No
CUST-02745,Male,0,Yes,Yes,46,Yes,No,Fiber optic,Yes,Yes,Yes,No,Yes,No,Month-to-month,Yes,Electronic check,36.16,1687.29,No
CUST-02746,Female,1,Yes,No,4,Yes,No,No,No internet service,No internet service,No internet service,No internet service,No internet service,No internet service,Month-to-month,No,Credit card (automatic),48.65,208.4,No
CUST-02747,Male,0,No,Yes,34,Yes,No,Fiber optic,Yes,No,Yes,Yes,No,No,Month-to-month,No,Electronic check,19.04,593.41,No
CUST-02748,Male,1,No,Yes,66,Yes,Yes,DSL,No,No,No,No,No,No,Two year,No,Bank transfer (automatic),29.8,2034.94,No
CUST-02749,Female,1,Yes,No,63,No,No phone service,Fiber optic,Yes,Yes,Yes,No,Yes,Yes,Two year,Yes,Mailed check,60.96,3549.92,No
CUST-02750,Female,0,Yes,Yes,61,Yes,No,Fiber optic,Yes,No,No,No,Yes,Yes,Two year,No,Mailed check,85.5,4538.65,No
CUST-02751,Female,0,Yes,No,42,Yes,No,DSL,Yes,No,No,No,Yes,Yes,Month-to-month,No,Credit card (automatic),65.09,2926.78,No
CUST-02752,Male,0,Yes,No,64,Yes,No,No,No internet service,No internet service,No internet service,No internet service,No internet service,No internet service,Two year,No,Electronic check,116.8,6909.95,No
CUST-02753,Male,0,Yes,Yes,17,Yes,Yes,No,No internet service,No internet service,No internet service,No internet service,No internet service,No internet service,Month-to-month,No,Electronic check,21.48,318.23,No
CUST-02754,Female,1,Yes,No,61,Yes,Yes,No,No internet service,No internet service,No internet service,No internet service,No internet service,No internet service,One year,No,Mailed check,87.54,4853.99,No
CUST-02755,Female,0,No,No,30,Yes,Yes,No,No internet service,No internet service,No internet service,No internet service,No internet service,No internet service,Month-to-month,Yes,Electronic check,83.2,2865.08,No
CUST-02756,Male,0,No,No,43,Yes,No,Fiber optic,No,No,Yes,No,No,No,Month-to-month,No,Mailed check,86.94,4115.64,Yes
CUST-02757,Male,0,Yes,Yes,7,Yes,No,Fiber optic,No,No,Yes,No,Yes,No,One year,No,Mailed check,60.12,429.21,No
CUST-02758,Female,1,No,No,46,Yes,No,No,No internet service,No internet service,No internet service,No internet service,No internet service,No internet service,One year,Yes,Credit card (automatic),56.47,2472.95,No
CUST-02759,Female,0,No,No,23,Yes,No,DSL,No,No,No,No,No,No,Two year,No,Credit card (automatic),105.52,2311.49,No
CUST-02760,Male,0,Yes,Yes,36,No,No phone service,No,No internet service,No internet service,No internet service,No internet service,No internet service,No internet service,Two year,Yes,Credit card (automatic),34.09,1174.71,No
CUST-02761,Female,0,Yes,No,14,Yes,Yes,Fiber optic,No,Yes,No,No,Yes,No,Two year,No,Bank transfer (automatic),48.85,783.17,No
CUST-02762,Male,0,No,Yes,20,Yes,No,No,No internet service,No internet service,No internet service,No internet service,No internet service,No internet service,One year,Yes,Bank transfer (automatic),33.37,718.57,No
CUST-02763,Male,0,Yes,No,56,Yes,No,Fiber optic,Yes,No,No,No,No,No,Month-to-month,Yes,Mailed check,31.1,1664.51,No
CUST-02764,Male,0,No,No,32,Yes,No,DSL,No,No,No,Yes,No,Yes,Month-to-month,Yes,Bank transfer (automatic),58.43,1599.15,Yes
CUST-02765,Male,0,No,Yes,25,Yes,Yes,No,No internet service,No internet service,No internet service,No internet service,No internet service,No internet service,Two year,No,Credit card (automatic),110.62,2569.65,No
CUST-02766,Female,0,Yes,Yes,49,Yes,No,Fiber optic,No,No,No,Yes,No,No,Month-to-month,No,Electronic check,109.6,4899.57,No
CUST-02767,Female,0,No,No,57,No,No phone service,DSL,No,Yes,No,No,No,Yes,One year,Yes,Electronic check,84.86,4416.1,No
CUST-02768,Male,0,No,No,27,Yes,Yes,DSL,No,No,Yes,Yes,Yes,No,One year,No,Electronic check,68.36,2094.66,No
CUST-02769,Male,0,Yes,No,27,Yes,Yes,Fiber optic,No,No,No,No,No,Yes,Month-to-month,Yes,Mailed check,76.42, ,No
CUST-02770,Male,0,Yes,No,46,Yes,No,DSL,Yes,Yes,No,No,No,Yes,Month-to-month,Yes,Credit card (automatic),83.18,3438.58,No
CUST-02771,Male,1,No,Yes,45,No,No phone service,No,No internet service,No internet service,No internet service,No internet service,No internet service,No internet service,Two year,No,Mailed check,68.44,3386.23,No
CUST-02772,Male,0,No,No,26,Yes,Yes,DSL,Yes,Yes,Yes,No,No,Yes,Month-to-month,Yes,Credit card (automatic),71.41,2034.85,No
CUST-02773,Female,1,No,Yes,14,Yes,No,Fiber optic,No,Yes,No,Yes,No,No,One year,No,Credit card (automatic),99.2,1360.24,No
CUST-02774,Female,0,No,No,48,No,No phone service,Fiber optic,No,No,No,No,No,Yes,Month-to-month,Yes,Electronic check,102.68,5119.1,No
CUST-02775,Female,0,Yes,No,15,Yes,Yes,Fiber optic,Yes,Yes,No,No,No,No,Month-to-month,Yes,Electronic check,70.7,1213.58,Yes
CUST-02776,Female,0,Yes,Yes,51,Yes,Yes,DSL,No,No,No,No,No,Yes,Two year,Yes,Mailed check,76.37,4420.56,No
CUST-02777,Male,0,Yes,Yes,54,Yes,No,Fiber optic,No,Yes,Yes,Yes,No,No,Month-to-month,No,Mailed check,35.73,1797.01,No
CUST-02778,Male,0,Yes,Yes,11,Yes,No,Fiber optic,Yes,Yes,Yes,No,No,No,Two year,No,Bank transfer (automatic),55.87,596.2,No
CUST-02779,Male,0,No,Yes,28,Yes,No,Fiber optic,Yes,Yes,Yes,No,Yes,Yes,One year,Yes,Bank transfer (automatic),72.84,1921.61,No
CUST-02780,Male,0,No,No,55,Yes,No,No,No internet service,No internet service,No internet service,No internet service,No internet service,No internet service,Month-to-month,Yes,Electronic check,62.37,3117.35,No
CUST-02781,Male,0,No,No,69,Yes,Yes,Fiber optic,No,Yes,No,No,Yes,No,Month-to-month,No,Mailed check,95.45,6034.17,Yes
CUST-02782,Female,0,No,No,72,Yes,No,Fiber optic,No,No,Yes,Yes,No,Yes,One year,No,Mailed check,40.02,2984.3,No
CUST-02783,Male,0,Yes,No,26,Yes,No,DSL,No,No,No,No,No,No,Month-to-month,Yes,Credit card (automatic),41.22,1085.79,No
CUST-02784,Female,0,Yes,No,70,Yes,No,Fiber optic,No,Yes,No,No,Yes,Yes,One year,Yes,Bank transfer (automatic),111.31,8539.11,No
CUST-02785,Female,0,Yes,No,32,Yes,No,DSL,Yes,No,No,Yes,No,No,One year,Yes,Electronic check,29.67,915.31,No
CUST-02786,Female,0,No,Yes,48,Yes,Yes,DSL,No,No,No,Yes,Yes,Yes,Month-to-month,Yes,Bank transfer (automatic),42.21,2143.69,No
CUST-02787,Female,0,Yes,Yes,12,Yes,Yes,Fiber optic,No,Yes,No,No,Yes,No,One year,Yes,Mailed check,92.64,1277.42,Yes
CUST-02788,Male,0,No,No,70,No,No phone service,DSL,No,No,No,Yes,Yes,No,One year,Yes,Credit card (automatic),71.05,4893.26,No
CUST-02789,Female,1,No,No,61,Yes,Yes,No,No internet service,No internet service,No internet service,No internet service,No internet service,No internet service,Two year,Yes,Electronic check,30.45,1907.72,No
CUST-02790,Female,1,Yes,Yes,34,Yes,No,Fiber optic,Yes,No,No,No,No,Yes,Two year,No,Credit card (automatic),83.12,2980.37,No
CUST-02791,Female,0,Yes,Yes,45,Yes,No,No,No internet service,No internet service,No internet service,No internet service,No internet service,No internet service,Month-to-month,Yes,Electronic check,40.45,1888.87,No
CUST-02792,Male,0,No,No,60,Yes,No,No,No internet service,No internet service,No internet service,No internet service,No internet service,No internet service,Two year,No,Bank transfer (automatic),37.45,2056.01,Yes
CUST-02793,Male,0,Yes,No,65,Yes,Yes,No,No internet service,No internet service,No internet service,No internet service,No internet service,No internet service,Month-to-month,Yes,Electronic check,46.75,3113.69,No
CUST-02794,Male,0,No,No,71,Yes,No,Fiber optic,No,No,Yes,Yes,Yes,Yes,Month-to-month,Yes,Mailed check,56.08,3420.72,No
CUST-02795,Female,0,No,Yes,13,Yes,Yes,Fiber optic,Yes,No,Yes,No,No,No,Two year,Yes,Electronic check,109.01,1562.34,Yes
CUST-02796,Female,0,Yes,No,48,Yes,Yes,Fiber optic,No,No,No,No,No,No,One year,Yes,Mailed check,69.33,3270.94,No
CUST-02797,Male,0,Yes,No,49,Yes,No,No,No internet service,No internet service,No internet service,No internet service,No internet service,No internet service,Month-to-month,No,Electronic check,35.41,1723.26,No
CUST-02798,Female,0,Yes,Yes,58,Yes,Yes,Fiber optic,Yes,No,No,No,No,Yes,Two year,Yes,Electronic check,115.62,5870.33,No
CUST-02799,Male,0,No,No,70,Yes,No,DSL,No,Yes,Yes,No,No,Yes,Month-to-month,No,Bank transfer (automatic),56.75,3561.61,No
CUST-02800,Male,0,Yes,Yes,61,Yes,Yes,DSL,Yes,No,Yes,No,No,No,One year,Yes,Credit card (automatic),112.71,6620.48,No
CUST-02801,Female,0,No,No,26,Yes,No,Fiber optic,Yes,Yes,No,No,No,No,Two year,Yes,Mailed check,55.31,1600.62,No
CUST-02802,Female,0,No,No,39,Yes,No,Fiber optic,No,No,No,Yes,No,Yes,Month-to-month,No,Mailed check,26.93,936.88,No
CUST-02803,Female,0,No,No,58,Yes,Yes,Fiber optic,Yes,No,Yes,No,No,No,One year,Yes,Electronic check,82.2,4557.3,No
CUST-02804,Female,0,Yes,No,27,Yes,No,Fiber optic,No,No,Yes,No,No,Yes,Month-to-month,No,Mailed check,112.5,3370.14,Yes
CUST-02805,Male,0,No,Yes,40,No,No phone service,Fiber optic,Yes,No,No,No,No,No,Two year,Yes,Bank transfer (automatic),88.73,3827.02,No
CUST-02806,Male,0,No,No,31,Yes,Yes,Fiber optic,No,No,Yes,No,No,No,Month-to-month,No,Electronic check,22.36,663.2,Yes
CUST-02807,Male,0,No,No,3,Yes,No,DSL,No,No,No,No,Yes,No,Month-to-month,No,Bank transfer (automatic),43.98,116.0,Yes
CUST-02808,Male,1,No,No,15,Yes,No,Fiber optic,No,Yes,No,No,Yes,No,Month-to-month,Yes,Mailed check,75.72,1155.67,Yes
CUST-02809,Male,0,No,Yes,54,Yes,No,DSL,No,No,No,No,Yes,Yes,Month-to-month,Yes,Bank transfer (automatic),18.82,939.57,No
CUST-02810,Female,1,No,No,70,No,No phone service,Fiber optic,No,Yes,No,No,Yes,No,Two year,No,Electronic check,72.13,5190.48,No
CUST-02811,Male,0,Yes,No,11,Yes,No,No,No internet service,No internet service,No internet service,No internet service,No internet service,No internet service,Month-to-month,Yes,Electronic check,98.77,928.04,Yes
CUST-02812,Male,0,No,No,30,Yes,No,Fiber optic,No,No,Yes,No,Yes,No,Month-to-month,Yes,Mailed check,117.53,3296.74,Yes
CUST-02813,Male,0,Yes,No,35,Yes,No,DSL,Yes,No,Yes,No,No,No,One year,No,Mailed check,71.97,2289.78,Yes
CUST-02814,Female,0,No,No,43,Yes,No,No,No internet service,No internet service,No internet service,No internet service,No internet service,No internet service,Month-to-month,Yes,Credit card (automatic),86.55,3972.81,No
CUST-02815,Female,0,No,No,61,Yes,No,DSL,No,No,Yes,No,No,Yes,Month-to-month,Yes,Credit card (automatic),33.71,2205.99,No
CUST-02816,Female,0,Yes,Yes,40,Yes,No,Fiber optic,Yes,No,No,No,No,Yes,Month-to-month,Yes,Mailed check,30.06,1296.41,Yes
CUST-02817,Female,0,No,No,42,Yes,No,Fiber optic,No,Yes,Yes,No,No,No,Two year,Yes,Electronic check,82.87,3976.28,No
CUST-02818,Male,1,No,No,42,No,No phone service,Fiber optic,No,Yes,No,No,Yes,No,One year,Yes,Bank transfer (automatic),34.34,1490.34,No
CUST-02819,Male,0,Yes,No,3,Yes,Yes,DSL,No,No,No,No,No,Yes,One year,No,Electronic check,94.98,314.35,No
CUST-02820,Female,0,No,No,21,Yes,Yes,No,No internet service,No internet service,No internet service,No internet service,No internet service,No internet service,Month-to-month,Yes,Electronic check,87.9,1900.02,No
CUST-02821,Female,0,Yes,No,53,Yes,No,DSL,No,Yes,No,No,No,No,Month-to-month,No,Mailed check,55.63,2859.98,Yes
CUST-02822,Male,0,No,No,44,Yes,Yes,DSL,No,Yes,No,Yes,No,No,One year,No,Credit card (automatic),85.41,4084.37,No
CUST-02823,Male,0,No,No,46,Yes,Yes,Fiber optic,No,Yes,Yes,No,Yes,Yes,Two year,Yes,Electronic check,55.57,2508.75,No
CUST-02824,Female,0,No,Yes,37,Yes,No,Fiber optic,Yes,No,Yes,No,Yes,No,One year,No,Bank transfer (automatic),80.47,3378.13,No
CUST-02825,Female,1,No,No,38,Yes,No,DSL,No,No,No,Yes,No,No,Two year,No,Credit card (automatic),84.56,2750.34,No
CUST-02826,Female,0,No,No,38,No,No phone service,DSL,No,No,No,No,Yes,No,One year,Yes,Bank transfer (automatic),89.67,3542.91,No
CUST-02827,Female,0,Yes,No,11,Yes,No,Fiber optic,No,No,Yes,No,No,No,Month-to-month,No,Mailed check,71.15,890.04,Yes
CUST-02828,Male,0,Yes,No,45,Yes,Yes,No,No internet service,No internet service,No internet service,No internet service,No internet service,No internet service,Month-to-month,Yes,Credit card (automatic),55.45,2371.3,No
CUST-02829,Male,1,No,No,64,Yes,No,DSL,No,No,No,Yes,No,No,Month-to-month,No,Bank transfer (automatic),80.29,4574.47,No
CUST-02830,Male,0,No,No,44,Yes,No,DSL,No,No,No,Yes,No,No,Two year,No,Bank transfer (automatic),66.62,2743.06,No
CUST-02831,Female,0,No,No,62,Yes,No,No,No internet service,No internet service,No internet service,No internet service,No internet service,No internet service,Month-to-month,No,Electronic check,24.24,1314.37,No
CUST-02832,Female,0,No,No,61,Yes,Yes,Fiber optic,No,Yes,No,No,No,No,Two year,Yes,Bank transfer (automatic),67.46,3918.2,Yes
CUST-02833,Male,0,No,No,12,Yes,Yes,Fiber optic,No,Yes,No,No,Yes,No,Month-to-month,Yes,Electronic check,55.12,700.36,No
CUST-02834,Male,0,Yes,No,9,Yes,Yes,Fiber optic,No,No,No,No,No,No,One year,Yes,Credit card (automatic),24.0,235.6,Yes
CUST-02835,Male,0,No,Yes,67,Yes,Yes,Fiber optic,No,Yes,Yes,Yes,No,No,Month-to-month,Yes,Bank transfer (automatic),29.12,1999.48,No
CUST-02836,Male,1,Yes,No,2,Yes,No,No,No internet service,No internet service,No internet service,No internet service,No internet service,No internet service,Month-to-month,No,Credit card (automatic),75.66,161.25,Yes
CUST-02837,Female,1,Yes,No,8,Yes,No,DSL,No,No,Yes,No,No,No,Month-to-month,Yes,Electronic check,100.39,694.81,No
CUST-02838,Male,0,No,Yes,43,Yes,Yes,Fiber optic,No,No,No,Yes,Yes,Yes,Month-to-month,No,Bank transfer (automatic),66.11,2582.85,No
CUST-02839,Male,0,No,Yes,18,Yes,Yes,DSL,Yes,No,No,No,No,Yes,Month-to-month,Yes,Electronic check,23.12,401.83,No
CUST-02840,Male,1,Yes,Yes,52,Yes,Yes,DSL,No,No,Yes,Yes,Yes,No,Month-to-month,No,Electronic check,102.87,5935.16,No
CUST-02841,Male,1,No,No,39,No,No phone service,DSL,Yes,No,No,No,Yes,Yes,One year,No,Mailed check,85.03,3136.23,No
CUST-02842,Male,0,No,No,31,No,No phone service,Fiber optic,No,Yes,No,Yes,No,Yes,Two year,No,Electronic check,110.27,2962.89,No
CUST-02843,Male,0,No,Yes,14,Yes,Yes,Fiber optic,Yes,No,No,No,No,No,One year,No,Credit card (automatic),117.76,1507.1,Yes
CUST-02844,Male,0,No,No,64,Yes,Yes,Fiber optic,Yes,No,No,No,No,No,Two year,Yes,Mailed check,103.31,7122.86,No
CUST-02845,Female,0,Yes,Yes,44,Yes,No,No,No internet service,No internet service,No internet service,No internet service,No internet service,No internet service,Month-to-month,No,Credit card (automatic),109.74,5233.18,Yes
CUST-02846,Female,0,No,Yes,60,Yes,Yes,No,No internet service,No internet service,No internet service,No internet service,No internet service,No internet service,Two year,No,Credit card (automatic),95.48,5894.99,No
CUST-02847,Female,0,No,No,2,Yes,No,Fiber optic,No,Yes,Yes,No,No,Yes,Month-to-month,No,Credit card (automatic),110.42,253.24,Yes
CUST-02848,Female,0,No,No,32,No,No phone service,Fiber optic,No,Yes,No,No,Yes,No,Two year,No,Electronic check,65.58,2189.13,Yes
CUST-02849,Male,1,No,No,36,Yes,Yes,DSL,No,No,No,No,No,No,Month-to-month,Yes,Bank transfer (automatic),111.27,3692.04,No
CUST-02850,Female,0,Yes,No,55,Yes,Yes,DSL,No,No,No,No,Yes,No,One year,Yes,Bank transfer (automatic),39.59,2242.66,No
CUST-02851,Female,0,Yes,No,63,No,No phone service,DSL,No,No,Yes,No,No,Yes,Month-to-month,No,Mailed check,30.13,1639.72,No
CUST-02852,Male,0,No,No,69,Yes,No,No,No internet service,No internet service,No internet service,No internet service,No internet service,No internet service,Month-to-month,Yes,Electronic check,65.68,4752.47,No
CUST-02853,Male,0,No,No,40,Yes,Yes,No,No internet service,No internet service,No internet service,No internet service,No internet service,No internet service,Month-to-month,Yes,Electronic check,44.15,1998.52,No
CUST-02854,Female,0,No,Yes,24,Yes,Yes,Fiber optic,No,Yes,No,Yes,Yes,No,Two year,Yes,Credit card (automatic),84.05,2111.13,No
CUST-02855,Female,0,Yes,No,58,Yes,Yes,Fiber optic,Yes,Yes,No,Yes,No,Yes,Month-to-month,Yes,Electronic check,100.27,6050.48,Yes
CUST-02856,Male,0,Yes,No,28,Yes,No,Fiber optic,No,Yes,No,No,No,No,One year,No,Credit card (automatic),40.03,1147.23,No
CUST-02857,Female,1,Yes,No,62,Yes,No,Fiber optic,No,No,No,Yes,No,No,Month-to-month,Yes,Electronic check,25.26,1640.01,No
CUST-02858,Male,0,No,No,25,Yes,No,Fiber optic,No,Yes,Yes,No,Yes,Yes,Month-to-month,Yes,Credit card (automatic),79.35,2220.3,No
CUST-02859,Male,0,Yes,No,7,Yes,Yes,Fiber optic,Yes,No,No,Yes,No,Yes,One year,No,Electronic check,84.5,510.51,No
CUST-02860,Male,0,No,Yes,38,Yes,No,DSL,No,Yes,No,No,No,Yes,Month-to-month,Yes,Bank transfer (automatic),76.56,2513.7,No
CUST-02861,Male,0,Yes,No,71,Yes,No,No,No internet service,No internet service,No internet service,No internet service,No internet service,No internet service,One year,Yes,Electronic check,87.71,5361.42,No
CUST-02862,Female,0,No,No,45,Yes,Yes,Fiber optic,No,Yes,No,No,No,No,One year,Yes,Bank transfer (automatic),24.04,1235.81,No
CUST-02863,Male,1,Yes,Yes,32,No,No phone service,Fiber optic,No,No,No,No,No,No,Two year,No,Bank transfer (automatic),87.05,2383.47,No
CUST-02864,Male,0,Yes,No,32,Yes,No,Fiber optic,No,No,No,Yes,No,Yes,One year,Yes,Mailed check,69.41,2082.14,No
CUST-02865,Female,0,No,No,1,Yes,Yes,Fiber optic,No,Yes,Yes,No,No,Yes,Month-to-month,No,Electronic check,47.12,53.27,No
CUST-02866,Male,1,No,Yes,45,Yes,Yes,DSL,No,No,No,No,Yes,Yes,Month-to-month,Yes,Mailed check,62.53,3152.84,Yes
CUST-02867,Female,0,Yes,No,64,Yes,Yes,Fiber optic,No,No,Yes,No,No,Yes,Two year,Yes,Mailed check,37.01,2093.82,No
CUST-02868,Female,0,No,No,68,Yes,No,No,No internet service,No internet service,No internet service,No internet service,No internet service,No internet service,Two year,Yes,Electronic check,20.68,1510.32,No
CUST-02869,Female,0,Yes,No,7,Yes,No,DSL,Yes,No,No,No,No,No,Month-to-month,Yes,Electronic check,38.01,284.49,Yes
CUST-02870,Male,0,Yes,No,38,Yes,No,DSL,No,Yes,Yes,No,No,Yes,Two year,Yes,Credit card (automatic),69.28,2781.78,Yes
CUST-02871,Female,0,Yes,Yes,70,Yes,Yes,No,No internet service,No internet service,No internet service,No internet service,No internet service,No internet service,Two year,No,Credit card (automatic),62.55,4797.37,No
CUST-02872,Female,0,Yes,No,53,Yes,No,DSL,Yes,No,No,No,No,No,Month-to-month,Yes,Credit card (automatic),114.51,6537.16,No
CUST-02873,Male,0,No,No,30,No,No phone service,Fiber optic,No,Yes,Yes,No,No,No,Month-to-month,No,Electronic check,108.79,3697.5,No
CUST-02874,Female,0,Yes,No,22,Yes,Yes,Fiber optic,No,No,No,Yes,No,No,Two year,No,Mailed check,42.94,1074.55,No
CUST-02875,Female,0,No,No,58,Yes,Yes,DSL,Yes,No,No,No,Yes,Yes,Month-to-month,Yes,Electronic check,60.43,3359.33,No
CUST-02876,Female,1,Yes,Yes,55,Yes,Yes,Fiber optic,No,Yes,No,No,Yes,Yes,Month-to-month,Yes,Electronic check,115.49,5654.44,No
CUST-02877,Female,0,No,No,46,Yes,No,Fiber optic,No,No,Yes,Yes,No,No,One year,Yes,Credit card (automatic),58.38,3047.11,No
CUST-02878,Female,1,Yes,Yes,26,Yes,Yes,DSL,No,Yes,No,Yes,No,Yes,Month-to-month,Yes,Mailed check,116.86,2844.0,No
CUST-02879,Male,0,Yes,Yes,64,Yes,Yes,Fiber optic,No,No,Yes,No,Yes,Yes,Month-to-month,No,Credit card (automatic),41.27,2247.26,No
CUST-02880,Female,0,Yes,Yes,9,No,No phone service,No,No internet service,No internet service,No internet service,No internet service,No internet service,No internet service,Month-to-month,Yes,Mailed check,78.67,626.29,No
CUST-02881,Female,0,No,No,15,Yes,No,Fiber optic,No,Yes,Yes,No,Yes,No,Two year,No,Electronic check,94.58,1451.58,Yes
CUST-02882,Male,0,No,No,19,No,No phone service,No,No internet service,No internet service,No internet service,No internet service,No internet service,No internet service,Month-to-month,Yes,Electronic check,31.12,551.69,No
CUST-02883,Male,1,No,No,16,Yes,Yes,DSL,No,Yes,No,Yes,No,No,One year,Yes,Electronic check,116.61,1871.97,Yes
CUST-02884,Male,0,Yes,No,25,Yes,Yes,Fiber optic,No,No,No,No,Yes,No,Two year,Yes,Electronic check,87.26,2349.94,No
CUST-02885,Female,0,No,No,51,Yes,No,DSL,No,No,Yes,No,No,No,Month-to-month,No,Mailed check,25.03,1151.06,No
CUST-02886,Male,0,No,Yes,46,Yes,No,DSL,No,No,No,No,Yes,Yes,Month-to-month,No,Electronic check,25.43,994.79,No
CUST-02887,Female,0,Yes,No,7,Yes,No,Fiber optic,No,Yes,No,Yes,Yes,Yes,Two year,No,Bank transfer (automatic),48.84,368.43,Yes
CUST-02888,Female,0,Yes,No,34,Yes,Yes,DSL,No,No,No,No,Yes,Yes,Month-to-month,Yes,Electronic check,115.38,4105.6,Yes
CUST-02889,Male,0,No,Yes,58,Yes,No,DSL,No,No,Yes,No,Yes,Yes,Month-to-month,No,Mailed check,102.28,5649.65,No
CUST-02890,Male,0,No,No,23,Yes,No,No,No internet service,No internet service,No internet service,No internet service,No internet service,No internet service,Month-to-month,No,Electronic check,93.24,1932.82,No
CUST-02891,Female,0,Yes,No,23,Yes,Yes,No,No internet service,No internet service,No internet service,No internet service,No internet service,No internet service,Month-to-month,No,Bank transfer (automatic),43.62,862.03,Yes
CUST-02892,Male,0,No,No,17,Yes,No,DSL,No,Yes,No,No,No,No,Month-to-month,Yes,Bank transfer (automatic),103.58,1636.7,Yes
CUST-02893,Female,0,No,No,13,Yes,No,Fiber optic,No,No,Yes,Yes,Yes,Yes,One year,Yes,Credit card (automatic),72.79,1084.77,No
CUST-02894,Male,0,No,No,27,Yes,No,DSL,Yes,No,Yes,No,Yes,Yes,Two year,Yes,Credit card (automatic),117.71,3023.25,No
CUST-02895,Male,1,Yes,Yes,66,Yes,No,No,No internet service,No internet service,No internet service,No internet service,No internet service,No internet service,Month-to-month,No,Mailed check,45.63,3281.72,No
CUST-02896,Male,0,No,Yes,30,Yes,No,Fiber optic,Yes,No,Yes,No,No,No,Month-to-month,Yes,Mailed check,106.85,3448.52,No
CUST-02897,Female,0,Yes,No,4,Yes,No,Fiber optic,No,Yes,No,No,Yes,No,Two year,No,Electronic check,24.35,85.63,No
CUST-02898,Male,0,Yes,Yes,67,Yes,No,Fiber optic,Yes,No,Yes,No,Yes,No,Two year,Yes,Bank transfer (automatic),100.75,6242.81,No
CUST-02899,Female,0,No,No,14,Yes,No,DSL,No,Yes,No,No,Yes,Yes,Month-to-month,No,Mailed check,75.8,1175.43,No
CUST-02900,Female,1,Yes,No,11,Yes,Yes,DSL,No,No,No,No,Yes,Yes,Month-to-month,Yes,Electronic check,65.38,692.05,No
CUST-02901,Female,0,Yes,No,40,Yes,No,Fiber optic,No,Yes,No,No,Yes,Yes,Two year,No,Electronic check,40.56,1730.36,Yes
CUST-02902,Female,0,Yes,Yes,3,Yes,Yes,No,No internet service,No internet service,No internet service,No internet service,No internet service,No internet service,Month-to-month,No,Electronic check,35.23,100.39,No
CUST-02903,Male,0,Yes,Yes,1,Yes,Yes,No,No internet service,No internet service,No internet service,No internet service,No internet service,No internet service,Month-to-month,Yes,Bank transfer (automatic),54.33,52.19,No
CUST-02904,Female,0,Yes,No,9,Yes,No,No,No internet service,No internet service,No internet service,No internet service,No internet service,No internet service,Month-to-month,Yes,Credit card (automatic),34.77,322.58,No
CUST-02905,Female,0,Yes,No,1,Yes,No,DSL,No,Yes,No,No,Yes,Yes,Month-to-month,No,Electronic check,42.33,38.97,No
CUST-02906,Male,0,No,No,16,Yes,No,No,No internet service,No internet service,No internet service,No internet service,No internet service,No internet service,Month-to-month,Yes,Credit card (automatic),117.47,1863.95,No
CUST-02907,Female,0,Yes,No,72,Yes,No,Fiber optic,No,No,No,No,No,Yes,Two year,No,Mailed check,103.14,7925.59,No
CUST-02908,Male,0,No,No,46,Yes,No,DSL,No,No,Yes,Yes,No,No,Month-to-month,Yes,Mailed check,22.4,880.17,No
CUST-02909,Female,0,Yes,No,10,Yes,No,No,No internet service,No internet service,No internet service,No internet service,No internet service,No internet service,Month-to-month,No,Mailed check,50.28,562.06,Yes
CUST-02910,Male,0,Yes,Yes,33,Yes,No,Fiber optic,Yes,Yes,No,Yes,Yes,Yes,Month-to-month,Yes,Credit card (automatic),34.86,1145.68,No
CUST-02911,Female,0,No,No,41,Yes,Yes,Fiber optic,No,Yes,No,No,No,No,One year,No,Mailed check,36.48,1545.47,No
CUST-02912,Male,0,Yes,No,51,Yes,No,Fiber optic,No,Yes,No,No,Yes,No,Two year,Yes,Electronic check,34.63,1893.32,Yes
CUST-02913,Female,0,No,No,22,Yes,No,No,No internet service,No internet service,No internet service,No internet service,No internet service,No internet service,Month-to-month,No,Mailed check,75.12,1472.71,No
CUST-02914,Female,0,No,Yes,16,Yes,No,No,No internet service,No internet service,No internet service,No internet service,No internet service,No internet service,One year,No,Credit card (automatic),35.86,635.15,No
CUST-02915,Male,0,Yes,No,62,Yes,No,DSL,Yes,No,Yes,No,No,No,Month-to-month,Yes,Electronic check,118.37,7035.7,No
CUST-02916,Male,0,No,No,53,Yes,No,No,No internet service,No internet service,No internet service,No internet service,No internet service,No internet service,Month-to-month,No,Mailed check,37.39,1714.66,No
CUST-02917,Male,1,Yes,No,14,Yes,Yes,No,No internet service,No internet service,No internet service,No internet service,No internet service,No internet service,Month-to-month,No,Bank transfer (automatic),105.65,1660.55,No
CUST-02918,Male,1,No,Yes,59,Yes,Yes,Fiber optic,No,No,No,Yes,Yes,No,Two year,Yes,Mailed check,97.74,6278.12,Yes
CUST-02919,Female,0,No,No,26,Yes,No,DSL,No,No,Yes,Yes,Yes,Yes,Month-to-month,No,Bank transfer (automatic),114.61,2852.27,No
CUST-02920,Female,0,No,No,44,Yes,No,Fiber optic,No,No,No,Yes,No,Yes,Month-to-month,No,Electronic check,112.69,5477.35,No
CUST-02921,Male,0,Yes,No,20,Yes,Yes,Fiber optic,No,No,No,Yes,No,No,Month-to-month,Yes,Electronic check,70.41,1468.9,No
CUST-02922,Female,0,Yes,Yes,5,Yes,No,Fiber optic,Yes,Yes,Yes,No,No,Yes,One year,Yes,Electronic check,118.17,642.79,Yes
CUST-02923,Male,0,Yes,Yes,65,Yes,No,DSL,Yes,Yes,No,Yes,No,Yes,Month-to-month,Yes,Credit card (automatic),109.46,8110.41,No
CUST-02924,Male,0,Yes,Yes,11,Yes,Yes,Fiber optic,No,No,Yes,No,No,No,Month-to-month,No,Bank transfer (automatic),66.56,636.25,Yes
CUST-02925,Female,1,No,No,47,Yes,No,No,No internet service,No internet service,No internet service,No internet service,No internet service,No internet service,One year,No,Credit card (automatic),65.8,3352.62,No
CUST-02926,Female,0,No,No,10,Yes,Yes,No,No internet service,No internet service,No internet service,No internet service,No internet service,No internet service,Month-to-month,Yes,Electronic check,91.44,795.3,Yes
CUST-02927,Female,0,Yes,Yes,61,Yes,No,DSL,No,No,No,Yes,Yes,No,Two year,Yes,Mailed check,68.93,4426.92,No
CUST-02928,Female,0,No,Yes,45,Yes,Yes,Fiber optic,Yes,No,No,No,No,Yes,Two year,Yes,Mailed check,108.74,5346.36,Yes
CUST-02929,Female,0,No,No,47,Yes,No,No,No internet service,No internet service,No internet service,No internet service,No internet service,No internet service,Month-to-month,Yes,Mailed check,29.05,1321.83,Yes
CUST-02930,Female,0,No,No,34,Yes,No,DSL,Yes,Yes,Yes,Yes,No,Yes,Two year,Yes,Electronic check,113.79,3557.18,No
CUST-02931,Female,0,Yes,No,13,No,No phone service,DSL,No,No,No,Yes,Yes,Yes,Two year,Yes,Electronic check,117.16,1397.09,No
CUST-02932,Male,0,Yes,No,23,Yes,No,Fiber optic,Yes,Yes,Yes,Yes,No,No,Month-to-month,Yes,Mailed check,117.94,2563.17,No
CUST-02933,Male,0,No,No,36,Yes,Yes,Fiber optic,No,Yes,No,No,No,No,Two year,Yes,Credit card (automatic),86.42,3332.78,No
CUST-02934,Male,0,No,Yes,63,Yes,No,DSL,No,Yes,No,Yes,No,Yes,Month-to-month,No,Credit card (automatic),20.53,1483.41,No
CUST-02935,Male,0,No,No,47,Yes,No,No,No internet service,No internet service,No internet service,No internet service,No internet service,No internet service,Two year,No,Electronic check,98.1,5278.98,No
CUST-02936,Male,0,No,No,66,Yes,Yes,Fiber optic,Yes,No,No,Yes,Yes,Yes,Month-to-month,Yes,Bank transfer (automatic),94.48,5704.74,No
CUST-02937,Female,0,Yes,Yes,14,Yes,No,Fiber optic,No,Yes,Yes,No,Yes,No,Two year,Yes,Bank transfer (automatic),34.03,425.02,No
CUST-02938,Male,0,No,No,53,Yes,Yes,Fiber optic,No,No,No,No,No,Yes,Month-to-month,Yes,Bank transfer (automatic),46.82,2228.44,No
CUST-02939,Male,1,Yes,No,66,No,No phone service,Fiber optic,No,No,No,No,Yes,Yes,Two year,No,Bank transfer (automatic),38.66,2611.53,No
CUST-02940,Male,0,No,Yes,49,Yes,Yes,Fiber optic,No,No,No,No,Yes,No,One year,Yes,Electronic check,110.65,5571.46,No
CUST-02941,Male,1,No,Yes,16,Yes,Yes,Fiber optic,No,Yes,Yes,No,No,No,Month-to-month,No,Mailed check,53.11,951.76,Yes
CUST-02942,Male,1,No,No,68,Yes,No,Fiber optic,No,Yes,Yes,No,Yes,Yes,One year,Yes,Electronic check,113.37,7467.1,No
CUST-02943,Male,0,No,No,43,Yes,Yes,Fiber optic,No,Yes,No,No,No,No,Month-to-month,No,Credit card (automatic),55.18,2633.06,No
CUST-02944,Male,0,No,No,65,Yes,No,No,No internet service,No internet service,No internet service,No internet service,No internet service,No internet service,Two year,Yes,Electronic check,55.38,3231.55,No
CUST-02945,Female,1,Yes,No,9,Yes,No,No,No internet service,No internet service,No internet service,No internet service,No internet service,No internet service,Month-to-month,Yes,Bank transfer (automatic),51.46,509.2,No
CUST-02946,Female,0,Yes,No,21,No,No phone service,No,No internet service,No internet service,No internet service,No internet service,No internet service,No internet service,Month-to-month,Yes,Electronic check,102.38,2058.88,Yes
CUST-02947,Male,0,No,Yes,43,No,No phone service,DSL,No,No,No,Yes,Yes,Yes,One year,No,Bank transfer (automatic),39.24,1862.07,No
CUST-02948,Female,1,Yes,Yes,66,Yes,Yes,DSL,No,No,No,No,Yes,No,Month-to-month,No,Mailed check,87.58,5459.26,No
CUST-02949,Female,0,Yes,Yes,4,Yes,No,No,No internet service,No internet service,No internet service,No internet service,No internet service,No internet service,Month-to-month,Yes,Mailed check,26.16,112.15,Yes
CUST-02950,Female,0,Yes,No,7,Yes,Yes,DSL,No,No,No,No,No,No,Month-to-month,Yes,Bank transfer (automatic),118.43,917.28,Yes
CUST-02951,Female,0,No,No,58,Yes,No,DSL,Yes,No,No,Yes,Yes,Yes,Month-to-month,No,Credit card (automatic),66.87,3437.68,No
CUST-02952,Male,0,Yes,No,4,Yes,Yes,Fiber optic,No,No,Yes,No,No,Yes,Two year,No,Bank transfer (automatic),30.8,108.88,No
CUST-02953,Female,0,No,No,20,Yes,Yes,No,No internet service,No internet service,No internet service,No internet service,No internet service,No internet service,Month-to-month,No,Credit card (automatic),64.21,1372.36,Yes
CUST-02954,Female,0,No,No,35,Yes,Yes,No,No internet service,No internet service,No internet service,No internet service,No internet service,No internet service,Two year,Yes,Credit card (automatic),26.22,969.62,No
CUST-02955,Female,0,No,Yes,59,Yes,Yes,Fiber optic,No,Yes,Yes,No,Yes,Yes,Month-to-month,Yes,Credit card (automatic),86.87,4626.3,No
CUST-02956,Male,0,Yes,No,45,Yes,Yes,No,No internet service,No internet service,No internet service,No internet service,No internet service,No internet service,One year,No,Credit card (automatic),67.65,3500.1,No
CUST-02957,Male,0,No,Yes,14,Yes,Yes,Fiber optic,No,No,No,Yes,Yes,No,Month-to-month,Yes,Bank transfer (automatic),30.76,384.21,No
CUST-02958,Male,0,No,No,22,Yes,No,Fiber optic,No,No,Yes,Yes,No,No,Month-to-month,No,Electronic check,79.56,1748.05,No
CUST-02959,Male,0,No,No,48,Yes,Yes,DSL,No,No,Yes,Yes,Yes,Yes,Month-to-month,No,Bank transfer (automatic),47.41,2091.69,Yes
CUST-02960,Male,0,No,Yes,30,Yes,No,Fiber optic,No,Yes,No,Yes,No,No,Month-to-month,Yes,Electronic check,112.94,2964.85,Yes
CUST-02961,Male,0,No,No,29,No,No phone service,No,No internet service,No internet service,No internet service,No internet service,No internet service,No internet service,One year,No,Electronic check,84.12,2403.03,No
CUST-02962,Male,0,Yes,Yes,36,Yes,Yes,DSL,No,No,No,No,No,Yes,Month-to-month,No,Electronic check,59.0,2441.38,No
CUST-02963,Female,1,No,No,42,Yes,No,Fiber optic,No,Yes,No,No,Yes,No,Month-to-month,Yes,Credit card (automatic),32.24,1540.34,Yes
CUST-02964,Female,0,Yes,Yes,29,No,No phone service,No,No internet service,No internet service,No internet service,No internet service,No internet service,No internet service,One year,Yes,Electronic check,88.53,2470.87,No
CUST-02965,Female,0,Yes,No,7,Yes,No,DSL,No,No,No,No,Yes,Yes,Month-to-month,No,Mailed check,65.76,460.45,Yes
CUST-02966,Male,0,No,No,32,Yes,Yes,DSL,No,No,Yes,Yes,No,No,Two year,Yes,Electronic check,93.53,3355.16,No
CUST-02967,Male,0,Yes,No,13,Yes,Yes,No,No internet service,No internet service,No internet service,No internet service,No internet service,No internet service,One year,No,Bank transfer (automatic),83.45,1219.12,Yes
CUST-02968,Male,0,Yes,No,13,Yes,No,DSL,No,No,No,Yes,Yes,Yes,Month-to-month,Yes,Credit card (automatic),80.79,1138.07,No
CUST-02969,Male,0,No,Yes,54,Yes,Yes,Fiber optic,No,No,No,No,Yes,No,Month-to-month,No,Mailed check,92.06,4610.7,No
CUST-02970,Male,0,No,No,14,Yes,No,DSL,Yes,No,Yes,No,No,No,Two year,No,Electronic check,53.98,726.67,No
CUST-02971,Female,0,Yes,No,6,Yes,No,Fiber optic,No,Yes,Yes,No,No,No,Month-to-month,Yes,Bank transfer (automatic),115.47,707.99,Yes
CUST-02972,Female,0,No,No,16,Yes,Yes,DSL,No,Yes,Yes,No,Yes,Yes,Month-to-month,Yes,Credit card (automatic),112.34,1988.94,Yes
CUST-02973,Male,0,Yes,No,41,Yes,No,DSL,No,No,Yes,No,Yes,No,Month-to-month,Yes,Electronic check,90.34,3638.5,No
CUST-02974,Male,0,Yes,Yes,52,Yes,Yes,DSL,No,No,No,No,Yes,No,One year,No,Bank transfer (automatic),30.28,1633.17,No
CUST-02975,Male,1,Yes,No,16,Yes,Yes,DSL,Yes,No,Yes,Yes,No,No,Month-to-month,Yes,Electronic check,100.03,1557.49,No
CUST-02976,Male,0,Yes,No,5,Yes,No,Fiber optic,No,No,No,No,Yes,No,Two year,Yes,Mailed check,50.78,260.68,No
CUST-02977,Female,0,Yes,No,24,Yes,Yes,DSL,Yes,No,No,Yes,No,No,Month-to-month,No,Electronic check,31.78,651.6,Yes
CUST-02978,Male,0,Yes,No,43,Yes,No,Fiber optic,No,Yes,No,No,No,Yes,Month-to-month,Yes,Credit card (automatic),85.75,3544.93,Yes
CUST-02979,Male,1,No,Yes,65,Yes,No,DSL,No,No,No,No,No,Yes,Month-to-month,Yes,Electronic check,96.0,6738.92,Yes
CUST-02980,Male,0,No,No,10,No,No phone service,Fiber optic,No,No,No,No,No,No,Two year,Yes,Credit card (automatic),104.62,897.02,No
CUST-02981,Male,1,No,Yes,59,Yes,No,No,No internet service,No internet service,No internet service,No internet service,No internet service,No internet service,One year,Yes,Electronic check,30.29,1957.42,No
CUST-02982,Female,1,No,No,35,No,No phone service,Fiber optic,No,No,No,Yes,Yes,No,One year,Yes,Credit card (automatic),38.94,1561.35,No
CUST-02983,Male,0,Yes,No,31,Yes,No,Fiber optic,Yes,No,No,No,No,No,Month-to-month,No,Bank transfer (automatic),108.88,3363.88,Yes
CUST-02984,Male,0,No,Yes,11,Yes,No,Fiber optic,No,No,Yes,No,No,No,One year,Yes,Electronic check,40.53,401.92,No
CUST-02985,Female,0,No,No,9,Yes,Yes,No,No internet service,No internet service,No internet service,No internet service,No internet service,No internet service,Month-to-month,No,Electronic check,77.73,773.3,Yes
CUST-02986,Female,0,Yes,Yes,66,Yes,Yes,No,No internet service,No internet service,No internet service,No internet service,No internet service,No internet service,Two year,No,Electronic check,36.96,2653.99,No
CUST-02987,Female,0,Yes,No,44,Yes,No,Fiber optic,No,Yes,Yes,Yes,No,No,One year,No,Credit card (automatic),31.86,1603.36,No
CUST-02988,Male,0,No,No,16,Yes,Yes,DSL,Yes,No,No,Yes,No,Yes,One year,No,Mailed check,42.4,626.67,No
CUST-02989,Male,1,No,No,48,Yes,No,Fiber optic,No,No,No,No,No,Yes,Two year,Yes,Bank transfer (automatic),41.19,1791.45,No
CUST-02990,Female,0,No,No,53,Yes,No,Fiber optic,No,No,Yes,No,Yes,No,Month-to-month,No,Credit card (automatic),37.91,1788.62,Yes
CUST-02991,Female,1,Yes,No,65,Yes,Yes,DSL,No,No,No,No,Yes,No,Month-to-month,Yes,Bank transfer (automatic),28.01,1790.11,No
CUST-02992,Female,0,Yes,Yes,48,No,No phone service,DSL,No,No,No,Yes,No,No,Month-to-month,No,Electronic check,25.42,1303.31,Yes
CUST-02993,Female,0,No,No,70,Yes,Yes,Fiber optic,Yes,No,Yes,No,No,No,Month-to-month,Yes,Bank transfer (automatic),50.05,3128.6,No
CUST-02994,Female,1,No,Yes,46,Yes,Yes,No,No internet service,No internet service,No internet service,No internet service,No internet service,No internet service,Two year,Yes,Bank transfer (automatic),51.04,2295.96,No
CUST-02995,Female,0,Yes,No,33,Yes,No,Fiber optic,No,Yes,Yes,No,No,No,Month-to-month,No,Electronic check,96.64,2948.81,Yes
CUST-02996,Male,0,Yes,No,52,Yes,Yes,Fiber optic,No,Yes,No,No,Yes,Yes,Month-to-month,Yes,Credit card (automatic),101.75,5125.89,No
CUST-02997,Male,0,No,No,55,Yes,No,No,No internet service,No internet service,No internet service,No internet service,No internet service,No internet service,Month-to-month,No,Electronic check,33.36,1587.87,No
CUST-02998,Male,0,No,Yes,51,Yes,No,Fiber optic,Yes,No,No,No,No,Yes,Month-to-month,No,Bank transfer (automatic),97.91,4824.8,No
CUST-02999,Female,0,Yes,Yes,40,Yes,No,Fiber optic,Yes,No,No,No,Yes,No,One year,No,Credit card (automatic),45.15,1574.53,No
CUST-03000,Female,0,No,Yes,25,No,No phone service,No,No internet service,No internet service,No internet service,No internet service,No internet service,No internet service,Month-to-month,No,Electronic check,68.3,1846.09,Yes
CUST-03001,Female,0,No,No,63,Yes,No,DSL,Yes,Yes,Yes,No,No,No,Two year,No,Credit card (automatic),26.89,1462.31,No
CUST-03002,Female,1,No,Yes,22,Yes,No,DSL,Yes,No,Yes,No,Yes,No,Month-to-month,No,Bank transfer (automatic),58.28,1220.15,Yes
CUST-03003,Female,0,Yes,No,38,No,No phone service,No,No internet service,No internet service,No internet service,No internet service,No internet service,No internet service,Month-to-month,No,Electronic check,23.57,795.95,No
CUST-03004,Female,1,Yes,No,9,Yes,Yes,No,No internet service,No internet service,No internet service,No internet service,No internet service,No internet service,One year,No,Bank transfer (automatic),18.93,181.29,No
CUST-03005,Male,0,No,No,37,Yes,No,No,No internet service,No internet service,No internet service,No internet service,No internet service,No internet service,Month-to-month,Yes,Mailed check,111.95,3697.58,No
CUST-03006,Male,0,Yes,No,5,Yes,No,DSL,No,Yes,Yes,No,No,No,Month-to-month,Yes,Electronic check,98.51,515.03,No
CUST-03007,Female,0,No,No,22,Yes,No,Fiber optic,No,Yes,No,No,Yes,No,Month-to-month,No,Credit card (automatic),39.64,902.4,Yes
CUST-03008,Male,0,No,Yes,12,Yes,Yes,Fiber optic,No,No,No,No,No,No,Month-to-month,Yes,Mailed check,46.78,575.63,No
CUST-03009,Female,1,Yes,No,60,Yes,Yes,DSL,Yes,Yes,Yes,No,No,No,Month-to-month,Yes,Credit card (automatic),31.14,1737.21,No
CUST-03010,Male,0,No,No,44,Yes,Yes,Fiber optic,Yes,No,No,No,No,No,Month-to-month,Yes,Credit card (automatic),33.39,1640.09,No
CUST-03011,Female,0,No,Yes,22,Yes,Yes,Fiber optic,Yes,No,No,No,Yes,Yes,Month-to-month,No,Bank transfer (automatic),76.77,1531.54,Yes
CUST-03012,Female,0,No,No,6,Yes,Yes,DSL,No,No,No,No,Yes,No,Month-to-month,Yes,Mailed check,76.17,438.75,Yes
CUST-03013,Male,0,Yes,No,27,Yes,No,No,No internet service,No internet service,No internet service,No internet service,No internet service,No internet service,Month-to-month,No,Credit card (automatic),74.91,2160.77,Yes
CUST-03014,Male,1,No,Yes,55,Yes,No,Fiber optic,No,Yes,Yes,Yes,Yes,Yes,Month-to-month,Yes,Bank transfer (automatic),21.96,1108.39,No
CUST-03015,Female,1,Yes,Yes,15,Yes,Yes,Fiber optic,No,No,No,No,No,No,Month-to-month,Yes,Electronic check,87.15,1349.21,Yes
CUST-03016,Female,0,No,Yes,64,No,No phone service,Fiber optic,No,No,No,No,Yes,Yes,Month-to-month,Yes,Bank transfer (automatic),20.83,1419.13,No
CUST-03017,Male,0,No,No,17,Yes,Yes,No,No internet service,No internet service,No internet service,No internet service,No internet service,No internet service,Month-to-month,No,Electronic check,117.8,2033.14,Yes
CUST-03018,Male,0,Yes,No,3,Yes,No,Fiber optic,No,Yes,Yes,Yes,No,Yes,Two year,No,Credit card (automatic),101.74,289.04,No
CUST-03019,Female,0,No,Yes,10,Yes,Yes,Fiber optic,No,No,No,No,Yes,Yes,One year,Yes,Mailed check,111.17,1207.41,No
CUST-03020,Male,1,No,No,63,Yes,Yes,DSL,No,No,No,No,No,No,Two year,Yes,Electronic check,98.25,5461.21,Yes
CUST-03021,Female,0,Yes,No,63,Yes,Yes,Fiber optic,Yes,No,Yes,No,No,No,Month-to-month,Yes,Electronic check,50.24,2907.49,No
CUST-03022,Female,0,Yes,No,62,Yes,No,Fiber optic,No,Yes,No,No,Yes,Yes,One year,No,Bank transfer (automatic),37.93,2260.78,No
CUST-03023,Female,0,No,No,9,Yes,Yes,Fiber optic,No,Yes,Yes,No,No,Yes,One year,Yes,Electronic check,67.7,602.69,No
CUST-03024,Female,1,Yes,Yes,24,Yes,No,DSL,No,No,Yes,No,No,No,Month-to-month,No,Mailed check,98.2,2019.77,No
CUST-03025,Male,0,Yes,No,32,Yes,No,Fiber optic,No,No,No,No,No,No,Month-to-month,Yes,Electronic check,71.1,2407.07,Yes
CUST-03026,Male,0,No,No,3,Yes,No,Fiber optic,No,No,No,Yes,Yes,No,Month-to-month,No,Bank transfer (automatic),48.42,131.25,Yes
CUST-03027,Male,0,No,No,33,Yes,No,Fiber optic,No,No,No,Yes,No,Yes,Month-to-month,No,Electronic check,44.51,1641.41,Yes
CUST-03028,Male,0,No,Yes,43,Yes,No,DSL,No,No,Yes,No,No,No,Month-to-month,No,Credit card (automatic),66.98,2711.88,No
CUST-03029,Male,0,Yes,Yes,12,Yes,Yes,Fiber optic,No,No,Yes,Yes,Yes,Yes,Month-to-month,No,Bank transfer (automatic),58.34,652.27,Yes
CUST-03030,Male,0,Yes,No,32,Yes,Yes,No,No internet service,No internet service,No internet service,No internet service,No internet service,No internet service,Two year,No,Electronic check,81.15,2302.55,No
CUST-03031,Male,0,Yes,No,20,Yes,No,DSL,No,No,Yes,No,No,No,Two year,No,Bank transfer (automatic),19.53,420.21,No
CUST-03032,Female,0,No,No,67,Yes,No,DSL,Yes,Yes,No,No,No,Yes,Month-to-month,Yes,Mailed check,81.8,6188.94,Yes
CUST-03033,Male,0,No,No,68,Yes,Yes,DSL,No,Yes,Yes,Yes,No,Yes,Month-to-month,Yes,Electronic check,66.0,4874.68,No
CUST-03034,Male,0,Yes,Yes,17,Yes,No,DSL,No,No,Yes,No,No,Yes,Month-to-month,Yes,Mailed check,98.69,1860.13,No
CUST-03035,Female,0,Yes,No,19,Yes,Yes,No,No internet service,No internet service,No internet service,No internet service,No internet service,No internet service,One year,Yes,Electronic check,47.1,932.11,No
CUST-03036,Male,0,No,Yes,4,Yes,No,Fiber optic,Yes,No,Yes,Yes,Yes,Yes,One year,No,Electronic check,97.11,370.42,No
CUST-03037,Male,0,No,No,17,Yes,Yes,DSL,Yes,No,No,No,No,No,Month-to-month,Yes,Electronic check,114.35,2089.15,No
CUST-03038,Female,0,Yes,No,64,Yes,Yes,No,No internet service,No internet service,No internet service,No internet service,No internet service,No internet service,Two year,Yes,Mailed check,63.86,3715.13,No
CUST-03039,Male,1,No,Yes,22,No,No phone service,DSL,No,No,No,No,No,No,Month-to-month,No,Credit card (automatic),54.96,1030.39,Yes
CUST-03040,Male,0,Yes,Yes,66,Yes,No,Fiber optic,No,No,Yes,Yes,Yes,No,Two year,No,Bank transfer (automatic),104.24,6593.28,No
CUST-03041,Male,0,No,No,42,Yes,No,Fiber optic,No,Yes,No,Yes,Yes,No,Month-to-month,Yes,Credit card (automatic),41.93,1807.37,No
CUST-03042,Female,0,No,No,45,Yes,No,DSL,No,No,Yes,Yes,No,Yes,Month-to-month,No,Bank transfer (automatic),91.89,4333.84,No
CUST-03043,Male,0,No,No,11,Yes,No,Fiber optic,No,No,No,No,Yes,Yes,Month-to-month,Yes,Credit card (automatic),75.8,817.24,Yes
CUST-03044,Male,0,Yes,No,53,Yes,No,DSL,Yes,No,No,No,Yes,No,Month-to-month,No,Bank transfer (automatic),61.6,3610.73,No
CUST-03045,Female,0,Yes,No,60,Yes,Yes,No,No internet service,No internet service,No internet service,No internet service,No internet service,No internet service,One year,No,Credit card (automatic),37.56,2467.56,No
CUST-03046,Male,0,No,No,29,No,No phone service,DSL,No,No,No,No,Yes,No,Two year,Yes,Credit card (automatic),19.59,484.09,No
CUST-03047,Female,0,Yes,No,20,Yes,No,DSL,No,Yes,No,No,No,No,Month-to-month,No,Bank transfer (automatic),72.36,1533.59,No
CUST-03048,Female,0,No,No,5,Yes,No,Fiber optic,No,Yes,No,No,No,No,Two year,No,Electronic check,24.07,128.31,No
CUST-03049,Male,0,No,Yes,25,Yes,No,No,No internet service,No internet service,No internet service,No internet service,No internet service,No internet service,Month-to-month,No,Credit card (automatic),28.96,782.83,No
CUST-03050,Female,0,No,Yes,34,Yes,Yes,Fiber optic,No,Yes,Yes,No,No,No,Month-to-month,Yes,Mailed check,78.99,2912.25,No
CUST-03051,Female,0,No,No,12,Yes,No,DSL,No,Yes,No,No,Yes,No,Month-to-month,No,Credit card (automatic),42.44,460.39,Yes
CUST-03052,Male,0,No,No,28,Yes,No,DSL,No,No,No,No,Yes,No,Month-to-month,Yes,Credit card (automatic),87.52,2237.16,No
CUST-03053,Female,0,No,No,6,Yes,Yes,DSL,No,No,Yes,No,No,Yes,Two year,No,Mailed check,33.13,201.43,No
CUST-03054,Female,1,Yes,Yes,19,Yes,No,Fiber optic,No,No,No,Yes,No,No,Month-to-month,No,Credit card (automatic),25.33,455.1,No
CUST-03055,Male,0,Yes,Yes,12,No,No phone service,Fiber optic,No,No,No,No,Yes,No,One year,Yes,Electronic check,70.91,875.16,No
CUST-03056,Male,0,Yes,Yes,25,Yes,No,Fiber optic,No,Yes,No,No,Yes,No,Month-to-month,Yes,Mailed check,42.22,1044.42,No
CUST-03057,Male,0,Yes,Yes,13,Yes,Yes,Fiber optic,Yes,No,Yes,No,No,Yes,Two year,Yes,Electronic check,61.17,741.58,Yes
CUST-03058,Female,1,No,No,3,Yes,Yes,DSL,No,Yes,Yes,Yes,Yes,No,Month-to-month,Yes,Electronic check,29.22,92.48,Yes
CUST-03059,Male,0,No,No,24,Yes,Yes,Fiber optic,No,No,No,No,No,No,Two year,Yes,Electronic check,47.67,1129.66,No
CUST-03060,Female,0,No,No,8,Yes,No,Fiber optic,Yes,No,No,No,No,Yes,One year,No,Bank transfer (automatic),24.2,212.52,No
CUST-03061,Female,1,No,No,45,Yes,Yes,DSL,Yes,Yes,Yes,No,No,No,One year,Yes,Bank transfer (automatic),99.73,3873.7,No
CUST-03062,Female,1,No,No,72,No,No phone service,Fiber optic,Yes,No,No,Yes,No,No,One year,Yes,Mailed check,18.69,1237.43,No
CUST-03063,Female,0,No,Yes,1,Yes,No,DSL,No,Yes,Yes,No,Yes,No,Month-to-month,No,Bank transfer (automatic),114.69,97.5,Yes
CUST-03064,Female,0,Yes,No,3,Yes,No,DSL,No,No,No,No,No,No,Month-to-month,No,Electronic check,45.61,133.49,Yes
CUST-03065,Female,0,No,No,65,Yes,Yes,No,No internet service,No internet service,No internet service,No internet service,No internet service,No internet service,Two year,No,Bank transfer (automatic),26.08,1546.04,No
CUST-03066,Female,0,Yes,Yes,15,Yes,Yes,No,No internet service,No internet service,No internet service,No internet service,No internet service,No internet service,Month-to-month,Yes,Credit card (automatic),104.2,1432.05,Yes
CUST-03067,Male,0,No,No,50,Yes,Yes,Fiber optic,No,No,No,No,Yes,No,Month-to-month,No,Credit card (automatic),85.42,4517.88,No
CUST-03068,Male,0,Yes,No,20,Yes,No,DSL,Yes,No,No,No,Yes,No,Month-to-month,Yes,Credit card (automatic),103.96,2259.52,Yes
CUST-03069,Female,0,No,Yes,3,Yes,No,Fiber optic,Yes,Yes,Yes,No,No,Yes,Two year,Yes,Bank transfer (automatic),73.14,203.4,No
CUST-03070,Female,0,No,Yes,61,No,No phone service,DSL,No,No,Yes,No,No,No,Month-to-month,Yes,Mailed check,44.15,2785.84,No
CUST-03071,Male,0,No,No,15,Yes,No,DSL,No,No,No,No,Yes,No,Month-to-month,Yes,Electronic check,28.15,432.39,No
CUST-03072,Female,0,No,Yes,59,Yes,Yes,DSL,No,No,Yes,Yes,No,Yes,One year,No,Electronic check,73.23,3678.15,No
CUST-03073,Male,0,No,Yes,54,Yes,Yes,Fiber optic,No,No,No,Yes,No,Yes,Month-to-month,Yes,Electronic check,83.31,5090.32,No
CUST-03074,Male,0,Yes,No,60,Yes,Yes,No,No internet service,No internet service,No internet service,No internet service,No internet service,No internet service,One year,Yes,Electronic check,63.16,3607.88,No
CUST-03075,Male,1,Yes,No,37,Yes,No,No,No internet service,No internet service,No internet service,No internet service,No internet service,No internet service,Two year,Yes,Bank transfer (automatic),51.66,1802.15,No
CUST-03076,Female,0,No,No,21,Yes,No,No,No internet service,No internet service,No internet service,No internet service,No internet service,No internet service,Two year,No,Bank transfer (automatic),103.55,2231.79,No
CUST-03077,Female,0,Yes,No,23,Yes,No,DSL,Yes,Yes,Yes,Yes,No,No,Two year,Yes,Mailed check,82.57,1820.63,No
CUST-03078,Male,1,Yes,No,18,No,No phone service,Fiber optic,Yes,Yes,No,No,Yes,Yes,One year,No,Bank transfer (automatic),33.47,565.8,No
CUST-03079,Male,0,No,No,17,Yes,No,No,No internet service,No internet service,No internet service,No internet service,No internet service,No internet service,Month-to-month,Yes,Mailed check,110.47,2010.92,No
CUST-03080,Male,0,Yes,No,31,Yes,No,No,No internet service,No internet service,No internet service,No internet service,No internet service,No internet service,Month-to-month,Yes,Mailed check,35.42,1176.57,No
CUST-03081,Male,1,Yes,No,64,Yes,Yes,DSL,No,No,No,Yes,Yes,Yes,Month-to-month,Yes,Electronic check,107.91,7290.44,No
CUST-03082,Male,0,Yes,Yes,48,Yes,No,No,No internet service,No internet service,No internet service,No internet service,No internet service,No internet service,One year,No,Mailed check,22.46,1193.54,No
CUST-03083,Female,0,Yes,No,26,Yes,No,Fiber optic,Yes,No,No,No,Yes,Yes,Month-to-month,No,Mailed check,115.82,3008.59,Yes
CUST-03084,Male,0,No,No,22,Yes,Yes,DSL,No,Yes,No,No,No,Yes,One year,No,Electronic check,68.58,1577.76,No
CUST-03085,Female,0,No,No,45,Yes,No,DSL,Yes,No,No,No,No,No,Month-to-month,Yes,Electronic check,30.62,1582.57,Yes
CUST-03086,Male,0,No,No,36,Yes,No,DSL,Yes,Yes,Yes,No,Yes,No,Month-to-month,No,Bank transfer (automatic),29.13,966.67,No
CUST-03087,Female,1,Yes,No,64,No,No phone service,Fiber optic,No,Yes,No,No,No,Yes,Month-to-month,Yes,Bank transfer (automatic),60.25,4256.01,Yes
CUST-03088,Female,0,No,No,35,Yes,Yes,DSL,No,No,Yes,Yes,No,No,Month-to-month,Yes,Electronic check,60.81,1942.63,Yes
CUST-03089,Female,0,Yes,Yes,27,Yes,No,Fiber optic,No,No,No,No,No,No,Month-to-month,Yes,Bank transfer (automatic),76.64,2037.78,No
CUST-03090,Female,0,No,No,68,Yes,No,No,No internet service,No internet service,No internet service,No internet service,No internet service,No internet service,One year,Yes,Credit card (automatic),54.15,3583.96,Yes
CUST-03091,Female,0,No,No,17,Yes,No,No,No internet service,No internet service,No internet service,No internet service,No internet service,No internet service,Month-to-month,No,Mailed check,69.43,1268.57,No
CUST-03092,Female,0,No,Yes,70,Yes,Yes,Fiber optic,No,Yes,Yes,Yes,No,No,One year,No,Mailed check,78.97,5839.37,No
CUST-03093,Male,0,No,Yes,11,Yes,Yes,Fiber optic,No,No,Yes,No,No,Yes,Month-to-month,No,Mailed check,104.88,1246.88,Yes
CUST-03094,Female,0,Yes,No,5,Yes,No,Fiber optic,No,No,No,No,Yes,No,Month-to-month,No,Electronic check,114.62,581.53,Yes
CUST-03095,Male,0,Yes,No,58,Yes,No,No,No internet service,No internet service,No internet service,No internet service,No internet service,No internet service,Month-to-month,Yes,Credit card (automatic),107.01,5416.92,No
CUST-03096,Female,0,No,Yes,57,Yes,No,No,No internet service,No internet service,No internet service,No internet service,No internet service,No internet service,Month-to-month,Yes,Credit card (automatic),26.47,1551.44,No
CUST-03097,Female,0,Yes,No,14,Yes,No,Fiber optic,No,No,No,No,No,Yes,Month-to-month,Yes,Mailed check,48.54,630.0,No
CUST-03098,Male,0,Yes,Yes,72,Yes,No,DSL,Yes,No,No,Yes,No,Yes,One year,Yes,Electronic check,31.29,2208.53,No
CUST-03099,Female,0,Yes,No,1,Yes,Yes,Fiber optic,No,Yes,No,No,No,Yes,Two year,Yes,Credit card (automatic),77.56,68.63,No
CUST-03100,Male,0,Yes,No,16,Yes,Yes,No,No internet service,No internet service,No internet service,No internet service,No internet service,No internet service,One year,Yes,Bank transfer (automatic),90.27,1316.62,No
CUST-03101,Male,0,No,Yes,26,No,No phone service,No,No internet service,No internet service,No internet service,No internet service,No internet service,No internet service,One year,No,Credit card (automatic),89.68,2292.19,Yes
CUST-03102,Male,0,No,Yes,49,Yes,Yes,Fiber optic,No,Yes,No,Yes,No,Yes,One year,Yes,Credit card (automatic),64.0,3324.25,No
CUST-03103,Male,0,Yes,No,42,Yes,No,Fiber optic,Yes,Yes,No,No,Yes,Yes,Two year,No,Electronic check,79.33,3185.49,No
CUST-03104,Female,1,Yes,No,70,Yes,No,DSL,Yes,Yes,Yes,No,No,Yes,Two year,Yes,Electronic check,46.4,3144.53,No
CUST-03105,Female,0,No,Yes,66,Yes,Yes,Fiber optic,Yes,No,No,No,Yes,Yes,Month-to-month,No,Mailed check,85.94,5915.66,No
CUST-03106,Male,0,No,No,53,Yes,Yes,Fiber optic,No,No,Yes,No,Yes,Yes,Month-to-month,Yes,Mailed check,33.82,1633.52,No
CUST-03107,Female,0,No,No,9,Yes,Yes,No,No internet service,No internet service,No internet service,No internet service,No internet service,No internet service,Two year,Yes,Electronic check,28.49,226.46,No
CUST-03108,Female,0,No,No,69,No,No phone service,No,No internet service,No internet service,No internet service,No internet service,No internet service,No internet service,Month-to-month,Yes,Bank transfer (automatic),55.79,4292.64,No
CUST-03109,Male,0,No,No,40,Yes,No,DSL,No,No,No,No,No,Yes,Two year,Yes,Bank transfer (automatic),96.99,3665.4,No
CUST-03110,Female,0,No,No,56,Yes,Yes,Fiber optic,Yes,Yes,No,No,No,Yes,Two year,Yes,Mailed check,44.67,2399.49,No
CUST-03111,Male,0,No,No,5,Yes,No,DSL,No,Yes,Yes,No,No,No,Month-to-month,Yes,Mailed check,38.22,208.44,No
CUST-03112,Male,1,Yes,Yes,56,Yes,No,DSL,No,Yes,No,No,Yes,Yes,Month-to-month,No,Mailed check,109.27,5620.09,No
CUST-03113,Female,1,No,No,72,Yes,No,DSL,No,No,No,No,Yes,No,Month-to-month,No,Credit card (automatic),75.45,5991.28,No
CUST-03114,Female,0,Yes,No,5,No,No phone service,No,No internet service,No internet service,No internet service,No internet service,No internet service,No internet service,Month-to-month,No,Mailed check,37.89,197.78,No
CUST-03115,Female,0,No,Yes,69,Yes,No,No,No internet service,No internet service,No internet service,No internet service,No internet service,No internet service,Month-to-month,No,Bank transfer (automatic),37.04,2768.31,No
CUST-03116,Male,0,No,No,52,Yes,No,Fiber optic,No,Yes,No,No,No,Yes,Month-to-month,No,Credit card (automatic),30.09,1571.7,No
CUST-03117,Male,0,No,Yes,33,Yes,Yes,Fiber optic,No,No,No,No,No,No,Month-to-month,Yes,Bank transfer (automatic),30.7,881.33,No
CUST-03118,Female,0,Yes,No,22,Yes,Yes,No,No internet service,No internet service,No internet service,No internet service,No internet service,No internet service,Two year,Yes,Mailed check,98.93,2339.49,Yes
CUST-03119,Female,0,No,No,15,Yes,No,Fiber optic,Yes,No,Yes,Yes,No,No,Month-to-month,No,Mailed check,98.96,1399.87,Yes
CUST-03120,Female,0,Yes,No,65,Yes,Yes,Fiber optic,No,No,No,No,No,No,One year,No,Electronic check,114.09,7725.29,No
CUST-03121,Female,0,Yes,No,71,No,No phone service,No,No internet service,No internet service,No internet service,No internet service,No internet service,No internet service,Month-to-month,No,Bank transfer (automatic),48.14,3002.61,No
CUST-03122,Male,0,Yes,Yes,23,Yes,Yes,Fiber optic,No,No,No,Yes,Yes,Yes,Month-to-month,Yes,Bank transfer (automatic),75.86,1841.26,No
CUST-03123,Female,0,Yes,No,6,No,No phone service,No,No internet service,No internet service,No internet service,No internet service,No internet service,No internet service,Month-to-month,Yes,Credit card (automatic),72.23,388.42,Yes
CUST-03124,Male,0,Yes,No,58,Yes,Yes,Fiber optic,No,No,Yes,Yes,No,No,Month-to-month,No,Mailed check,28.52,1493.23,No
CUST-03125,Male,0,No,Yes,26,No,No phone service,Fiber optic,No,Yes,No,Yes,Yes,No,Month-to-month,Yes,Bank transfer (automatic),70.95,1763.26,No
CUST-03126,Female,0,No,No,12,Yes,No,DSL,No,Yes,No,Yes,No,Yes,One year,No,Credit card (automatic),39.55,538.15,No
CUST-03127,Female,0,Yes,Yes,2,Yes,No,No,No internet service,No internet service,No internet service,No internet service,No internet service,No internet service,Two year,Yes,Bank transfer (automatic),42.72,81.95,No
CUST-03128,Female,1,Yes,No,32,Yes,Yes,DSL,No,Yes,No,No,Yes,No,One year,Yes,Credit card (automatic),100.77,3040.81,No
CUST-03129,Male,0,No,No,50,No,No phone service,No,No internet service,No internet service,No internet service,No internet service,No internet service,No internet service,Month-to-month,No,Mailed check,48.24,2251.0,No
CUST-03130,Female,0,No,No,61,Yes,Yes,No,No internet service,No internet service,No internet service,No internet service,No internet service,No internet service,Two year,Yes,Electronic check,96.58,6235.58,No
CUST-03131,Female,0,Yes,Yes,11,Yes,No,No,No internet service,No internet service,No internet service,No internet service,No internet service,No internet service,One year,No,Credit card (automatic),24.6,304.55,No
CUST-03132,Male,0,No,No,68,Yes,Yes,Fiber optic,No,Yes,No,Yes,No,Yes,One year,No,Mailed check,72.66,4818.34,No
CUST-03133,Female,0,No,Yes,34,Yes,No,Fiber optic,No,No,No,No,No,Yes,Two year,No,Bank transfer (automatic),83.21,2892.92,No
CUST-03134,Male,0,Yes,No,8,Yes,Yes,No,No internet service,No internet service,No internet service,No internet service,No internet service,No internet service,Month-to-month,Yes,Mailed check,97.41,851.51,No
CUST-03135,Female,0,Yes,No,8,Yes,No,No,No internet service,No internet service,No internet service,No internet service,No internet service,No internet service,Month-to-month,Yes,Mailed check,95.08,769.9,Yes
CUST-03136,Male,0,No,No,15,Yes,No,No,No internet service,No internet service,No internet service,No internet service,No internet service,No internet service,Month-to-month,No,Electronic check,44.37,697.46,Yes
CUST-03137,Female,0,Yes,No,5,Yes,Yes,DSL,No,No,No,No,Yes,Yes,Two year,Yes,Bank transfer (automatic),83.12,443.89,No
CUST-03138,Female,0,No,No,19,Yes,No,Fiber optic,No,Yes,Yes,Yes,No,No,One year,Yes,Electronic check,36.39,773.97,No
CUST-03139,Male,0,Yes,No,9,Yes,No,No,No internet service,No internet service,No internet service,No internet service,No internet service,No internet service,Two year,Yes,Mailed check,34.29,288.17,No
CUST-03140,Male,0,No,No,57,Yes,No,Fiber optic,No,No,No,No,Yes,No,One year,No,Mailed check,37.82,1863.31,No
CUST-03141,Female,0,No,Yes,54,Yes,No,DSL,No,Yes,No,No,Yes,Yes,Month-to-month,Yes,Bank transfer (automatic),39.09,2409.37,No
CUST-03142,Male,0,Yes,No,29,Yes,Yes,Fiber optic,No,No,Yes,Yes,No,No,Month-to-month,Yes,Bank transfer (automatic),33.68,1122.9,No
CUST-03143,Male,0,No,No,19,Yes,No,DSL,No,No,Yes,No,No,Yes,Two year,Yes,Credit card (automatic),51.56,1095.66,No
CUST-03144,Male,0,No,Yes,46,No,No phone service,No,No internet service,No internet service,No internet service,No internet service,No internet service,No internet service,Two year,No,Bank transfer (automatic),89.85,3898.55,No
CUST-03145,Male,0,No,No,62,Yes,Yes,Fiber optic,Yes,No,No,No,No,Yes,Month-to-month,No,Credit card (automatic),97.16,5989.76,Yes
CUST-03146,Female,1,No,No,60,Yes,Yes,Fiber optic,Yes,No,No,Yes,No,Yes,Month-to-month,Yes,Electronic check,53.05,3437.36,Yes
CUST-03147,Female,0,Yes,Yes,5,Yes,Yes,Fiber optic,Yes,No,Yes,No,Yes,Yes,Month-to-month,Yes,Mailed check,91.34,413.17,Yes
CUST-03148,Male,0,No,No,33,Yes,Yes,No,No internet service,No internet service,No internet service,No internet service,No internet service,No internet service,Month-to-month,Yes,Credit card (automatic),95.72,3547.52,No
CUST-03149,Male,0,Yes,No,55,Yes,No,DSL,No,Yes,No,No,Yes,Yes,Month-to-month,Yes,Electronic check,57.15,3467.74,Yes
CUST-03150,Male,0,Yes,No,19,Yes,No,DSL,No,No,Yes,Yes,Yes,No,Month-to-month,No,Bank transfer (automatic),118.23,2382.12,Yes
CUST-03151,Male,1,Yes,Yes,17,Yes,No,Fiber optic,No,No,No,No,No,Yes,One year,No,Electronic check,73.78,1389.89,No
CUST-03152,Female,0,Yes,Yes,42,Yes,No,Fiber optic,Yes,Yes,No,No,Yes,No,Month-to-month,Yes,Mailed check,88.71,3786.8,Yes
CUST-03153,Female,0,Yes,Yes,22,Yes,No,No,No internet service,No internet service,No internet service,No internet service,No internet service,No internet service,Two year,No,Mailed check,28.36,552.56,No
CUST-03154,Male,0,No,No,39,Yes,Yes,DSL,No,No,No,No,No,No,Two year,Yes,Credit card (automatic),74.96,2694.89,No
CUST-03155,Male,0,No,No,27,Yes,Yes,Fiber optic,No,Yes,No,No,No,No,Month-to-month,Yes,Bank transfer (automatic),91.9,2548.7,No
CUST-03156,Male,0,Yes,No,46,Yes,No,Fiber optic,No,No,No,No,No,No,Month-to-month,Yes,Electronic check,71.69,3762.96,No
CUST-03157,Female,1,Yes,No,28,Yes,No,Fiber optic,Yes,No,No,No,No,No,One year,No,Electronic check,103.52,2477.92,No
CUST-03158,Male,0,No,Yes,52,Yes,Yes,No,No internet service,No internet service,No internet service,No internet service,No internet service,No internet service,Two year,Yes,Mailed check,25.68,1398.64,No
CUST-03159,Female,0,Yes,No,65,Yes,Yes,DSL,No,No,No,No,Yes,No,Month-to-month,No,Mailed check,107.42,7539.97,No
CUST-03160,Male,1,Yes,No,39,Yes,Yes,Fiber optic,No,Yes,No,No,Yes,No,One year,No,Credit card (automatic),95.7,4133.58,Yes
CUST-03161,Female,0,No,No,18,Yes,No,No,No internet service,No internet service,No internet service,No internet service,No internet service,No internet service,Two year,Yes,Credit card (automatic),18.61,379.96,No
CUST-03162,Male,0,Yes,No,22,Yes,No,DSL,Yes,Yes,Yes,Yes,No,Yes,One year,No,Mailed check,26.49,513.91,No
CUST-03163,Female,0,Yes,No,68,Yes,Yes,Fiber optic,No,Yes,Yes,No,No,Yes,One year,Yes,Bank transfer (automatic),28.86,1772.41,No
CUST-03164,Male,0,No,No,11,Yes,No,DSL,No,No,No,Yes,No,No,Two year,No,Mailed check,59.45,579.91,No
CUST-03165,Male,0,No,Yes,64,Yes,No,Fiber optic,No,No,Yes,Yes,Yes,Yes,One year,No,Electronic check,32.01,2274.78,No
CUST-03166,Male,0,Yes,No,71,No,No phone service,DSL,Yes,Yes,Yes,Yes,No,No,Month-to-month,Yes,Mailed check,22.35,1411.54,No
CUST-03167,Female,0,No,No,57,Yes,No,Fiber optic,No,No,Yes,No,No,No,Two year,No,Credit card (automatic),101.05,4951.22,No
CUST-03168,Male,0,No,Yes,35,Yes,No,Fiber optic,No,Yes,Yes,No,No,Yes,Month-to-month,Yes,Mailed check,39.85,1193.51,Yes
CUST-03169,Female,0,Yes,No,37,Yes,Yes,Fiber optic,No,No,No,No,Yes,Yes,Two year,Yes,Mailed check,78.91,2841.08,No
CUST-03170,Female,0,Yes,Yes,50,Yes,No,Fiber optic,No,No,No,Yes,No,Yes,One year,No,Electronic check,77.45,4003.31,No
CUST-03171,Male,0,Yes,Yes,30,Yes,Yes,Fiber optic,No,No,Yes,No,No,Yes,One year,Yes,Bank transfer (automatic),98.98,2727.17,No
CUST-03172,Male,0,Yes,No,17,Yes,No,No,No internet service,No internet service,No internet service,No internet service,No internet service,No internet service,One year,Yes,Mailed check,72.63,1156.7,Yes
CUST-03173,Male,0,Yes,Yes,33,Yes,Yes,DSL,No,No,No,Yes,Yes,Yes,One year,No,Bank transfer (automatic),115.96,3387.18,No
CUST-03174,Female,0,Yes,No,16,Yes,Yes,Fiber optic,Yes,Yes,No,Yes,No,No,Month-to-month,No,Credit card (automatic),71.58,1131.66,No
CUST-03175,Male,0,Yes,No,15,Yes,No,Fiber optic,No,No,No,No,Yes,No,Two year,Yes,Electronic check,85.95,1288.93,No
CUST-03176,Female,0,No,Yes,13,Yes,No,DSL,No,No,No,No,No,No,One year,No,Credit card (automatic),109.34,1493.2,No
CUST-03177,Female,0,No,No,3,Yes,Yes,Fiber optic,Yes,No,No,No,No,No,One year,No,Electronic check,90.63,275.69,No
CUST-03178,Male,0,No,No,24,No,No phone service,DSL,No,Yes,No,Yes,No,Yes,One year,Yes,Credit card (automatic),91.55,2044.9,No
CUST-03179,Male,0,No,Yes,23,Yes,No,Fiber optic,No,No,No,Yes,Yes,No,Month-to-month,Yes,Bank transfer (automatic),24.08,616.76,Yes
CUST-03180,Male,0,No,No,59,Yes,Yes,DSL,No,No,No,No,Yes,No,Two year,Yes,Mailed check,26.73,1501.0,No
CUST-03181,Male,0,No,No,55,Yes,Yes,No,No internet service,No internet service,No internet service,No internet service,No internet service,No internet service,Month-to-month,Yes,Mailed check,45.85,2673.53,No
CUST-03182,Male,0,Yes,Yes,65,Yes,No,Fiber optic,Yes,No,No,No,No,No,Month-to-month,Yes,Electronic check,74.81,5172.93,No
CUST-03183,Male,0,Yes,No,32,Yes,Yes,DSL,No,Yes,No,No,Yes,No,Month-to-month,Yes,Bank transfer (automatic),107.14,3027.72,Yes
CUST-03184,Female,1,No,Yes,60,Yes,No,Fiber optic,Yes,Yes,No,No,Yes,Yes,Month-to-month,No,Credit card (automatic),27.05,1639.06,No
CUST-03185,Female,0,Yes,Yes,30,No,No phone service,No,No internet service,No internet service,No internet service,No internet service,No internet service,No internet service,Two year,No,Bank transfer (automatic),32.53,951.32,No
CUST-03186,Female,0,Yes,No,66,Yes,Yes,Fiber optic,No,No,No,Yes,No,Yes,Two year,Yes,Electronic check,71.4,5249.02,No
CUST-03187,Male,0,No,Yes,18,Yes,Yes,No,No internet service,No internet service,No internet service,No internet service,No internet service,No internet service,Two year,Yes,Bank transfer (automatic),32.13,559.86,No
CUST-03188,Female,0,No,No,59,Yes,Yes,DSL,No,Yes,No,No,No,Yes,Month-to-month,No,Electronic check,65.36,3408.62,No
CUST-03189,Female,0,No,No,53,Yes,No,Fiber optic,No,No,No,No,Yes,No,One year,No,Electronic check,109.04,6435.86,Yes
CUST-03190,Female,0,Yes,Yes,64,Yes,No,DSL,No,Yes,No,Yes,No,Yes,Month-to-month,Yes,Bank transfer (automatic),93.31,6675.82,No
CUST-03191,Female,0,Yes,No,30,Yes,Yes,DSL,Yes,No,No,Yes,No,No,One year,Yes,Electronic check,93.29,2988.48,No
CUST-03192,Female,0,No,No,18,Yes,Yes,Fiber optic,No,No,No,No,No,No,Month-to-month,No,Mailed check,60.17,1108.93,No
CUST-03193,Male,0,Yes,No,5,No,No phone service,Fiber optic,No,No,No,No,No,No,One year,No,Mailed check,86.06,471.16,Yes
CUST-03194,Male,0,Yes,No,69,Yes,Yes,Fiber optic,Yes,Yes,No,No,No,Yes,One year,Yes,Electronic check,92.3,5711.65,No
CUST-03195,Female,0,No,Yes,8,Yes,No,Fiber optic,No,Yes,Yes,Yes,No,No,Two year,Yes,Credit card (automatic),20.28,170.92,No
CUST-03196,Female,0,No,No,9,No,No phone service,No,No internet service,No internet service,No internet service,No internet service,No internet service,No internet service,Two year,No,Credit card (automatic),100.09,810.14,No
CUST-03197,Female,0,No,No,32,Yes,Yes,DSL,Yes,Yes,No,No,Yes,No,One year,No,Mailed check,107.89,3724.42,No
CUST-03198,Male,0,No,Yes,14,Yes,Yes,DSL,No,No,No,No,Yes,Yes,Month-to-month,Yes,Mailed check,30.44,379.76,No
CUST-03199,Male,0,Yes,No,13,Yes,Yes,Fiber optic,Yes,No,Yes,No,No,No,Month-to-month,No,Electronic check,102.76,1427.44,No
CUST-03200,Female,1,Yes,No,18,Yes,No,Fiber optic,No,No,No,No,Yes,Yes,Two year,No,Mailed check,54.25,864.63,No
CUST-03201,Male,1,Yes,No,68,Yes,Yes,Fiber optic,Yes,Yes,No,Yes,No,No,Month-to-month,Yes,Mailed check,50.21,3710.36,No
CUST-03202,Male,0,No,No,22,Yes,Yes,Fiber optic,No,No,Yes,Yes,No,No,Month-to-month,No,Credit card (automatic),79.05,1560.61,No
CUST-03203,Female,0,No,Yes,20,Yes,No,Fiber optic,No,No,No,No,Yes,No,Month-to-month,Yes,Bank transfer (automatic),99.87,1958.83,No
CUST-03204,Male,0,Yes,Yes,15,Yes,No,DSL,No,No,No,No,No,No,Month-to-month,Yes,Electronic check,58.13,967.72,No
CUST-03205,Male,0,No,Yes,7,Yes,No,No,No internet service,No internet service,No internet service,No internet service,No internet service,No internet service,Month-to-month,Yes,Electronic check,81.86,614.11,No
CUST-03206,Female,0,Yes,No,30,Yes,Yes,DSL,Yes,Yes,No,No,Yes,No,Two year,Yes,Electronic check,101.53,3373.15,No
CUST-03207,Male,0,No,Yes,5,Yes,Yes,Fiber optic,No,No,No,No,No,No,Two year,No,Electronic check,97.04,507.7,No
CUST-03208,Male,1,No,No,1,Yes,No,DSL,Yes,No,Yes,Yes,Yes,No,Month-to-month,Yes,Electronic check,46.01,44.38,Yes
CUST-03209,Female,0,Yes,No,60,Yes,No,DSL,No,Yes,No,No,No,No,Two year,Yes,Mailed check,89.2,5107.17,No
CUST-03210,Male,0,Yes,Yes,31,Yes,No,DSL,No,No,No,No,Yes,Yes,Two year,Yes,Bank transfer (automatic),82.32,2280.07,No
CUST-03211,Male,0,Yes,No,20,Yes,Yes,Fiber optic,No,Yes,No,No,No,Yes,Month-to-month,Yes,Credit card (automatic),87.68,1722.52,Yes
CUST-03212,Female,0,Yes,No,64,Yes,Yes,Fiber optic,No,Yes,No,No,No,No,Month-to-month,Yes,Mailed check,60.9,4365.58,No
CUST-03213,Female,0,Yes,Yes,64,Yes,No,No,No internet service,No internet service,No internet service,No internet service,No internet service,No internet service,Month-to-month,No,Credit card (automatic),20.3,1403.9,Yes
CUST-03214,Female,0,No,Yes,29,Yes,No,Fiber optic,No,No,No,Yes,Yes,Yes,Month-to-month,Yes,Electronic check,52.51,1311.02,No
CUST-03215,Male,0,Yes,Yes,10,Yes,Yes,DSL,No,Yes,Yes,No,Yes,Yes,Month-to-month,Yes,Electronic check,92.39,838.37,No
CUST-03216,Female,0,No,Yes,29,Yes,No,Fiber optic,No,No,Yes,No,No,Yes,Month-to-month,No,Mailed check,96.1,2925.07,Yes
CUST-03217,Male,1,Yes,No,31,Yes,Yes,DSL,Yes,No,Yes,No,Yes,No,Month-to-month,No,Mailed check,105.68,3000.8,Yes
CUST-03218,Female,0,Yes,No,30,Yes,No,DSL,No,No,Yes,Yes,No,No,Month-to-month,No,Electronic check,41.45,1209.19,No
CUST-03219,Male,0,Yes,No,25,Yes,No,No,No internet service,No internet service,No internet service,No internet service,No internet service,No internet service,Month-to-month,No,Electronic check,83.71,2358.09,Yes
CUST-03220,Female,0,No,No,58,Yes,No,Fiber optic,No,Yes,Yes,No,Yes,No,Month-to-month,Yes,Electronic check,38.47,2517.41,No
CUST-03221,Female,0,Yes,Yes,57,Yes,No,Fiber optic,Yes,No,No,No,No,No,Two year,No,Electronic check,35.39,1873.9,No
CUST-03222,Female,0,No,No,63,Yes,Yes,No,No internet service,No internet service,No internet service,No internet service,No internet service,No internet service,Month-to-month,Yes,Electronic check,88.66,5725.97,No
CUST-03223,Female,1,No,Yes,37,Yes,Yes,DSL,Yes,No,No,No,Yes,Yes,One year,No,Mailed check,35.72,1401.54,No
CUST-03224,Male,0,No,Yes,58,Yes,No,No,No internet service,No internet service,No internet service,No internet service,No internet service,No internet service,Month-to-month,Yes,Electronic check,21.49,1140.76,No
CUST-03225,Female,1,No,No,28,Yes,Yes,No,No internet service,No internet service,No internet service,No internet service,No internet service,No internet service,Month-to-month,No,Mailed check,79.18,1943.6,Yes
CUST-03226,Female,0,Yes,No,27,Yes,No,No,No internet service,No internet service,No internet service,No internet service,No internet service,No internet service,Two year,No,Electronic check,21.69,555.34,No
CUST-03227,Male,0,No,No,70,Yes,No,DSL,No,No,Yes,Yes,No,No,Two year,Yes,Mailed check,72.19,5747.63,No
CUST-03228,Female,1,No,No,37,Yes,Yes,No,No internet service,No internet service,No internet service,No internet service,No internet service,No internet service,Month-to-month,Yes,Bank transfer (automatic),99.14,4042.86,No
CUST-03229,Male,0,No,No,6,Yes,No,DSL,Yes,No,Yes,No,No,Yes,Two year,Yes,Credit card (automatic),22.68,120.28,No
CUST-03230,Female,0,Yes,No,62,Yes,Yes,Fiber optic,Yes,No,Yes,No,Yes,No,Month-to-month,No,Credit card (automatic),85.59,5905.12,Yes
CUST-03231,Female,0,No,No,33,Yes,Yes,DSL,No,No,No,Yes,Yes,Yes,Month-to-month,Yes,Bank transfer (automatic),25.57,884.77,No
CUST-03232,Female,0,Yes,No,40,Yes,No,No,No internet service,No internet service,No internet service,No internet service,No internet service,No internet service,Two year,No,Credit card (automatic),80.83,3227.43,No
CUST-03233,Male,0,Yes,No,41,Yes,No,Fiber optic,No,Yes,No,No,Yes,Yes,Month-to-month,Yes,Mailed check,105.79,4381.27,No
CUST-03234,Female,1,No,Yes,42,Yes,Yes,Fiber optic,No,No,Yes,No,Yes,No,Month-to-month,No,Bank transfer (automatic),61.41,2764.53,No
CUST-03235,Female,0,No,No,9,Yes,Yes,No,No internet service,No internet service,No internet service,No internet service,No internet service,No internet service,Two year,Yes,Credit card (automatic),56.23,506.3,No
CUST-03236,Female,0,No,No,18,Yes,No,DSL,Yes,Yes,No,No,No,No,Month-to-month,Yes,Bank transfer (automatic),100.91,1829.83,Yes
CUST-03237,Male,1,No,No,15,No,No phone service,Fiber optic,No,Yes,No,Yes,Yes,Yes,One year,Yes,Electronic check,81.32,1157.53,No
CUST-03238,Male,0,Yes,No,4,Yes,No,DSL,No,Yes,Yes,No,No,No,Month-to-month,No,Credit card (automatic),63.48,273.47,No
CUST-03239,Female,0,Yes,No,34,Yes,No,DSL,No,Yes,No,Yes,No,No,Month-to-month,No,Mailed check,81.47,2628.98,No
CUST-03240,Male,0,No,Yes,62,Yes,Yes,Fiber optic,No,Yes,No,Yes,No,Yes,Month-to-month,No,Electronic check,48.52,3350.36,Yes
CUST-03241,Female,0,Yes,Yes,38,Yes,No,Fiber optic,Yes,No,No,No,No,No,Month-to-month,Yes,Credit card (automatic),109.91,4507.76,No
CUST-03242,Female,0,No,No,71,Yes,Yes,DSL,Yes,Yes,Yes,Yes,Yes,Yes,Month-to-month,No,Mailed check,18.89,1333.74,No
CUST-03243,Female,1,Yes,No,23,Yes,No,Fiber optic,No,No,No,No,No,No,Month-to-month,Yes,Bank transfer (automatic),45.23,1063.64,No
CUST-03244,Female,0,Yes,No,20,Yes,Yes,Fiber optic,Yes,No,No,No,Yes,No,Two year,No,Credit card (automatic),102.5,2322.81,No
CUST-03245,Female,0,No,No,56,Yes,Yes,No,No internet service,No internet service,No internet service,No internet service,No internet service,No internet service,Two year,No,Electronic check,38.24,2139.72,No
CUST-03246,Female,0,Yes,No,53,Yes,No,No,No internet service,No internet service,No internet service,No internet service,No internet service,No internet service,Two year,Yes,Bank transfer (automatic),41.85,2400.63,No
CUST-03247,Female,0,No,Yes,2,Yes,No,Fiber optic,No,No,No,Yes,No,No,Month-to-month,No,Electronic check,74.7,135.31,Yes
CUST-03248,Male,0,Yes,No,21,Yes,No,No,No internet service,No internet service,No internet service,No internet service,No internet service,No internet service,Month-to-month,No,Bank transfer (automatic),86.2,1698.94,Yes
CUST-03249,Male,0,Yes,No,42,Yes,Yes,No,No internet service,No internet service,No internet service,No internet service,No internet service,No internet service,Month-to-month,Yes,Mailed check,22.45,838.13,No
CUST-03250,Male,0,No,No,57,Yes,No,Fiber optic,Yes,No,No,Yes,No,No,Month-to-month,Yes,Credit card (automatic),101.49,5585.13,No
CUST-03251,Male,0,Yes,No,49,No,No phone service,No,No internet service,No internet service,No internet service,No internet service,No internet service,No internet service,Month-to-month,Yes,Credit card (automatic),75.37,4170.38,Yes
CUST-03252,Male,0,No,No,10,No,No phone service,No,No internet service,No internet service,No internet service,No internet service,No internet service,No internet service,Month-to-month,No,Bank transfer (automatic),23.04,199.88,No
CUST-03253,Male,0,Yes,No,72,Yes,Yes,DSL,Yes,No,No,No,Yes,No,One year,No,Bank transfer (automatic),72.42,5585.08,No
CUST-03254,Male,0,Yes,No,61,Yes,No,Fiber optic,No,No,No,No,Yes,Yes,One year,Yes,Electronic check,34.71,2337.09,No
CUST-03255,Female,0,No,No,21,Yes,Yes,DSL,No,No,No,No,No,No,Month-to-month,Yes,Mailed check,32.42,685.78,Yes
CUST-03256,Female,0,No,No,60,Yes,Yes,Fiber optic,No,No,Yes,No,Yes,No,Month-to-month,No,Electronic check,74.65,4772.83,No
CUST-03257,Female,0,Yes,No,13,Yes,No,Fiber optic,Yes,Yes,No,No,Yes,No,Month-to-month,Yes,Electronic check,89.24,1304.91,Yes
CUST-03258,Female,0,No,Yes,48,Yes,No,No,No internet service,No internet service,No internet service,No internet service,No internet service,No internet service,Two year,Yes,Mailed check,46.99,2343.32,Yes
CUST-03259,Male,0,No,No,40,Yes,Yes,Fiber optic,No,No,No,Yes,No,No,One year,Yes,Electronic check,109.6,4935.04,No
CUST-03260,Male,0,Yes,No,63,No,No phone service,Fiber optic,No,No,No,Yes,No,No,Month-to-month,No,Electronic check,60.58,3540.49,Yes
CUST-03261,Female,0,Yes,Yes,9,Yes,Yes,DSL,No,No,No,Yes,No,No,Month-to-month,Yes,Electronic check,55.01,423.5,No
CUST-03262,Female,0,No,No,57,Yes,No,DSL,No,Yes,No,No,No,No,Two year,No,Electronic check,76.16,3916.32,No
CUST-03263,Male,0,Yes,No,51,Yes,No,Fiber optic,No,No,No,Yes,No,No,Two year,No,Electronic check,97.09,5602.13,No
CUST-03264,Female,0,Yes,Yes,40,Yes,No,No,No internet service,No internet service,No internet service,No internet service,No internet service,No internet service,One year,No,Electronic check,26.28,1046.01,No
CUST-03265,Female,0,No,Yes,64,Yes,No,Fiber optic,No,Yes,No,No,No,Yes,Month-to-month,No,Mailed check,103.49,6557.05,No
CUST-03266,Female,1,Yes,No,70,Yes,Yes,No,No internet service,No internet service,No internet service,No internet service,No internet service,No internet service,One year,Yes,Electronic check,68.44,5291.08,No
CUST-03267,Female,1,No,Yes,64,Yes,No,No,No internet service,No internet service,No internet service,No internet service,No internet service,No internet service,One year,Yes,Mailed check,70.64,4948.17,No
CUST-03268,Male,0,No,No,25,Yes,No,DSL,No,Yes,No,No,No,No,One year,Yes,Electronic check,101.8,2509.98,No
CUST-03269,Female,0,No,No,28,Yes,Yes,DSL,Yes,No,Yes,No,No,Yes,Two year,No,Electronic check,74.33,2232.3,No
CUST-03270,Female,0,No,No,10,Yes,Yes,Fiber optic,Yes,Yes,No,No,Yes,Yes,Month-to-month,Yes,Credit card (automatic),63.13,633.01,Yes
CUST-03271,Male,0,Yes,Yes,28,Yes,No,DSL,Yes,No,No,No,No,No,Month-to-month,Yes,Electronic check,101.44,2695.95,No
CUST-03272,Male,0,Yes,No,36,Yes,No,DSL,No,No,Yes,No,Yes,No,Month-to-month,Yes,Electronic check,115.23,4056.2,No
CUST-03273,Female,0,Yes,No,11,Yes,Yes,DSL,No,No,Yes,No,Yes,No,Month-to-month,No,Bank transfer (automatic),93.67,1089.56,No
CUST-03274,Male,0,No,Yes,21,Yes,No,DSL,Yes,Yes,No,No,No,No,Two year,No,Electronic check,110.2,2149.53,No
CUST-03275,Female,0,Yes,No,26,Yes,Yes,Fiber optic,No,Yes,No,Yes,No,Yes,Month-to-month,Yes,Bank transfer (automatic),96.38,2252.53,Yes
CUST-03276,Female,1,Yes,No,18,Yes,No,Fiber optic,No,No,Yes,Yes,No,Yes,Month-to-month,Yes,Mailed check,97.66,1623.36,No
CUST-03277,Male,0,No,Yes,68,Yes,No,DSL,No,Yes,No,No,Yes,No,Two year,No,Bank transfer (automatic),40.5,3075.72,No
CUST-03278,Female,0,No,No,41,Yes,No,DSL,No,Yes,Yes,Yes,No,No,Two year,No,Electronic check,111.52,4726.53,No
CUST-03279,Female,0,Yes,No,15,Yes,Yes,Fiber optic,Yes,Yes,No,Yes,No,No,Month-to-month,Yes,Bank transfer (automatic),29.72,421.27,No
CUST-03280,Female,0,Yes,Yes,23,Yes,No,Fiber optic,No,No,No,No,No,No,One year,Yes,Credit card (automatic),71.65,1702.51,Yes
CUST-03281,Female,0,No,No,41,No,No phone service,No,No internet service,No internet service,No internet service,No internet service,No internet service,No internet service,Month-to-month,Yes,Credit card (automatic),19.54,884.26,Yes
CUST-03282,Male,0,No,No,6,Yes,Yes,DSL,No,No,No,No,Yes,No,Month-to-month,Yes,Bank transfer (automatic),54.91,319.82,No
CUST-03283,Male,0,Yes,Yes,71,Yes,No,DSL,No,Yes,Yes,Yes,No,Yes,Two year,Yes,Electronic check,87.23,5608.7,No
CUST-03284,Female,0,Yes,Yes,60,Yes,No,Fiber optic,No,No,No,No,Yes,No,Month-to-month,No,Credit card (automatic),21.78,1209.86,No
CUST-03285,Male,0,No,Yes,52,Yes,No,DSL,Yes,No,No,No,No,No,Two year,No,Credit card (automatic),25.48,1420.85,No
CUST-03286,Female,1,No,Yes,9,Yes,No,Fiber optic,No,No,No,No,No,No,Month-to-month,Yes,Electronic check,71.89,595.46,No
CUST-03287,Female,0,No,Yes,30,Yes,No,No,No internet service,No internet service,No internet service,No internet service,No internet service,No internet service,Month-to-month,Yes,Credit card (automatic),24.16,682.08,Yes
CUST-03288,Female,0,Yes,No,44,Yes,No,DSL,Yes,No,No,No,No,No,Month-to-month,No,Electronic check,49.0,2426.29,Yes
CUST-03289,Female,0,Yes,Yes,62,Yes,Yes,DSL,No,No,No,No,No,No,Two year,No,Mailed check,94.75,6067.4,Yes
CUST-03290,Female,0,No,No,43,Yes,No,DSL,No,No,No,Yes,Yes,Yes,One year,No,Credit card (automatic),50.38,1912.84,No
CUST-03291,Male,0,Yes,No,28,Yes,No,DSL,Yes,No,No,No,Yes,No,Two year,Yes,Credit card (automatic),58.05,1767.54,No
CUST-03292,Female,0,Yes,No,8,Yes,No,DSL,No,Yes,No,No,Yes,No,Month-to-month,Yes,Mailed check,95.57,701.88,No
CUST-03293,Male,0,Yes,No,51,Yes,No,DSL,No,Yes,No,No,No,No,Month-to-month,No,Credit card (automatic),33.17,1681.0,No
CUST-03294,Male,0,No,No,30,No,No phone service,Fiber optic,No,No,Yes,No,Yes,No,Two year,No,Electronic check,102.35,2620.88,Yes
CUST-03295,Female,0,No,Yes,11,No,No phone service,DSL,No,No,No,No,Yes,No,Month-to-month,Yes,Bank transfer (automatic),19.24,240.67,No
CUST-03296,Female,0,No,Yes,20,Yes,No,DSL,No,Yes,No,Yes,No,No,Month-to-month,No,Mailed check,42.05,924.02,No
CUST-03297,Female,1,No,Yes,31,No,No phone service,Fiber optic,No,No,No,Yes,No,Yes,One year,Yes,Mailed check,59.0,2094.88,No
CUST-03298,Female,0,No,No,34,Yes,No,Fiber optic,No,No,No,Yes,No,Yes,Month-to-month,Yes,Electronic check,39.82,1409.88,Yes
CUST-03299,Female,0,No,No,12,Yes,No,Fiber optic,Yes,No,No,No,No,No,Two year,No,Electronic check,102.01,1321.64,Yes
CUST-03300,Male,0,Yes,No,48,No,No phone service,Fiber optic,No,No,Yes,No,No,Yes,Two year,No,Bank transfer (automatic),111.6,4745.88,Yes
CUST-03301,Female,1,Yes,No,28,Yes,No,Fiber optic,No,Yes,No,Yes,No,No,One year,No,Bank transfer (automatic),47.43,1271.49,No
CUST-03302,Female,0,No,No,67,Yes,Yes,Fiber optic,No,No,No,No,Yes,Yes,Month-to-month,Yes,Bank transfer (automatic),31.04,1979.94,No
CUST-03303,Male,0,Yes,Yes,63,Yes,No,Fiber optic,No,No,Yes,Yes,Yes,Yes,Month-to-month,Yes,Mailed check,99.6,5532.98,No
CUST-03304,Male,0,No,No,48,Yes,No,DSL,Yes,No,No,Yes,Yes,No,One year,Yes,Bank transfer (automatic),118.17,5399.07,No
CUST-03305,Female,0,Yes,No,42,Yes,No,No,No internet service,No internet service,No internet service,No internet service,No internet service,No internet service,Month-to-month,No,Mailed check,78.75,3452.7,No
CUST-03306,Male,0,Yes,Yes,52,Yes,No,DSL,No,Yes,Yes,No,No,No,Two year,Yes,Bank transfer (automatic),117.28,5545.09,No
CUST-03307,Female,0,No,Yes,5,Yes,No,No,No internet service,No internet service,No internet service,No internet service,No internet service,No internet service,Month-to-month,Yes,Electronic check,20.52,95.91,Yes
CUST-03308,Male,1,No,No,12,Yes,No,Fiber optic,No,No,No,No,Yes,No,Month-to-month,Yes,Mailed check,96.05,1092.43,No
CUST-03309,Male,0,No,No,59,No,No phone service,Fiber optic,Yes,No,No,Yes,No,No,One year,No,Electronic check,68.83,4601.13,No
CUST-03310,Female,1,No,No,65,Yes,No,Fiber optic,No,No,Yes,Yes,Yes,No,Month-to-month,Yes,Credit card (automatic),58.06,4093.62,No
CUST-03311,Male,0,Yes,No,52,Yes,No,Fiber optic,No,Yes,No,No,No,Yes,One year,Yes,Credit card (automatic),76.9,3557.28,No
CUST-03312,Male,0,Yes,No,43,Yes,No,Fiber optic,Yes,No,No,No,No,No,Two year,Yes,Mailed check,42.44,2051.16,No
CUST-03313,Male,1,No,No,63,Yes,Yes,Fiber optic,No,No,No,No,Yes,No,Month-to-month,Yes,Mailed check,65.92,4509.6,No
CUST-03314,Male,0,Yes,Yes,50,Yes,No,DSL,No,No,Yes,Yes,No,Yes,Month-to-month,Yes,Mailed check,68.9,3358.41,No
CUST-03315,Male,0,Yes,No,39,Yes,No,DSL,No,Yes,No,No,No,No,Month-to-month,Yes,Electronic check,94.72,3415.47,No
CUST-03316,Male,0,Yes,No,42,Yes,No,DSL,Yes,No,No,No,No,Yes,One year,Yes,Electronic check,74.61,2974.17,No
CUST-03317,Female,0,Yes,Yes,17,Yes,Yes,DSL,No,Yes,No,Yes,No,Yes,Two year,Yes,Credit card (automatic),74.04,1254.95,No
CUST-03318,Female,0,No,No,43,Yes,Yes,DSL,No,No,No,Yes,Yes,Yes,Two year,No,Electronic check,21.78,984.27,No
CUST-03319,Male,0,No,No,49,Yes,Yes,No,No internet service,No internet service,No internet service,No internet service,No internet service,No internet service,Month-to-month,Yes,Credit card (automatic),103.01,5621.3,Yes
CUST-03320,Female,0,No,No,5,Yes,No,Fiber optic,Yes,Yes,No,No,No,Yes,Month-to-month,No,Electronic check,62.74,274.07,Yes
CUST-03321,Female,0,No,No,1,Yes,Yes,Fiber optic,Yes,No,Yes,Yes,No,Yes,Two year,Yes,Bank transfer (automatic),106.4,102.55,Yes
CUST-03322,Female,0,Yes,No,67,Yes,No,Fiber optic,No,Yes,No,Yes,Yes,No,Month-to-month,No,Electronic check,103.48,7109.7,Yes
CUST-03323,Male,0,Yes,No,24,Yes,No,No,No internet service,No internet service,No internet service,No internet service,No internet service,No internet service,Month-to-month,Yes,Bank transfer (automatic),77.75,1952.71,No
CUST-03324,Female,0,Yes,No,29,Yes,Yes,Fiber optic,No,No,No,No,No,Yes,Month-to-month,No,Bank transfer (automatic),19.48,542.24,Yes
CUST-03325,Male,0,Yes,No,15,Yes,No,Fiber optic,No,Yes,No,No,Yes,Yes,Two year,No,Credit card (automatic),61.52,871.6,Yes
CUST-03326,Female,0,Yes,No,4,Yes,No,DSL,No,Yes,No,Yes,Yes,No,Month-to-month,Yes,Electronic check,44.69,176.93,Yes
CUST-03327,Male,0,Yes,No,44,Yes,Yes,Fiber optic,No,No,Yes,Yes,Yes,No,Month-to-month,No,Bank transfer (automatic),35.41,1489.61,No
CUST-03328,Male,0,No,No,65,Yes,No,Fiber optic,No,No,No,Yes,No,Yes,Two year,Yes,Electronic check,71.99,4874.57,No
CUST-03329,Female,1,No,No,31,Yes,Yes,DSL,No,No,No,No,No,No,Two year,No,Credit card (automatic),55.2,1528.77,No
CUST-03330,Female,0,No,Yes,20,No,No phone service,Fiber optic,Yes,No,No,No,Yes,No,Month-to-month,Yes,Mailed check,92.63,1697.52,Yes
CUST-03331,Male,0,No,Yes,10,Yes,No,Fiber optic,No,Yes,Yes,No,Yes,No,Month-to-month,Yes,Electronic check,43.0,374.37,No
CUST-03332,Female,0,Yes,No,11,Yes,No,DSL,No,Yes,No,No,No,Yes,One year,No,Bank transfer (automatic),74.1,752.5,No
CUST-03333,Female,0,Yes,No,28,Yes,No,Fiber optic,Yes,Yes,Yes,No,No,Yes,Month-to-month,Yes,Mailed check,68.99,2053.11,Yes
CUST-03334,Female,0,Yes,No,38,No,No phone service,Fiber optic,Yes,No,No,No,No,Yes,One year,Yes,Electronic check,59.28,1950.34,No
CUST-03335,Male,0,Yes,No,24,Yes,No,Fiber optic,Yes,Yes,No,No,No,Yes,Two year,No,Mailed check,104.85,2577.59,No
CUST-03336,Male,0,Yes,No,39,Yes,No,DSL,No,No,No,Yes,No,No,Month-to-month,Yes,Credit card (automatic),79.07,3003.95,No
CUST-03337,Female,1,Yes,No,51,Yes,No,Fiber optic,No,Yes,Yes,Yes,No,No,Two year,No,Electronic check,95.79,5318.11,Yes
CUST-03338,Female,0,No,No,50,Yes,No,Fiber optic,No,No,No,No,No,Yes,Two year,Yes,Credit card (automatic),99.64,5481.48,Yes
CUST-03339,Female,0,No,No,7,Yes,Yes,Fiber optic,No,No,Yes,No,Yes,Yes,Month-to-month,No,Credit card (automatic),33.14,262.84,Yes
CUST-03340,Male,0,No,No,68,Yes,No,No,No internet service,No internet service,No internet service,No internet service,No internet service,No internet service,Two year,No,Mailed check,25.64,1711.54,No
CUST-03341,Male,1,Yes,No,53,Yes,No,DSL,No,No,No,No,No,Yes,Month-to-month,Yes,Mailed check,26.8,1608.64,No
CUST-03342,Female,0,No,No,37,Yes,No,DSL,No,No,No,No,No,No,Two year,Yes,Mailed check,63.96,2095.83,No
CUST-03343,Female,0,No,No,54,Yes,No,DSL,No,Yes,Yes,No,Yes,No,One year,Yes,Bank transfer (automatic),57.06,2709.18,No
CUST-03344,Female,0,No,No,55,Yes,No,Fiber optic,No,No,Yes,No,No,No,Month-to-month,No,Electronic check,113.7,5835.77,Yes
CUST-03345,Female,0,Yes,Yes,31,Yes,No,DSL,Yes,No,Yes,Yes,Yes,No,Month-to-month,Yes,Electronic check,61.27,2090.19,No
CUST-03346,Female,0,No,Yes,65,Yes,Yes,Fiber optic,No,No,No,No,Yes,Yes,Month-to-month,Yes,Mailed check,32.97,1866.5,No
CUST-03347,Female,0,No,No,59,Yes,Yes,No,No internet service,No internet service,No internet service,No internet service,No internet service,No internet service,Month-to-month,Yes,Mailed check,34.78,1936.73,Yes
CUST-03348,Male,0,Yes,Yes,47,Yes,No,DSL,No,No,No,No,No,No,Two year,Yes,Bank transfer (automatic),52.3,2768.21,No
CUST-03349,Female,0,Yes,No,49,Yes,No,No,No internet service,No internet service,No internet service,No internet service,No internet service,No internet service,Month-to-month,No,Electronic check,103.68,5172.35,Yes
CUST-03350,Male,0,Yes,Yes,18,Yes,Yes,Fiber optic,Yes,No,Yes,No,No,Yes,Two year,Yes,Bank transfer (automatic),87.6,1358.13,No
CUST-03351,Female,0,No,No,3,Yes,No,DSL,No,No,No,No,Yes,No,Month-to-month,Yes,Electronic check,95.61,268.26,Yes
CUST-03352,Female,0,No,Yes,18,Yes,No,Fiber optic,Yes,No,No,No,Yes,No,Month-to-month,No,Mailed check,49.86,937.09,Yes
CUST-03353,Male,0,Yes,Yes,58,No,No phone service,DSL,Yes,Yes,No,Yes,No,No,Month-to-month,No,Electronic check,68.75,3412.43,No
CUST-03354,Male,0,Yes,Yes,71,Yes,No,Fiber optic,No,Yes,No,Yes,No,No,One year,No,Credit card (automatic),108.54,7679.11,No
CUST-03355,Male,0,No,No,25,Yes,Yes,No,No internet service,No internet service,No internet service,No internet service,No internet service,No internet service,Month-to-month,Yes,Mailed check,86.18,2474.0,No
CUST-03356,Male,0,Yes,No,18,Yes,Yes,No,No internet service,No internet service,No internet service,No internet service,No internet service,No internet service,Month-to-month,No,Electronic check,88.86,1519.64,Yes
CUST-03357,Female,0,Yes,No,52,Yes,No,DSL,Yes,No,Yes,No,No,No,Two year,Yes,Electronic check,32.73,1563.93,No
CUST-03358,Male,0,Yes,No,43,Yes,Yes,DSL,Yes,No,No,No,Yes,No,Two year,No,Credit card (automatic),82.77,3113.44,No
CUST-03359,Female,0,No,No,67,Yes,No,No,No internet service,No internet service,No internet service,No internet service,No internet service,No internet service,Month-to-month,Yes,Credit card (automatic),81.75,4698.61,No
CUST-03360,Male,0,No,No,7,Yes,No,No,No internet service,No internet service,No internet service,No internet service,No internet service,No internet service,Month-to-month,Yes,Bank transfer (automatic),95.23,728.79,Yes
CUST-03361,Female,0,Yes,No,44,Yes,No,Fiber optic,Yes,No,Yes,No,Yes,No,Month-to-month,No,Bank transfer (automatic),85.3,3500.44,No
CUST-03362,Female,0,No,Yes,44,Yes,No,Fiber optic,No,No,No,Yes,Yes,No,One year,No,Electronic check,89.12,3369.37,No
CUST-03363,Female,1,No,Yes,51,Yes,Yes,Fiber optic,Yes,No,No,No,Yes,No,One year,Yes,Bank transfer (automatic),99.3,5177.66,No
CUST-03364,Female,0,Yes,No,21,Yes,No,Fiber optic,No,No,No,No,No,Yes,Month-to-month,Yes,Electronic check,94.16,1807.24,Yes
CUST-03365,Female,1,No,Yes,37,Yes,No,No,No internet service,No internet service,No internet service,No internet service,No internet service,No internet service,One year,Yes,Credit card (automatic),87.1,2838.01,No
CUST-03366,Female,0,Yes,No,28,Yes,Yes,DSL,No,No,No,No,Yes,No,One year,No,Mailed check,60.24,1636.76,No
CUST-03367,Male,1,No,No,32,Yes,Yes,Fiber optic,No,No,No,No,Yes,No,Two year,No,Credit card (automatic),30.6,862.99,No
CUST-03368,Female,0,Yes,No,57,Yes,No,Fiber optic,No,No,Yes,Yes,No,No,Two year,Yes,Mailed check,50.21,2516.19,No
CUST-03369,Male,0,No,Yes,41,Yes,No,No,No internet service,No internet service,No internet service,No internet service,No internet service,No internet service,Two year,Yes,Electronic check,88.59,3586.28,No
CUST-03370,Male,0,Yes,No,54,Yes,No,No,No internet service,No internet service,No internet service,No internet service,No internet service,No internet service,Month-to-month,No,Credit card (automatic),117.23,5620.94,No
CUST-03371,Female,0,No,No,27,Yes,Yes,DSL,No,No,No,Yes,No,Yes,One year,No,Credit card (automatic),38.96,1062.67,No
CUST-03372,Male,0,Yes,No,40,Yes,No,No,No internet service,No internet service,No internet service,No internet service,No internet service,No internet service,One year,No,Electronic check,33.58,1424.92,No
CUST-03373,Female,0,No,No,41,Yes,Yes,No,No internet service,No internet service,No internet service,No internet service,No internet service,No internet service,Two year,Yes,Electronic check,67.17,2538.65,No
CUST-03374,Male,0,Yes,Yes,70,Yes,No,DSL,No,Yes,No,No,No,No,Month-to-month,Yes,Electronic check,99.01,7454.68,No
CUST-03375,Female,0,No,No,24,Yes,No,No,No internet service,No internet service,No internet service,No internet service,No internet service,No internet service,Month-to-month,Yes,Bank transfer (automatic),24.58,540.37,No
CUST-03376,Male,0,No,No,18,Yes,Yes,Fiber optic,No,No,No,No,Yes,Yes,Month-to-month,No,Electronic check,104.48,2086.31,Yes
CUST-03377,Female,0,Yes,Yes,56,Yes,Yes,Fiber optic,Yes,No,No,Yes,Yes,Yes,One year,Yes,Credit card (automatic),36.01,1756.44,No
CUST-03378,Female,0,No,Yes,15,Yes,No,No,No internet service,No internet service,No internet service,No internet service,No internet service,No internet service,Month-to-month,Yes,Credit card (automatic),72.97,1220.63,No
CUST-03379,Female,0,Yes,No,72,Yes,Yes,No,No internet service,No internet service,No internet service,No internet service,No internet service,No internet service,Month-to-month,No,Bank transfer (automatic),77.59,5236.67,No
CUST-03380,Female,0,No,No,35,Yes,No,DSL,No,Yes,Yes,Yes,Yes,No,Month-to-month,Yes,Credit card (automatic),52.54,1915.02,No
CUST-03381,Male,1,No,No,27,Yes,Yes,No,No internet service,No internet service,No internet service,No internet service,No internet service,No internet service,Two year,No,Electronic check,70.62,1757.44,No
CUST-03382,Female,0,Yes,Yes,3,Yes,No,DSL,Yes,No,No,No,No,No,Month-to-month,Yes,Electronic check,57.71,163.08,No
CUST-03383,Male,0,No,No,21,Yes,Yes,Fiber optic,Yes,No,No,No,No,No,Month-to-month,Yes,Mailed check,110.95,2252.68,No
CUST-03384,Male,0,Yes,No,39,Yes,No,DSL,No,Yes,No,No,Yes,No,Two year,No,Credit card (automatic),20.66,791.4,No
CUST-03385,Male,0,Yes,No,32,Yes,No,DSL,No,Yes,No,Yes,Yes,Yes,Month-to-month,Yes,Bank transfer (automatic),105.51,2950.43,No
CUST-03386,Female,0,No,No,50,Yes,Yes,No,No internet service,No internet service,No internet service,No internet service,No internet service,No internet service,Month-to-month,Yes,Bank transfer (automatic),25.99,1119.79,No
CUST-03387,Male,0,No,No,9,Yes,Yes,Fiber optic,No,No,No,Yes,No,Yes,One year,Yes,Credit card (automatic),72.94,722.25,Yes
CUST-03388,Male,0,Yes,Yes,50,Yes,No,Fiber optic,Yes,Yes,Yes,Yes,Yes,Yes,Month-to-month,Yes,Bank transfer (automatic),118.56,6004.74,Yes
CUST-03389,Male,1,Yes,No,1,No,No phone service,DSL,No,Yes,No,No,Yes,No,One year,No,Mailed check,39.08,34.91,No
CUST-03390,Female,0,No,No,4,Yes,Yes,Fiber optic,No,No,No,Yes,No,No,Month-to-month,Yes,Bank transfer (automatic),61.14,230.59,No
CUST-03391,Female,0,Yes,No,4,Yes,Yes,Fiber optic,No,No,No,No,Yes,Yes,One year,Yes,Bank transfer (automatic),63.52,222.3,No
CUST-03392,Male,1,No,No,34,Yes,Yes,Fiber optic,No,No,No,No,No,No,Month-to-month,Yes,Credit card (automatic),85.95,2625.85,Yes
CUST-03393,Female,0,No,No,27,Yes,No,DSL,Yes,No,No,No,No,Yes,Month-to-month,No,Bank transfer (automatic),49.67,1298.68,No
CUST-03394,Female,0,Yes,No,15,No,No phone service,DSL,Yes,Yes,No,No,No,No,Month-to-month,No,Electronic check,101.13,1547.88,No
CUST-03395,Male,0,Yes,No,32,Yes,No,No,No internet service,No internet service,No internet service,No internet service,No internet service,No internet service,Month-to-month,No,Electronic check,39.41,1318.66,No
CUST-03396,Male,0,No,Yes,41,Yes,No,DSL,No,Yes,Yes,Yes,Yes,No,Two year,Yes,Mailed check,118.33,5017.51,No
CUST-03397,Female,0,Yes,No,71,Yes,Yes,Fiber optic,No,Yes,Yes,No,No,No,Month-to-month,No,Bank transfer (automatic),102.75,6563.74,No
CUST-03398,Male,0,No,Yes,61,Yes,Yes,DSL,Yes,No,Yes,Yes,No,Yes,Month-to-month,Yes,Bank transfer (automatic),21.65,1266.0,No
CUST-03399,Female,0,No,No,63,Yes,No,DSL,No,Yes,Yes,No,No,No,Two year,No,Bank transfer (automatic),88.66,5830.95,No
CUST-03400,Female,1,No,Yes,61,Yes,No,DSL,Yes,No,No,No,Yes,Yes,Month-to-month,No,Electronic check,33.42,2007.31,No
CUST-03401,Female,0,Yes,No,14,No,No phone service,No,No internet service,No internet service,No internet service,No internet service,No internet service,No internet service,Month-to-month,Yes,Credit card (automatic),99.99,1455.68,Yes
CUST-03402,Female,1,Yes,No,23,No,No phone service,No,No internet service,No internet service,No internet service,No internet service,No internet service,No internet service,Month-to-month,No,Electronic check,56.3,1366.3,No
CUST-03403,Female,1,No,No,65,Yes,Yes,Fiber optic,No,Yes,No,Yes,Yes,Yes,Month-to-month,No,Bank transfer (automatic),43.92,2700.32,No
CUST-03404,Female,0,No,Yes,32,Yes,No,Fiber optic,Yes,No,Yes,No,No,No,Month-to-month,Yes,Electronic check,27.64,821.68,Yes
CUST-03405,Male,0,No,No,41,Yes,Yes,Fiber optic,No,No,No,No,Yes,Yes,Month-to-month,No,Bank transfer (automatic),45.58,1846.03,No
CUST-03406,Male,0,Yes,No,26,Yes,No,DSL,Yes,No,No,Yes,No,Yes,Month-to-month,No,Mailed check,24.0,614.38,Yes
CUST-03407,Female,0,No,Yes,48,Yes,No,Fiber optic,Yes,No,No,No,Yes,No,Month-to-month,No,Electronic check,117.75,6350.3,No
CUST-03408,Female,0,Yes,No,16,Yes,No,Fiber optic,Yes,No,Yes,No,No,No,Month-to-month,Yes,Electronic check,44.71,805.25,No
CUST-03409,Female,1,No,No,31,Yes,Yes,Fiber optic,No,No,No,No,Yes,No,One year,No,Mailed check,48.52,1396.21,No
CUST-03410,Male,0,No,No,66,Yes,No,Fiber optic,No,No,No,Yes,Yes,No,Month-to-month,Yes,Mailed check,53.75,3077.65,No
CUST-03411,Female,0,No,No,32,Yes,Yes,Fiber optic,No,Yes,No,No,Yes,Yes,One year,No,Mailed check,60.93,2052.67,No
CUST-03412,Male,0,Yes,No,10,Yes,Yes,No,No internet service,No internet service,No internet service,No internet service,No internet service,No internet service,Two year,Yes,Bank transfer (automatic),51.69,443.8,No
CUST-03413,Female,0,No,No,25,No,No phone service,DSL,No,No,Yes,No,No,No,Month-to-month,No,Bank transfer (automatic),76.84,1906.12,Yes
CUST-03414,Female,0,Yes,No,45,Yes,No,DSL,No,Yes,No,No,Yes,Yes,Month-to-month,No,Credit card (automatic),79.57,3708.52,Yes
CUST-03415,Male,0,No,Yes,24,Yes,No,No,No internet service,No internet service,No internet service,No internet service,No internet service,No internet service,One year,Yes,Electronic check,22.81,495.0,No
CUST-03416,Male,0,Yes,Yes,3,Yes,Yes,DSL,No,No,No,No,No,Yes,Month-to-month,Yes,Electronic check,74.8,210.5,No
CUST-03417,Female,0,Yes,No,62,Yes,No,Fiber optic,Yes,No,Yes,No,Yes,No,Month-to-month,Yes,Electronic check,105.85,7521.18,No
CUST-03418,Female,0,Yes,No,67,Yes,Yes,Fiber optic,Yes,No,No,No,Yes,No,Month-to-month,No,Electronic check,33.99,2076.19,No
CUST-03419,Female,0,No,Yes,55,Yes,Yes,DSL,No,No,No,Yes,Yes,No,Month-to-month,Yes,Electronic check,51.45,2424.59,No
CUST-03420,Male,0,No,No,10,Yes,No,DSL,Yes,No,No,No,No,Yes,Month-to-month,Yes,Mailed check,79.27,714.84,Yes
CUST-03421,Male,0,No,No,55,Yes,Yes,Fiber optic,Yes,No,No,No,No,No,One year,Yes,Electronic check,81.05,3998.73,Yes
CUST-03422,Male,0,No,Yes,22,Yes,Yes,DSL,No,No,No,No,Yes,Yes,Month-to-month,Yes,Mailed check,25.68,543.86,No
CUST-03423,Male,0,No,Yes,14,Yes,Yes,No,No internet service,No internet service,No internet service,No internet service,No internet service,No internet service,Month-to-month,No,Bank transfer (automatic),61.08,933.96,No
CUST-03424,Male,0,Yes,No,8,Yes,Yes,Fiber optic,No,Yes,Yes,No,No,No,Two year,No,Bank transfer (automatic),22.05,176.49,No
CUST-03425,Male,1,No,No,15,Yes,No,DSL,Yes,No,Yes,No,No,No,Month-to-month,Yes,Mailed check,111.55,1811.49,Yes
CUST-03426,Female,0,No,No,15,Yes,No,DSL,Yes,Yes,No,No,No,No,Month-to-month,Yes,Credit card (automatic),86.29,1461.37,Yes
CUST-03427,Female,0,Yes,No,52,No,No phone service,No,No internet service,No internet service,No internet service,No internet service,No internet service,No internet service,Month-to-month,Yes,Electronic check,28.28,1273.4,No
CUST-03428,Male,1,Yes,No,70,Yes,Yes,Fiber optic,No,No,No,No,No,No,Month-to-month,Yes,Credit card (automatic),83.86,5626.57,No
CUST-03429,Female,0,Yes,No,54,Yes,No,Fiber optic,Yes,No,No,Yes,No,Yes,Month-to-month,Yes,Electronic check,28.17,1532.26,No
CUST-03430,Female,0,Yes,Yes,42,Yes,No,DSL,Yes,No,No,No,No,No,Two year,Yes,Mailed check,23.91,1003.55,No
CUST-03431,Male,1,Yes,No,19,Yes,No,Fiber optic,Yes,No,No,Yes,No,Yes,Month-to-month,Yes,Electronic check,39.88,830.33,No
CUST-03432,Female,0,Yes,No,40,Yes,No,No,No internet service,No internet service,No internet service,No internet service,No internet service,No internet service,Month-to-month,No,Credit card (automatic),116.03,4418.8,No
CUST-03433,Male,0,No,No,69,Yes,No,Fiber optic,No,No,Yes,No,No,Yes,Two year,Yes,Bank transfer (automatic),76.45,4516.63,No
CUST-03434,Male,1,Yes,No,27,Yes,Yes,DSL,No,No,No,Yes,Yes,No,Month-to-month,No,Bank transfer (automatic),50.96,1369.3,Yes
CUST-03435,Female,0,Yes,Yes,43,Yes,No,No,No internet service,No internet service,No internet service,No internet service,No internet service,No internet service,Month-to-month,No,Credit card (automatic),24.85,1075.99,No
CUST-03436,Male,0,No,No,52,Yes,Yes,DSL,No,Yes,Yes,Yes,Yes,Yes,Month-to-month,Yes,Bank transfer (automatic),19.82,1080.04,No
CUST-03437,Male,0,No,No,46,Yes,Yes,Fiber optic,No,No,Yes,No,No,Yes,One year,Yes,Credit card (automatic),108.12,5183.39,No
CUST-03438,Male,0,Yes,No,14,Yes,Yes,No,No internet service,No internet service,No internet service,No internet service,No internet service,No internet service,One year,No,Mailed check,66.53,1064.57,No
CUST-03439,Male,0,No,Yes,64,Yes,No,No,No internet service,No internet service,No internet service,No internet service,No internet service,No internet service,Two year,Yes,Bank transfer (automatic),27.42,1919.53,No
CUST-03440,Male,0,Yes,No,61,Yes,Yes,Fiber optic,No,No,No,No,No,Yes,Two year,Yes,Electronic check,73.04,4641.36,No
CUST-03441,Male,1,Yes,No,58,Yes,No,No,No internet service,No internet service,No internet service,No internet service,No internet service,No internet service,Month-to-month,No,Electronic check,24.81,1626.09,No
CUST-03442,Male,1,Yes,Yes,49,Yes,Yes,Fiber optic,No,No,Yes,No,Yes,Yes,Month-to-month,No,Mailed check,58.98,2489.96,No
CUST-03443,Male,1,No,Yes,29,Yes,No,DSL,No,No,Yes,No,No,Yes,Two year,No,Electronic check,109.78,3238.84,No
CUST-03444,Female,0,No,No,26,Yes,Yes,Fiber optic,No,No,No,Yes,No,No,Two year,Yes,Mailed check,111.34,2776.07,No
CUST-03445,Female,0,No,Yes,27,Yes,No,Fiber optic,No,Yes,No,No,Yes,No,Month-to-month,No,Mailed check,113.97,3501.92,Yes
CUST-03446,Female,1,No,No,67,Yes,No,Fiber optic,No,Yes,No,No,Yes,No,One year,Yes,Electronic check,32.59,2028.35,No
CUST-03447,Male,1,No,No,67,No,No phone service,DSL,No,No,No,No,No,Yes,Month-to-month,Yes,Credit card (automatic),36.68,2260.96,No
CUST-03448,Male,0,No,No,35,Yes,No,No,No internet service,No internet service,No internet service,No internet service,No internet service,No internet service,Month-to-month,Yes,Credit card (automatic),103.77,3121.42,No
CUST-03449,Female,0,No,No,60,Yes,Yes,DSL,Yes,No,No,Yes,No,No,Month-to-month,No,Electronic check,28.55,1540.26,No
CUST-03450,Female,0,Yes,No,61,Yes,No,Fiber optic,No,Yes,No,No,Yes,No,One year,Yes,Mailed check,19.5,1131.02,No
CUST-03451,Female,0,Yes,No,70,Yes,No,No,No internet service,No internet service,No internet service,No internet service,No internet service,No internet service,Month-to-month,Yes,Bank transfer (automatic),88.51,5941.18,Yes
CUST-03452,Male,0,No,Yes,3,Yes,Yes,Fiber optic,Yes,No,No,No,No,Yes,One year,No,Mailed check,62.83,162.88,No
CUST-03453,Female,1,No,Yes,33,Yes,No,DSL,Yes,No,No,No,Yes,No,Month-to-month,Yes,Credit card (automatic),99.01,3610.64,Yes
CUST-03454,Female,0,No,Yes,42,Yes,Yes,No,No internet service,No internet service,No internet service,No internet service,No internet service,No internet service,Two year,Yes,Credit card (automatic),33.83,1325.7,No
CUST-03455,Male,0,Yes,No,13,Yes,No,DSL,No,No,No,No,Yes,No,Month-to-month,No,Electronic check,62.17,844.09,No
CUST-03456,Female,0,No,No,29,Yes,No,DSL,No,Yes,Yes,Yes,No,No,Month-to-month,No,Mailed check,100.34,3231.01,No
CUST-03457,Male,0,No,Yes,9,Yes,No,DSL,No,Yes,No,No,Yes,No,Month-to-month,No,Mailed check,44.25,441.25,Yes
CUST-03458,Male,0,Yes,No,32,Yes,No,Fiber optic,Yes,No,No,No,No,No,One year,No,Electronic check,65.6,2029.58,No
CUST-03459,Male,0,No,No,22,No,No phone service,No,No internet service,No internet service,No internet service,No internet service,No internet service,No internet service,Month-to-month,No,Credit card (automatic),80.78,1723.95,No
CUST-03460,Female,0,No,No,58,Yes,No,DSL,Yes,No,Yes,No,Yes,No,Month-to-month,No,Electronic check,90.61,5311.7,Yes
CUST-03461,Female,0,No,Yes,57,Yes,No,No,No internet service,No internet service,No internet service,No internet service,No internet service,No internet service,Two year,No,Electronic check,70.75,3643.44,No
CUST-03462,Male,0,No,No,10,Yes,No,DSL,No,Yes,No,Yes,No,No,Month-to-month,Yes,Electronic check,90.9,929.72,No
CUST-03463,Female,0,Yes,No,25,Yes,No,DSL,No,No,Yes,No,Yes,Yes,Month-to-month,Yes,Mailed check,93.92,2696.08,No
CUST-03464,Female,0,Yes,Yes,62,Yes,No,Fiber optic,No,No,No,Yes,Yes,No,Two year,No,Mailed check,102.0,6426.06,No
CUST-03465,Female,1,No,No,63,Yes,No,No,No internet service,No internet service,No internet service,No internet service,No internet service,No internet service,One year,Yes,Credit card (automatic),109.51,7140.05,No
CUST-03466,Female,0,No,Yes,3,Yes,Yes,Fiber optic,Yes,No,Yes,Yes,No,Yes,Month-to-month,No,Electronic check,88.89,229.78,Yes
CUST-03467,Male,0,No,No,47,Yes,Yes,DSL,No,No,No,No,No,No,Two year,Yes,Credit card (automatic),108.42,4894.16,No
CUST-03468,Female,0,Yes,No,55,Yes,No,Fiber optic,No,Yes,Yes,Yes,Yes,No,One year,No,Mailed check,24.34,1259.07,No
CUST-03469,Male,1,Yes,No,26,Yes,No,Fiber optic,Yes,Yes,No,Yes,No,No,One year,No,Electronic check,31.32,805.93,No
CUST-03470,Male,0,Yes,Yes,13,Yes,Yes,DSL,No,Yes,No,No,No,No,Month-to-month,Yes,Credit card (automatic),58.89,786.53,Yes
CUST-03471,Female,0,Yes,No,7,No,No phone service,DSL,No,No,Yes,Yes,No,No,One year,No,Credit card (automatic),34.98,218.42,No
CUST-03472,Male,0,No,Yes,34,Yes,No,DSL,Yes,No,Yes,No,No,No,Month-to-month,No,Bank transfer (automatic),52.16,1573.43,No
CUST-03473,Female,0,No,No,22,Yes,No,Fiber optic,No,No,No,No,No,No,Month-to-month,Yes,Electronic check,107.05,2264.73,Yes
CUST-03474,Female,1,Yes,No,23,No,No phone service,Fiber optic,Yes,No,No,No,No,Yes,Month-to-month,No,Bank transfer (automatic),30.58,776.0,Yes
CUST-03475,Male,0,Yes,No,48,Yes,Yes,DSL,No,No,No,No,No,No,Month-to-month,No,Electronic check,82.13,3464.6,No
CUST-03476,Male,0,Yes,No,14,Yes,Yes,DSL,Yes,Yes,No,No,Yes,No,Two year,Yes,Electronic check,41.25,557.09,No
CUST-03477,Male,0,Yes,Yes,52,Yes,No,DSL,No,No,No,No,No,No,Two year,No,Bank transfer (automatic),67.68,3597.65,No
CUST-03478,Male,0,No,No,39,No,No phone service,Fiber optic,No,Yes,No,Yes,Yes,Yes,One year,Yes,Electronic check,58.05,2034.0,No
CUST-03479,Female,0,No,Yes,41,Yes,No,DSL,No,No,Yes,No,No,Yes,Month-to-month,Yes,Electronic check,105.13,3888.4,Yes
CUST-03480,Female,0,No,Yes,36,Yes,No,DSL,Yes,Yes,No,No,No,No,Month-to-month,No,Mailed check,72.42,2674.57,No
CUST-03481,Female,0,Yes,No,6,No,No phone service,DSL,No,No,No,No,No,No,One year,Yes,Electronic check,100.81,615.41,Yes
CUST-03482,Male,0,No,No,23,Yes,No,Fiber optic,No,No,No,No,No,No,Month-to-month,Yes,Mailed check,59.86,1481.37,Yes
CUST-03483,Male,0,Yes,Yes,10,Yes,Yes,Fiber optic,No,No,Yes,No,No,No,One year,Yes,Bank transfer (automatic),84.75,787.35,No
CUST-03484,Male,0,No,No,60,Yes,No,Fiber optic,No,No,No,No,Yes,No,Two year,No,Electronic check,109.62,6702.27,No
CUST-03485,Female,0,No,Yes,30,Yes,Yes,DSL,Yes,No,No,No,No,Yes,Two year,No,Mailed check,33.19,1111.95,No
CUST-03486,Male,0,No,Yes,70,Yes,Yes,Fiber optic,Yes,No,Yes,Yes,Yes,No,Two year,Yes,Electronic check,74.55,5107.91,No
CUST-03487,Female,0,Yes,Yes,5,Yes,No,DSL,No,No,No,No,No,Yes,Two year,No,Mailed check,81.77,393.02,No
CUST-03488,Male,0,Yes,No,57,Yes,No,DSL,No,No,Yes,No,Yes,Yes,Month-to-month,Yes,Credit card (automatic),80.28,5023.26,Yes
CUST-03489,Female,0,No,No,43,Yes,No,No,No internet service,No internet service,No internet service,No internet service,No internet service,No internet service,Month-to-month,No,Mailed check,73.67,3434.61,No
CUST-03490,Female,0,Yes,No,52,Yes,No,Fiber optic,No,Yes,No,No,No,Yes,One year,Yes,Electronic check,98.11,4828.19,No
CUST-03491,Male,0,Yes,Yes,6,Yes,Yes,Fiber optic,Yes,No,No,Yes,Yes,No,One year,Yes,Electronic check,24.15,134.73,No
CUST-03492,Male,0,No,No,2,Yes,No,No,No internet service,No internet service,No internet service,No internet service,No internet service,No internet service,Month-to-month,Yes,Mailed check,84.87,176.61,No
CUST-03493,Female,0,Yes,No,17,No,No phone service,No,No internet service,No internet service,No internet service,No internet service,No internet service,No internet service,Month-to-month,No,Electronic check,107.32,1695.6,Yes
CUST-03494,Female,0,No,No,12,Yes,No,Fiber optic,No,Yes,No,No,No,No,One year,Yes,Electronic check,110.2,1294.06,No
CUST-03495,Male,0,Yes,No,44,Yes,No,DSL,No,No,Yes,Yes,Yes,Yes,Month-to-month,Yes,Bank transfer (automatic),36.1,1584.38,No
CUST-03496,Male,1,No,No,54,Yes,Yes,Fiber optic,No,No,Yes,Yes,No,Yes,One year,No,Electronic check,78.72,4663.29,Yes
CUST-03497,Female,0,Yes,No,7,Yes,Yes,Fiber optic,No,Yes,No,No,No,Yes,Month-to-month,Yes,Electronic check,46.42,367.97,No
CUST-03498,Male,1,No,No,32,Yes,No,DSL,Yes,No,No,No,Yes,No,Month-to-month,Yes,Bank transfer (automatic),90.9,2939.4,No
CUST-03499,Female,0,Yes,No,29,Yes,Yes,DSL,No,No,No,Yes,Yes,Yes,One year,No,Credit card (automatic),26.24,782.88,No
CUST-03500,Female,0,No,No,46,Yes,No,Fiber optic,No,No,No,No,No,No,One year,Yes,Credit card (automatic),30.7,1360.39,No
CUST-03501,Male,0,No,No,53,Yes,Yes,DSL,No,No,No,No,Yes,No,One year,No,Bank transfer (automatic),85.84,4413.2,No
CUST-03502,Male,1,Yes,Yes,25,Yes,No,DSL,No,No,No,Yes,No,No,Month-to-month,Yes,Electronic check,73.33,1943.69,No
CUST-03503,Male,0,Yes,No,53,No,No phone service,Fiber optic,No,No,No,No,Yes,No,Month-to-month,Yes,Credit card (automatic),108.3,6553.65,No
CUST-03504,Male,0,Yes,No,29,Yes,No,No,No internet service,No internet service,No internet service,No internet service,No internet service,No internet service,Month-to-month,Yes,Bank transfer (automatic),21.09,530.44,No
CUST-03505,Male,0,Yes,Yes,6,Yes,No,DSL,No,No,No,Yes,Yes,No,Two year,Yes,Credit card (automatic),88.76,575.76,Yes
CUST-03506,Female,0,No,Yes,38,Yes,Yes,DSL,Yes,No,No,Yes,Yes,Yes,Two year,No,Electronic check,90.03,3294.88,No
CUST-03507,Female,0,Yes,No,3,Yes,No,No,No internet service,No internet service,No internet service,No internet service,No internet service,No internet service,One year,No,Mailed check,101.59,296.74,Yes
CUST-03508,Male,0,No,No,35,Yes,Yes,DSL,No,No,No,No,Yes,No,Month-to-month,Yes,Mailed check,95.69,3172.21,No
CUST-03509,Male,0,No,Yes,55,Yes,No,Fiber optic,Yes,No,Yes,No,No,Yes,Month-to-month,Yes,Bank transfer (automatic),70.41,3920.01,No
CUST-03510,Male,0,Yes,Yes,47,Yes,Yes,Fiber optic,No,No,Yes,Yes,Yes,No,Two year,No,Electronic check,47.09,2270.12,No
CUST-03511,Female,0,No,No,33,Yes,No,DSL,No,No,No,No,No,Yes,Month-to-month,Yes,Mailed check,57.86,2003.88,No
CUST-03512,Male,0,Yes,Yes,3,Yes,Yes,Fiber optic,No,Yes,No,No,No,Yes,Month-to-month,Yes,Credit card (automatic),70.77,219.34,No
CUST-03513,Male,0,Yes,Yes,69,Yes,Yes,No,No internet service,No internet service,No internet service,No internet service,No internet service,No internet service,One year,Yes,Bank transfer (automatic),18.7,1396.58,No
CUST-03514,Female,1,Yes,No,59,Yes,No,Fiber optic,Yes,Yes,No,No,No,Yes,Two year,No,Bank transfer (automatic),27.34,1672.56,No
CUST-03515,Female,1,No,No,18,Yes,No,No,No internet service,No internet service,No internet service,No internet service,No internet service,No internet service,One year,No,Electronic check,72.75,1498.24,No
CUST-03516,Male,1,Yes,No,66,Yes,Yes,DSL,No,No,Yes,No,No,No,Month-to-month,Yes,Electronic check,118.33,7388.84,No
CUST-03517,Male,0,No,Yes,25,Yes,No,No,No internet service,No internet service,No internet service,No internet service,No internet service,No internet service,One year,No,Bank transfer (automatic),56.09,1457.68,No
CUST-03518,Male,1,Yes,No,20,Yes,No,DSL,No,No,No,No,No,No,One year,Yes,Mailed check,98.53,1741.31,Yes
CUST-03519,Female,0,No,Yes,71,Yes,Yes,DSL,No,No,No,Yes,No,No,One year,No,Credit card (automatic),56.65,3886.36,No
CUST-03520,Male,0,No,No,69,Yes,No,DSL,No,No,Yes,No,No,Yes,Month-to-month,Yes,Credit card (automatic),30.76,1882.62,No
CUST-03521,Male,0,Yes,Yes,29,Yes,No,No,No internet service,No internet service,No internet service,No internet service,No internet service,No internet service,One year,No,Bank transfer (automatic),102.88,3048.51,No
CUST-03522,Male,0,No,Yes,18,Yes,No,Fiber optic,No,No,Yes,No,Yes,Yes,Month-to-month,Yes,Electronic check,84.33,1696.8,Yes
CUST-03523,Female,1,No,No,72,No,No phone service,Fiber optic,No,No,Yes,Yes,No,No,Month-to-month,Yes,Electronic check,31.59,2400.45,No
CUST-03524,Female,0,Yes,No,27,Yes,No,Fiber optic,No,No,No,No,No,No,Month-to-month,No,Mailed check,62.07,1923.34,No
CUST-03525,Male,0,Yes,Yes,42,Yes,Yes,No,No internet service,No internet service,No internet service,No internet service,No internet service,No internet service,Month-to-month,Yes,Electronic check,40.91,1885.95,Yes
CUST-03526,Male,0,Yes,No,66,Yes,Yes,No,No internet service,No internet service,No internet service,No internet service,No internet service,No internet service,One year,Yes,Bank transfer (automatic),85.26,6272.27,No
CUST-03527,Female,0,No,No,26,Yes,No,Fiber optic,No,Yes,Yes,No,Yes,No,Month-to-month,Yes,Electronic check,64.94,1802.98,No
CUST-03528,Female,0,No,No,23,Yes,Yes,Fiber optic,Yes,No,No,No,Yes,No,Month-to-month,Yes,Credit card (automatic),48.24,1019.58,No
CUST-03529,Female,0,Yes,No,5,Yes,Yes,DSL,No,Yes,No,No,Yes,No,One year,Yes,Credit card (automatic),74.18,359.78,No
CUST-03530,Female,0,Yes,No,11,Yes,No,DSL,Yes,No,No,No,No,No,Month-to-month,No,Bank transfer (automatic),109.23,1270.87,Yes
CUST-03531,Female,0,No,No,19,Yes,No,DSL,No,Yes,No,No,No,No,Two year,No,Electronic check,59.98,1173.26,No
CUST-03532,Female,0,No,Yes,12,Yes,Yes,DSL,Yes,No,Yes,No,No,No,Month-to-month,Yes,Electronic check,115.33,1405.03,Yes
CUST-03533,Female,0,No,No,2,Yes,No,DSL,No,No,Yes,Yes,No,No,Month-to-month,No,Electronic check,89.78,164.55,Yes
CUST-03534,Female,0,No,Yes,43,No,No phone service,Fiber optic,No,No,No,No,No,No,Two year,Yes,Electronic check,78.81,3843.08,No
CUST-03535,Female,1,Yes,Yes,22,Yes,No,No,No internet service,No internet service,No internet service,No internet service,No internet service,No internet service,Two year,No,Electronic check,24.25,461.26,No
CUST-03536,Male,0,Yes,Yes,26,Yes,Yes,No,No internet service,No internet service,No internet service,No internet service,No internet service,No internet service,Two year,Yes,Bank transfer (automatic),99.66,2941.34,No
CUST-03537,Male,0,Yes,Yes,33,No,No phone service,Fiber optic,Yes,Yes,No,No,Yes,No,Month-to-month,Yes,Bank transfer (automatic),85.84,2612.56,Yes
CUST-03538,Male,0,No,No,24,Yes,Yes,DSL,No,No,No,No,Yes,No,Two year,Yes,Electronic check,31.01,744.25,No
CUST-03539,Female,0,Yes,No,69,Yes,No,DSL,No,No,No,Yes,No,Yes,Month-to-month,Yes,Bank transfer (automatic),19.32,1326.68,No
CUST-03540,Male,0,Yes,No,21,Yes,No,No,No internet service,No internet service,No internet service,No internet service,No internet service,No internet service,Month-to-month,No,Electronic check,112.29,2043.37,Yes
CUST-03541,Female,0,No,Yes,46,No,No phone service,DSL,No,No,No,Yes,No,No,Month-to-month,Yes,Electronic check,38.19,1928.35,No
CUST-03542,Female,0,Yes,No,18,Yes,No,DSL,Yes,No,No,No,Yes,Yes,One year,Yes,Bank transfer (automatic),60.66,955.09,No
CUST-03543,Male,0,Yes,No,5,Yes,No,DSL,Yes,No,No,No,No,No,One year,Yes,Credit card (automatic),60.34,266.7,No
CUST-03544,Female,0,No,No,8,Yes,No,DSL,No,No,Yes,Yes,No,No,Month-to-month,No,Bank transfer (automatic),26.89,195.36,No
CUST-03545,Male,0,Yes,Yes,57,Yes,No,DSL,No,No,No,Yes,Yes,Yes,One year,Yes,Electronic check,99.07,5761.29,No
CUST-03546,Male,0,Yes,Yes,5,Yes,No,Fiber optic,No,Yes,No,No,No,No,Month-to-month,No,Electronic check,78.92,395.56,No
CUST-03547,Male,0,No,No,13,No,No phone service,Fiber optic,No,No,No,Yes,Yes,No,Two year,Yes,Bank transfer (automatic),72.03,1021.17,Yes
CUST-03548,Female,1,Yes,No,66,Yes,No,Fiber optic,No,Yes,No,Yes,No,Yes,Month-to-month,No,Credit card (automatic),104.97,7017.57,No
CUST-03549,Male,0,Yes,No,37,No,No phone service,Fiber optic,No,Yes,Yes,No,No,No,One year,Yes,Credit card (automatic),109.74,4081.66,Yes
CUST-03550,Female,0,No,Yes,29,Yes,No,DSL,No,No,No,No,No,No,Month-to-month,Yes,Bank transfer (automatic),31.18,822.34,Yes
CUST-03551,Male,0,Yes,Yes,69,Yes,Yes,DSL,No,Yes,Yes,No,No,No,Month-to-month,No,Mailed check,87.35,5641.84,No
CUST-03552,Male,1,No,Yes,32,Yes,No,Fiber optic,Yes,Yes,No,Yes,Yes,Yes,One year,Yes,Electronic check,45.21,1434.31,No
CUST-03553,Male,0,Yes,No,48,Yes,Yes,DSL,No,No,No,No,Yes,Yes,Month-to-month,Yes,Electronic check,96.68,5104.92,Yes
CUST-03554,Female,0,Yes,No,2,No,No phone service,DSL,No,No,No,Yes,No,No,Two year,No,Electronic check,29.99,58.73,No
CUST-03555,Female,0,Yes,Yes,69,No,No phone service,No,No internet service,No internet service,No internet service,No internet service,No internet service,No internet service,Month-to-month,Yes,Mailed check,37.14,2459.58,No
CUST-03556,Female,1,Yes,No,51,Yes,No,Fiber optic,Yes,No,No,No,Yes,Yes,Two year,No,Bank transfer (automatic),39.65,2174.92,No
CUST-03557,Male,1,Yes,No,35,Yes,No,DSL,No,Yes,Yes,No,Yes,No,Month-to-month,Yes,Electronic check,80.86,3031.59,No
CUST-03558,Male,0,Yes,No,15,Yes,Yes,No,No internet service,No internet service,No internet service,No internet service,No internet service,No internet service,One year,No,Credit card (automatic),85.38,1405.5,No
CUST-03559,Female,0,No,Yes,72,Yes,No,Fiber optic,Yes,No,No,No,Yes,No,Two year,Yes,Electronic check,110.57,8724.36,No
CUST-03560,Female,0,Yes,No,65,Yes,No,No,No internet service,No internet service,No internet service,No internet service,No internet service,No internet service,Month-to-month,Yes,Bank transfer (automatic),25.7,1600.64,No
CUST-03561,Female,0,No,No,38,Yes,No,DSL,No,No,Yes,No,Yes,Yes,One year,No,Mailed check,87.01,3063.68,No
CUST-03562,Female,0,Yes,No,17,Yes,No,DSL,No,Yes,No,No,No,No,Month-to-month,No,Bank transfer (automatic),19.51,369.87,No
CUST-03563,Female,0,Yes,No,45,Yes,No,DSL,No,Yes,No,No,Yes,Yes,Month-to-month,Yes,Credit card (automatic),69.44,3315.03,No
CUST-03564,Female,0,Yes,Yes,1,Yes,No,No,No internet service,No internet service,No internet service,No internet service,No internet service,No internet service,Month-to-month,Yes,Bank transfer (automatic),64.53,55.27,No
CUST-03565,Male,0,No,Yes,3,Yes,No,DSL,No,No,Yes,Yes,Yes,No,Month-to-month,No,Bank transfer (automatic),22.78,65.3,No
CUST-03566,Female,0,No,No,70,Yes,Yes,DSL,No,No,No,No,No,Yes,Two year,Yes,Electronic check,37.02,2652.69,No
CUST-03567,Male,0,No,No,52,Yes,Yes,Fiber optic,No,No,Yes,Yes,No,Yes,One year,Yes,Electronic check,98.83,5778.71,No
CUST-03568,Male,0,Yes,No,53,Yes,No,Fiber optic,No,Yes,Yes,Yes,No,No,Two year,Yes,Bank transfer (automatic),48.81,2380.83,No
CUST-03569,Female,1,Yes,No,3,Yes,Yes,No,No internet service,No internet service,No internet service,No internet service,No internet service,No internet service,Month-to-month,Yes,Credit card (automatic),66.7,183.42,No
CUST-03570,Female,0,No,No,47,Yes,Yes,No,No internet service,No internet service,No internet service,No internet service,No internet service,No internet service,Month-to-month,Yes,Mailed check,57.87,2887.76,No
CUST-03571,Male,0,Yes,No,6,Yes,Yes,Fiber optic,No,No,No,No,No,Yes,Two year,No,Credit card (automatic),36.9,230.37,No
CUST-03572,Female,0,Yes,No,46,Yes,Yes,Fiber optic,No,No,No,No,No,Yes,Two year,Yes,Credit card (automatic),112.82,5320.48,No
CUST-03573,Female,0,Yes,No,61,Yes,Yes,Fiber optic,No,No,No,No,No,No,Two year,No,Electronic check,23.57,1403.4,No
CUST-03574,Male,0,Yes,No,43,Yes,Yes,Fiber optic,No,No,Yes,No,Yes,Yes,One year,Yes,Mailed check,64.7,3098.47,No
CUST-03575,Male,0,Yes,No,56,Yes,Yes,Fiber optic,Yes,No,No,No,No,No,Month-to-month,No,Bank transfer (automatic),52.05,2813.91,No
CUST-03576,Male,0,No,No,70,Yes,No,DSL,No,Yes,No,No,Yes,No,Two year,Yes,Mailed check,85.26,5999.48,No
CUST-03577,Female,0,No,Yes,20,Yes,Yes,DSL,No,No,No,Yes,No,No,Month-to-month,Yes,Electronic check,83.27,1435.82,No
CUST-03578,Male,0,No,No,47,Yes,Yes,Fiber optic,No,Yes,No,No,Yes,No,One year,Yes,Credit card (automatic),88.27,3660.36,No
CUST-03579,Female,1,Yes,No,54,Yes,No,No,No internet service,No internet service,No internet service,No internet service,No internet service,No internet service,Month-to-month,Yes,Bank transfer (automatic),68.42,4214.06,No
CUST-03580,Male,0,No,No,41,Yes,No,No,No internet service,No internet service,No internet service,No internet service,No internet service,No internet service,Month-to-month,Yes,Bank transfer (automatic),29.37,1054.34,No
CUST-03581,Male,1,No,No,66,Yes,Yes,Fiber optic,No,Yes,No,No,Yes,No,Two year,Yes,Bank transfer (automatic),68.83,4744.88,No
CUST-03582,Male,1,No,No,31,Yes,Yes,DSL,No,Yes,No,No,Yes,No,One year,No,Credit card (automatic),106.61,2822.85,No
CUST-03583,Female,0,Yes,No,64,Yes,Yes,No,No internet service,No internet service,No internet service,No internet service,No internet service,No internet service,Month-to-month,Yes,Bank transfer (automatic),51.29,3733.62,No
CUST-03584,Female,0,No,Yes,58,Yes,No,DSL,No,Yes,No,Yes,No,No,Month-to-month,No,Electronic check,107.31,6200.26,No
CUST-03585,Male,0,Yes,No,55,Yes,No,Fiber optic,No,No,No,No,No,Yes,Month-to-month,No,Credit card (automatic),88.89,5269.12,No
CUST-03586,Male,0,No,No,46,Yes,Yes,No,No internet service,No internet service,No internet service,No internet service,No internet service,No internet service,One year,Yes,Electronic check,113.58,4822.85,No
CUST-03587,Male,0,Yes,No,24,Yes,No,DSL,No,No,Yes,Yes,Yes,No,Two year,Yes,Credit card (automatic),67.31,1764.71,No
CUST-03588,Female,1,Yes,No,37,Yes,Yes,No,No internet service,No internet service,No internet service,No internet service,No internet service,No internet service,Month-to-month,Yes,Mailed check,46.28,1700.01,No
CUST-03589,Male,0,Yes,Yes,41,Yes,Yes,DSL,No,No,No,Yes,No,No,Month-to-month,Yes,Credit card (automatic),25.61,1164.21,No
CUST-03590,Female,0,No,Yes,25,Yes,No,No,No internet service,No internet service,No internet service,No internet service,No internet service,No internet service,One year,No,Mailed check,19.07,422.95,No
CUST-03591,Male,0,Yes,No,29,Yes,No,Fiber optic,No,Yes,No,No,Yes,Yes,Two year,No,Bank transfer (automatic),109.12,3181.57,Yes
CUST-03592,Male,0,No,Yes,31,Yes,No,Fiber optic,Yes,No,No,Yes,No,Yes,Two year,No,Mailed check,74.97,2192.02,No
CUST-03593,Male,0,No,No,2,Yes,Yes,Fiber optic,No,Yes,Yes,Yes,No,Yes,One year,Yes,Bank transfer (automatic),29.04,51.39,No
CUST-03594,Male,0,No,Yes,12,No,No phone service,Fiber optic,No,Yes,No,No,No,Yes,Month-to-month,Yes,Credit card (automatic),53.54,604.74,Yes
CUST-03595,Male,0,No,Yes,5,No,No phone service,Fiber optic,Yes,No,No,No,No,Yes,Month-to-month,Yes,Credit card (automatic),77.08,351.18,No
CUST-03596,Male,0,No,No,61,Yes,Yes,Fiber optic,No,No,No,No,Yes,Yes,Month-to-month,No,Electronic check,110.92,6557.48,Yes
CUST-03597,Female,0,No,No,56,Yes,No,Fiber optic,No,Yes,No,No,Yes,Yes,Two year,No,Credit card (automatic),92.74,5470.41,No
CUST-03598,Male,0,Yes,Yes,71,Yes,No,No,No internet service,No internet service,No internet service,No internet service,No internet service,No internet service,Month-to-month,Yes,Mailed check,60.34,3682.31,No
CUST-03599,Female,0,No,Yes,37,Yes,Yes,DSL,No,Yes,No,No,No,No,Month-to-month,Yes,Bank transfer (automatic),22.25,935.58,Yes
CUST-03600,Male,0,No,No,36,Yes,No,DSL,Yes,No,No,No,Yes,Yes,Month-to-month,Yes,Electronic check,82.72,3034.48,No
CUST-03601,Male,0,Yes,No,29,Yes,No,No,No internet service,No internet service,No internet service,No internet service,No internet service,No internet service,Month-to-month,Yes,Bank transfer (automatic),54.88,1823.63,Yes
CUST-03602,Female,0,No,No,38,Yes,No,Fiber optic,No,No,No,No,No,Yes,Month-to-month,No,Credit card (automatic),25.28,1095.96,No
CUST-03603,Male,0,Yes,Yes,41,Yes,Yes,DSL,No,No,No,No,Yes,No,Two year,No,Electronic check,101.7,4249.13,Yes
CUST-03604,Female,0,Yes,No,33,Yes,No,Fiber optic,No,No,No,No,Yes,No,Two year,Yes,Mailed check,112.37,3178.29,No
CUST-03605,Female,0,Yes,Yes,13,Yes,No,Fiber optic,No,No,Yes,No,Yes,Yes,Month-to-month,No,Credit card (automatic),71.12,1000.89,No
CUST-03606,Male,0,Yes,No,6,Yes,Yes,Fiber optic,No,Yes,Yes,Yes,No,Yes,Month-to-month,No,Electronic check,29.9,203.26,No
CUST-03607,Female,0,No,No,66,Yes,No,DSL,No,No,No,Yes,No,No,Month-to-month,No,Credit card (automatic),58.69,4325.77,No
CUST-03608,Female,0,No,No,8,Yes,No,No,No internet service,No internet service,No internet service,No internet service,No internet service,No internet service,Month-to-month,No,Electronic check,26.01,221.66,No
CUST-03609,Male,0,No,No,64,Yes,No,Fiber optic,Yes,No,Yes,Yes,No,No,One year,No,Mailed check,98.84,5461.2,No
CUST-03610,Female,1,No,Yes,9,No,No phone service,Fiber optic,No,Yes,No,No,Yes,No,Two year,No,Bank transfer (automatic),72.63,618.24,No
CUST-03611,Male,0,Yes,No,23,Yes,Yes,No,No internet service,No internet service,No internet service,No internet service,No internet service,No internet service,Month-to-month,No,Mailed check,57.78,1346.6,No
CUST-03612,Male,0,Yes,No,71,Yes,Yes,DSL,No,Yes,No,No,Yes,Yes,Month-to-month,Yes,Mailed check,91.6,7414.76,No
CUST-03613,Male,0,No,No,21,Yes,No,Fiber optic,No,No,Yes,No,No,No,Two year,No,Bank transfer (automatic),102.36,2048.42,No
CUST-03614,Male,0,No,No,1,Yes,No,No,No internet service,No internet service,No internet service,No internet service,No internet service,No internet service,Two year,Yes,Credit card (automatic),96.93,110.05,No
CUST-03615,Female,1,Yes,Yes,46,No,No phone service,DSL,Yes,No,Yes,Yes,No,No,Two year,Yes,Bank transfer (automatic),100.77,4608.64,No
CUST-03616,Male,0,No,No,62,Yes,Yes,Fiber optic,No,Yes,No,Yes,No,No,Two year,Yes,Bank transfer (automatic),105.48,5652.12,No
CUST-03617,Male,1,No,Yes,2,Yes,No,No,No internet service,No internet service,No internet service,No internet service,No internet service,No internet service,Two year,Yes,Bank transfer (automatic),65.32,114.57,No
CUST-03618,Female,0,No,No,44,Yes,Yes,Fiber optic,No,Yes,No,Yes,Yes,No,Month-to-month,No,Mailed check,84.51,3380.04,Yes
CUST-03619,Male,0,Yes,No,5,Yes,Yes,Fiber optic,No,Yes,No,Yes,Yes,No,Month-to-month,Yes,Electronic check,77.59,430.72,No
CUST-03620,Male,0,Yes,Yes,39,Yes,No,Fiber optic,No,No,No,No,No,No,One year,No,Credit card (automatic),31.1,1187.09,No
CUST-03621,Female,0,No,Yes,66,Yes,No,Fiber optic,No,No,Yes,No,No,Yes,Two year,No,Electronic check,42.27,3056.52,No
CUST-03622,Female,0,No,No,45,Yes,No,Fiber optic,No,Yes,Yes,No,No,No,Month-to-month,Yes,Bank transfer (automatic),35.51,1574.78,No
CUST-03623,Female,0,Yes,No,13,Yes,Yes,No,No internet service,No internet service,No internet service,No internet service,No internet service,No internet service,One year,No,Bank transfer (automatic),83.49,1107.21,No
CUST-03624,Female,0,No,Yes,32,Yes,No,Fiber optic,No,No,No,Yes,No,Yes,Month-to-month,Yes,Bank transfer (automatic),105.0,3492.86,Yes
CUST-03625,Female,0,No,Yes,43,Yes,Yes,Fiber optic,No,No,No,No,Yes,Yes,Two year,Yes,Credit card (automatic),94.46,4082.04,No
CUST-03626,Female,1,Yes,No,8,Yes,No,Fiber optic,No,Yes,Yes,No,Yes,No,Month-to-month,No,Mailed check,56.16,453.81,Yes
CUST-03627,Female,0,Yes,No,59,Yes,No,Fiber optic,No,No,Yes,Yes,Yes,No,Month-to-month,Yes,Electronic check,84.39,4989.04,No
CUST-03628,Male,0,No,No,11,No,No phone service,Fiber optic,No,Yes,No,No,No,No,Two year,No,Credit card (automatic),59.45,636.85,No
CUST-03629,Female,0,Yes,No,28,Yes,No,No,No internet service,No internet service,No internet service,No internet service,No internet service,No internet service,Month-to-month,No,Credit card (automatic),45.84,1436.05,No
CUST-03630,Female,0,No,No,39,Yes,Yes,DSL,No,No,No,No,Yes,Yes,Month-to-month,No,Bank transfer (automatic),108.05,3883.94,Yes
CUST-03631,Female,0,Yes,Yes,26,Yes,No,DSL,No,Yes,No,Yes,No,Yes,Month-to-month,No,Credit card (automatic),38.82,1152.44,No
CUST-03632,Male,0,No,Yes,72,Yes,No,Fiber optic,Yes,No,No,No,No,Yes,Month-to-month,Yes,Credit card (automatic),82.01,6394.14,No
CUST-03633,Male,0,No,No,26,Yes,No,No,No internet service,No internet service,No internet service,No internet service,No internet service,No internet service,Two year,Yes,Credit card (automatic),93.69,2475.13,No
CUST-03634,Female,0,Yes,No,32,No,No phone service,No,No internet service,No internet service,No internet service,No internet service,No internet service,No internet service,One year,Yes,Electronic check,80.41,2375.2,No
CUST-03635,Female,0,No,No,46,Yes,Yes,Fiber optic,No,No,No,No,No,No,Two year,No,Bank transfer (automatic),30.32,1275.86,No
CUST-03636,Female,0,Yes,No,28,Yes,No,Fiber optic,No,No,No,Yes,No,No,Month-to-month,Yes,Electronic check,45.35,1353.33,No
CUST-03637,Male,0,Yes,No,7,Yes,No,Fiber optic,Yes,No,No,No,Yes,Yes,Two year,No,Electronic check,19.72,120.2,No
CUST-03638,Male,0,No,No,35,Yes,Yes,Fiber optic,No,No,No,No,Yes,Yes,Two year,Yes,Electronic check,94.5,3244.73,No
CUST-03639,Female,0,No,No,66,Yes,No,DSL,No,No,No,No,No,No,Month-to-month,No,Bank transfer (automatic),36.85,2256.54,No
CUST-03640,Male,0,Yes,Yes,22,Yes,No,Fiber optic,No,No,No,Yes,Yes,No,Two year,Yes,Credit card (automatic),104.3,2009.19,No
CUST-03641,Female,1,Yes,No,22,Yes,No,DSL,No,No,Yes,No,No,Yes,Two year,No,Bank transfer (automatic),34.88,874.98,No
CUST-03642,Male,0,Yes,Yes,3,Yes,No,Fiber optic,Yes,Yes,No,No,No,Yes,One year,No,Bank transfer (automatic),55.62,158.5,No
CUST-03643,Male,0,Yes,No,46,Yes,No,DSL,No,No,No,Yes,No,Yes,Month-to-month,No,Electronic check,32.54,1393.51,No
CUST-03644,Female,0,Yes,No,50,Yes,Yes,Fiber optic,No,No,Yes,No,Yes,No,Month-to-month,No,Electronic check,71.79,3118.45,Yes
CUST-03645,Female,0,No,No,8,Yes,No,Fiber optic,No,Yes,No,No,Yes,Yes,One year,Yes,Mailed check,77.93,693.27,No
CUST-03646,Female,0,Yes,No,4,Yes,No,DSL,No,No,Yes,No,Yes,No,One year,Yes,Mailed check,41.21,142.93,No
CUST-03647,Female,0,No,No,15,Yes,Yes,Fiber optic,Yes,No,Yes,Yes,Yes,No,One year,Yes,Bank transfer (automatic),59.18,760.65,No
CUST-03648,Male,0,Yes,Yes,44,Yes,Yes,DSL,Yes,No,No,No,No,Yes,Month-to-month,Yes,Mailed check,30.02,1239.99,No
CUST-03649,Male,1,No,No,39,Yes,No,DSL,Yes,No,Yes,No,No,No,One year,Yes,Mailed check,97.43,3718.69,No
CUST-03650,Male,0,No,Yes,29,Yes,No,Fiber optic,Yes,No,No,Yes,Yes,No,Month-to-month,Yes,Credit card (automatic),97.3,2906.41,No
CUST-03651,Female,0,No,No,62,Yes,No,No,No internet service,No internet service,No internet service,No internet service,No internet service,No internet service,Month-to-month,Yes,Credit card (automatic),44.23,2799.81,No
CUST-03652,Male,0,Yes,No,34,Yes,No,No,No internet service,No internet service,No internet service,No internet service,No internet service,No internet service,Month-to-month,Yes,Credit card (automatic),44.81,1450.4,No
CUST-03653,Female,0,No,Yes,26,Yes,Yes,No,No internet service,No internet service,No internet service,No internet service,No internet service,No internet service,One year,No,Electronic check,79.52,2177.99,Yes
CUST-03654,Male,0,No,No,18,Yes,No,DSL,No,Yes,No,No,No,No,Two year,Yes,Electronic check,79.45,1396.31,No
CUST-03655,Female,1,No,No,63,Yes,No,Fiber optic,No,No,No,No,No,No,Month-to-month,No,Electronic check,91.95,5945.24,Yes
CUST-03656,Female,0,No,No,52,Yes,Yes,DSL,Yes,Yes,No,No,No,Yes,Two year,Yes,Credit card (automatic),27.95,1610.97,No
CUST-03657,Male,0,Yes,No,54,Yes,Yes,DSL,No,Yes,No,Yes,No,Yes,Month-to-month,Yes,Mailed check,85.79,5228.68,No
CUST-03658,Female,0,No,No,42,Yes,Yes,No,No internet service,No internet service,No internet service,No internet service,No internet service,No internet service,One year,Yes,Bank transfer (automatic),92.17,4267.9,No
CUST-03659,Female,0,No,Yes,54,Yes,No,Fiber optic,No,No,No,No,No,No,Month-to-month,Yes,Electronic check,46.28,2607.37,Yes
CUST-03660,Male,1,No,No,52,Yes,No,Fiber optic,Yes,Yes,Yes,No,No,No,Month-to-month,No,Bank transfer (automatic),44.2,1958.17,No
CUST-03661,Female,0,No,No,13,Yes,No,Fiber optic,No,No,No,No,No,No,Month-to-month,Yes,Bank transfer (automatic),85.04,1036.3,Yes
CUST-03662,Female,0,No,Yes,32,Yes,No,DSL,No,No,No,Yes,No,No,Month-to-month,No,Bank transfer (automatic),29.97,852.65,No
CUST-03663,Female,0,No,No,66,Yes,Yes,DSL,No,No,Yes,No,No,Yes,Two year,No,Electronic check,72.68,5123.91,No
CUST-03664,Male,0,No,No,58,No,No phone service,Fiber optic,Yes,Yes,Yes,No,No,Yes,One year,No,Electronic check,68.69,3612.91,No
CUST-03665,Male,0,No,No,39,Yes,Yes,DSL,No,No,No,Yes,Yes,No,Month-to-month,Yes,Bank transfer (automatic),85.84,3115.79,No
CUST-03666,Female,0,Yes,Yes,27,No,No phone service,Fiber optic,No,No,No,No,No,No,Two year,Yes,Bank transfer (automatic),79.17,2054.22,No
CUST-03667,Male,0,No,No,54,Yes,Yes,Fiber optic,Yes,No,No,No,Yes,No,One year,No,Mailed check,100.09,5214.61,Yes
CUST-03668,Female,0,No,Yes,72,No,No phone service,DSL,Yes,No,No,No,No,No,Month-to-month,No,Mailed check,24.37,1586.24,No
CUST-03669,Female,1,Yes,No,43,Yes,Yes,No,No internet service,No internet service,No internet service,No internet service,No internet service,No internet service,Month-to-month,No,Electronic check,83.24,3800.2,Yes
CUST-03670,Female,0,Yes,No,52,Yes,Yes,Fiber optic,No,No,No,No,No,Yes,Two year,Yes,Mailed check,90.37,4497.34,No
CUST-03671,Female,0,No,Yes,14,Yes,No,Fiber optic,Yes,No,No,No,Yes,Yes,One year,No,Electronic check,97.89,1398.69,Yes
CUST-03672,Female,0,No,Yes,8,Yes,Yes,DSL,Yes,No,No,No,Yes,No,One year,Yes,Credit card (automatic),55.45,394.7,No
CUST-03673,Male,0,Yes,No,35,No,No phone service,Fiber optic,No,Yes,No,Yes,Yes,Yes,One year,No,Electronic check,47.64,1421.92,No
CUST-03674,Female,1,No,Yes,18,Yes,Yes,DSL,No,Yes,No,No,No,Yes,Two year,Yes,Credit card (automatic),85.04,1579.46,No
CUST-03675,Male,0,No,Yes,55,Yes,No,Fiber optic,No,No,Yes,No,No,Yes,Month-to-month,Yes,Electronic check,70.01,4125.16,Yes
CUST-03676,Male,0,Yes,No,52,Yes,No,Fiber optic,No,Yes,No,No,No,Yes,One year,Yes,Electronic check,56.07,3045.23,No
CUST-03677,Female,0,Yes,No,72,Yes,No,DSL,No,Yes,No,No,Yes,No,Two year,No,Bank transfer (automatic),93.13,5733.11,No
CUST-03678,Female,0,No,No,49,Yes,No,No,No internet service,No internet service,No internet service,No internet service,No internet service,No internet service,One year,Yes,Bank transfer (automatic),66.6,3106.17,No
CUST-03679,Male,0,No,No,8,Yes,No,Fiber optic,No,No,No,Yes,Yes,No,Month-to-month,Yes,Credit card (automatic),64.28,577.58,No
CUST-03680,Male,0,Yes,No,37,Yes,Yes,Fiber optic,No,Yes,No,No,No,No,Month-to-month,Yes,Bank transfer (automatic),54.28,2123.9,Yes
CUST-03681,Male,1,Yes,No,66,Yes,Yes,DSL,Yes,No,No,No,Yes,No,Two year,No,Bank transfer (automatic),23.18,1660.03,No
CUST-03682,Female,0,Yes,Yes,41,No,No phone service,No,No internet service,No internet service,No internet service,No internet service,No internet service,No internet service,Two year,Yes,Electronic check,102.03,3578.81,Yes
CUST-03683,Male,1,No,No,27,Yes,No,DSL,No,No,No,No,No,No,Month-to-month,Yes,Credit card (automatic),52.7,1390.89,Yes
CUST-03684,Female,0,Yes,No,20,Yes,Yes,DSL,No,No,No,No,No,No,Month-to-month,No,Bank transfer (automatic),62.12,1401.71,No
CUST-03685,Female,0,No,Yes,38,Yes,Yes,DSL,No,Yes,No,Yes,No,Yes,Month-to-month,Yes,Electronic check,30.12,1036.39,Yes
CUST-03686,Female,0,Yes,No,12,Yes,Yes,No,No internet service,No internet service,No internet service,No internet service,No internet service,No internet service,Month-to-month,No,Bank transfer (automatic),79.93,1055.2,Yes
CUST-03687,Male,0,No,No,42,Yes,No,DSL,Yes,Yes,No,Yes,No,Yes,One year,No,Credit card (automatic),78.0,2820.01,No
CUST-03688,Female,0,Yes,No,50,Yes,Yes,Fiber optic,Yes,No,No,No,No,Yes,Month-to-month,Yes,Mailed check,48.83,2262.16,Yes
CUST-03689,Female,1,No,No,31,Yes,No,Fiber optic,No,Yes,No,No,No,No,Month-to-month,Yes,Electronic check,54.24,1541.18,Yes
CUST-03690,Female,1,No,No,65,Yes,Yes,No,No internet service,No internet service,No internet service,No internet service,No internet service,No internet service,Month-to-month,Yes,Credit card (automatic),93.54,5194.88,No
CUST-03691,Female,1,Yes,No,53,Yes,No,Fiber optic,No,No,Yes,No,Yes,No,One year,No,Credit card (automatic),71.95,4031.69,No
CUST-03692,Female,0,Yes,Yes,40,No,No phone service,Fiber optic,No,Yes,No,No,No,No,Month-to-month,No,Bank transfer (automatic),43.39,1903.37,No
CUST-03693,Male,1,No,No,39,Yes,Yes,No,No internet service,No internet service,No internet service,No internet service,No internet service,No internet service,Month-to-month,No,Electronic check,74.9,2768.12,No
CUST-03694,Female,0,Yes,Yes,10,Yes,No,DSL,Yes,No,No,No,No,No,Month-to-month,Yes,Mailed check,106.18,1093.82,Yes
CUST-03695,Female,0,No,Yes,29,Yes,No,No,No internet service,No internet service,No internet service,No internet service,No internet service,No internet service,Month-to-month,Yes,Mailed check,118.41,3137.73,No
CUST-03696,Male,0,Yes,No,40,Yes,No,DSL,No,Yes,No,No,Yes,Yes,One year,No,Bank transfer (automatic),27.35,987.43,No
CUST-03697,Female,0,Yes,Yes,30,No,No phone service,No,No internet service,No internet service,No internet service,No internet service,No internet service,No internet service,One year,Yes,Credit card (automatic),63.25,1845.31,No
CUST-03698,Male,0,No,Yes,2,Yes,Yes,DSL,Yes,Yes,No,Yes,No,No,Month-to-month,Yes,Electronic check,63.16,113.69,No
CUST-03699,Female,0,No,Yes,28,No,No phone service,Fiber optic,No,No,Yes,No,Yes,No,Month-to-month,Yes,Electronic check,113.1,3449.44,No
CUST-03700,Male,1,No,No,47,No,No phone service,DSL,No,No,No,Yes,No,No,Month-to-month,Yes,Electronic check,110.74,4812.34,Yes
CUST-03701,Male,0,Yes,Yes,32,Yes,Yes,DSL,No,Yes,Yes,No,No,Yes,Month-to-month,Yes,Bank transfer (automatic),63.4,1756.02,Yes
CUST-03702,Female,0,Yes,No,32,Yes,No,Fiber optic,Yes,No,No,No,No,No,Two year,No,Mailed check,45.21,1606.4,No
CUST-03703,Female,1,No,Yes,27,Yes,No,Fiber optic,No,No,No,No,No,Yes,Month-to-month,Yes,Mailed check,83.06,2517.84,No
CUST-03704,Female,0,Yes,No,54,Yes,Yes,No,No internet service,No internet service,No internet service,No internet service,No internet service,No internet service,Month-to-month,No,Mailed check,30.36,1703.19,No
CUST-03705,Male,1,Yes,No,56,Yes,Yes,DSL,Yes,Yes,No,No,No,Yes,Two year,Yes,Electronic check,38.7,1921.1,No
CUST-03706,Male,0,Yes,No,31,No,No phone service,DSL,No,No,Yes,Yes,Yes,No,Month-to-month,Yes,Electronic check,100.86,3328.54,No
CUST-03707,Male,0,Yes,No,24,Yes,No,No,No internet service,No internet service,No internet service,No internet service,No internet service,No internet service,Month-to-month,Yes,Credit card (automatic),102.43,2208.73,No
CUST-03708,Female,0,No,No,35,Yes,Yes,Fiber optic,No,Yes,No,No,No,No,Month-to-month,Yes,Bank transfer (automatic),109.17,3521.47,No
CUST-03709,Male,0,No,No,30,Yes,No,Fiber optic,No,Yes,No,Yes,No,No,One year,No,Bank transfer (automatic),93.18,2582.27,No
CUST-03710,Male,0,No,No,55,Yes,No,Fiber optic,No,No,Yes,No,No,No,Month-to-month,No,Electronic check,35.02,2083.99,Yes
CUST-03711,Female,0,No,Yes,64,Yes,Yes,DSL,Yes,No,No,No,No,No,Month-to-month,No,Electronic check,47.56,2646.22,No
CUST-03712,Male,0,No,No,33,Yes,No,Fiber optic,Yes,No,No,No,Yes,Yes,Month-to-month,No,Electronic check,64.77,2233.84,Yes
CUST-03713,Male,1,No,No,46,Yes,Yes,Fiber optic,No,No,No,Yes,Yes,No,One year,Yes,Credit card (automatic),50.38,2102.27,No
CUST-03714,Female,0,No,No,33,Yes,No,Fiber optic,No,No,No,No,No,Yes,One year,Yes,Electronic check,71.93,2417.94,No
CUST-03715,Male,0,Yes,No,68,Yes,No,Fiber optic,Yes,Yes,Yes,Yes,Yes,No,Month-to-month,No,Electronic check,27.78,1774.58,No
CUST-03716,Female,0,Yes,No,64,Yes,Yes,DSL,No,No,No,No,No,Yes,One year,No,Mailed check,113.94,6642.53,No
CUST-03717,Female,0,No,No,30,Yes,No,No,No internet service,No internet service,No internet service,No internet service,No internet service,No internet service,Month-to-month,No,Electronic check,116.68,3721.38,No
CUST-03718,Female,0,Yes,No,29,Yes,Yes,No,No internet service,No internet service,No internet service,No internet service,No internet service,No internet service,Month-to-month,No,Mailed check,25.62,818.78,No
CUST-03719,Female,1,Yes,No,62,No,No phone service,No,No internet service,No internet service,No internet service,No internet service,No internet service,No internet service,Month-to-month,Yes,Bank transfer (automatic),22.31,1548.2,No
CUST-03720,Female,0,No,No,30,Yes,No,DSL,No,No,No,No,No,No,Month-to-month,No,Credit card (automatic),67.21,1953.24,No
CUST-03721,Male,0,No,Yes,12,Yes,Yes,DSL,No,Yes,Yes,Yes,Yes,Yes,Month-to-month,Yes,Bank transfer (automatic),32.67,377.73,No
CUST-03722,Male,0,No,No,67,Yes,Yes,Fiber optic,No,No,Yes,Yes,No,Yes,Two year,Yes,Mailed check,32.19,2314.27,No
CUST-03723,Female,0,Yes,No,15,Yes,Yes,Fiber optic,Yes,No,No,No,Yes,No,Two year,Yes,Bank transfer (automatic),55.2,932.72,Yes
CUST-03724,Female,0,No,No,10,Yes,Yes,Fiber optic,No,No,No,Yes,No,Yes,Month-to-month,No,Electronic check,114.56,1255.38,No
CUST-03725,Male,0,No,Yes,61,Yes,No,DSL,No,No,No,Yes,No,Yes,Month-to-month,Yes,Credit card (automatic),112.4,6763.98,No
CUST-03726,Female,0,No,Yes,23,Yes,No,Fiber optic,Yes,No,No,Yes,No,Yes,Month-to-month,No,Mailed check,111.5,2595.63,Yes
CUST-03727,Female,0,Yes,No,11,Yes,No,Fiber optic,No,No,Yes,No,Yes,Yes,Month-to-month,Yes,Credit card (automatic),35.16,343.25,Yes
CUST-03728,Female,0,Yes,Yes,16,Yes,No,DSL,No,No,No,No,No,No,Month-to-month,Yes,Bank transfer (automatic),26.8,405.48,No
CUST-03729,Male,0,Yes,No,49,Yes,Yes,Fiber optic,No,No,No,Yes,No,No,Two year,Yes,Electronic check,29.32,1271.1,No
CUST-03730,Male,0,Yes,Yes,14,Yes,Yes,Fiber optic,No,No,No,Yes,No,No,Two year,Yes,Electronic check,77.55,1025.78,No
CUST-03731,Female,0,Yes,Yes,6,No,No phone service,Fiber optic,Yes,Yes,No,No,Yes,No,One year,No,Mailed check,52.33,311.88,Yes
CUST-03732,Female,1,Yes,No,42,No,No phone service,DSL,No,No,Yes,No,No,Yes,Month-to-month,Yes,Bank transfer (automatic),106.22,4487.97,Yes
CUST-03733,Male,0,No,Yes,17,Yes,No,No,No internet service,No internet service,No internet service,No internet service,No internet service,No internet service,Month-to-month,Yes,Electronic check,84.47,1395.97,No
CUST-03734,Male,0,No,No,42,Yes,Yes,DSL,No,No,No,Yes,Yes,No,Month-to-month,Yes,Electronic check,118.56,4255.88,No
CUST-03735,Female,0,No,No,10,Yes,No,No,No internet service,No internet service,No internet service,No internet service,No internet service,No internet service,Month-to-month,Yes,Bank transfer (automatic),109.54,1106.48,No
CUST-03736,Female,1,Yes,No,46,Yes,Yes,No,No internet service,No internet service,No internet service,No internet service,No internet service,No internet service,Month-to-month,No,Electronic check,75.6,3336.45,Yes
CUST-03737,Male,1,Yes,No,49,Yes,No,DSL,No,Yes,Yes,No,No,Yes,One year,No,Mailed check,101.8,4941.47,No
CUST-03738,Male,1,Yes,No,9,Yes,Yes,Fiber optic,No,No,Yes,No,No,No,One year,Yes,Bank transfer (automatic),34.36,270.25,Yes
CUST-03739,Male,0,Yes,No,39,Yes,No,DSL,No,No,Yes,No,No,Yes,One year,No,Mailed check,104.7,4153.39,No
CUST-03740,Female,0,Yes,Yes,2,Yes,Yes,Fiber optic,No,No,Yes,No,No,Yes,Month-to-month,Yes,Credit card (automatic),90.19,197.61,Yes
CUST-03741,Male,0,No,Yes,68,Yes,Yes,No,No internet service,No internet service,No internet service,No internet service,No internet service,No internet service,Month-to-month,Yes,Credit card (automatic),57.17,3429.26,No
CUST-03742,Female,0,No,No,52,Yes,Yes,Fiber optic,Yes,No,No,No,No,No,Two year,Yes,Credit card (automatic),99.36,4824.97,No
CUST-03743,Male,0,No,No,11,Yes,Yes,DSL,Yes,No,Yes,Yes,No,Yes,One year,Yes,Credit card (automatic),84.29,877.73,No
CUST-03744,Male,0,No,No,37,Yes,Yes,DSL,No,Yes,No,No,No,No,Two year,Yes,Credit card (automatic),26.99,859.96,No
CUST-03745,Male,0,No,Yes,72,Yes,Yes,DSL,No,Yes,No,No,Yes,No,Month-to-month,No,Electronic check,116.63,8255.61,No
CUST-03746,Male,0,No,No,22,Yes,No,Fiber optic,No,Yes,Yes,Yes,No,No,Two year,No,Mailed check,45.5,889.61,No
CUST-03747,Female,0,No,No,52,Yes,Yes,No,No internet service,No internet service,No internet service,No internet service,No internet service,No internet service,One year,Yes,Bank transfer (automatic),73.25,3416.29,No
CUST-03748,Female,0,No,No,5,No,No phone service,Fiber optic,No,Yes,No,Yes,No,No,Month-to-month,Yes,Bank transfer (automatic),105.61,544.15,No
CUST-03749,Male,1,No,Yes,2,Yes,No,Fiber optic,No,Yes,Yes,No,No,Yes,Month-to-month,Yes,Electronic check,47.26,92.01,No
CUST-03750,Female,0,No,Yes,5,Yes,No,DSL,No,No,Yes,Yes,No,No,Month-to-month,Yes,Mailed check,41.46,225.46,Yes
CUST-03751,Male,0,Yes,Yes,32,Yes,No,Fiber optic,No,Yes,No,No,No,No,Month-to-month,No,Credit card (automatic),74.06,2016.18,No
CUST-03752,Male,0,No,Yes,19,Yes,No,DSL,No,No,No,No,No,No,Month-to-month,Yes,Credit card (automatic),53.61,1134.4,No
CUST-03753,Male,0,No,No,4,No,No phone service,No,No internet service,No internet service,No internet service,No internet service,No internet service,No internet service,Month-to-month,Yes,Bank transfer (automatic),87.78,357.92,No
CUST-03754,Male,0,No,Yes,46,No,No phone service,DSL,No,Yes,No,No,Yes,Yes,Month-to-month,Yes,Electronic check,50.59,2454.26,No
CUST-03755,Female,0,Yes,No,26,Yes,No,Fiber optic,Yes,Yes,No,No,Yes,No,Two year,Yes,Mailed check,117.67,2915.45,Yes
CUST-03756,Male,0,Yes,No,50,Yes,Yes,Fiber optic,No,Yes,No,No,No,Yes,Month-to-month,Yes,Electronic check,46.67,2015.52,No
CUST-03757,Male,0,No,No,26,No,No phone service,Fiber optic,No,No,No,No,Yes,No,Two year,Yes,Bank transfer (automatic),82.31,1990.72,Yes
CUST-03758,Female,1,No,No,71,Yes,No,DSL,No,Yes,No,Yes,No,Yes,Two year,Yes,Electronic check,45.53,3043.98,No
CUST-03759,Male,0,Yes,No,32,No,No phone service,Fiber optic,No,Yes,Yes,No,Yes,Yes,Month-to-month,Yes,Credit card (automatic),64.62,1999.67,No
CUST-03760,Male,0,No,No,44,Yes,Yes,Fiber optic,Yes,No,No,No,No,Yes,Month-to-month,Yes,Electronic check,47.53,2229.34,No
CUST-03761,Male,0,No,Yes,26,Yes,Yes,No,No internet service,No internet service,No internet service,No internet service,No internet service,No internet service,One year,No,Mailed check,60.05,1690.2,No
CUST-03762,Female,1,Yes,Yes,61,Yes,Yes,Fiber optic,No,No,No,Yes,Yes,Yes,Two year,No,Bank transfer (automatic),81.76,5599.48,No
CUST-03763,Male,0,No,Yes,51,Yes,No,DSL,Yes,No,No,No,Yes,No,Two year,No,Electronic check,89.18,3983.1,No
CUST-03764,Female,0,Yes,Yes,59,Yes,No,Fiber optic,No,Yes,No,No,Yes,No,One year,No,Credit card (automatic),41.94,2548.29,No
CUST-03765,Male,1,No,No,38,Yes,No,Fiber optic,No,Yes,No,No,No,No,Two year,Yes,Credit card (automatic),108.61,3658.89,No
CUST-03766,Male,1,No,No,26,Yes,Yes,No,No internet service,No internet service,No internet service,No internet service,No internet service,No internet service,Two year,No,Credit card (automatic),50.64,1438.05,Yes
CUST-03767,Female,1,No,Yes,45,Yes,Yes,Fiber optic,No,Yes,Yes,Yes,Yes,Yes,Two year,Yes,Bank transfer (automatic),24.47,1050.92,No
CUST-03768,Male,0,No,No,31,Yes,No,DSL,No,No,No,Yes,No,No,Month-to-month,Yes,Mailed check,113.41,3113.98,No
CUST-03769,Male,0,Yes,No,70,Yes,Yes,No,No internet service,No internet service,No internet service,No internet service,No internet service,No internet service,One year,Yes,Credit card (automatic),45.62,3108.43,No
CUST-03770,Female,1,No,No,45,Yes,Yes,DSL,No,No,No,Yes,No,No,Month-to-month,Yes,Electronic check,118.42,5458.79,No
CUST-03771,Female,0,No,Yes,31,Yes,Yes,DSL,No,No,No,Yes,No,No,Two year,Yes,Mailed check,73.25,2519.54,No
CUST-03772,Female,0,No,Yes,61,Yes,Yes,DSL,No,No,No,No,No,Yes,Month-to-month,No,Electronic check,103.55,6658.52,No
CUST-03773,Female,0,Yes,No,48,Yes,No,No,No internet service,No internet service,No internet service,No internet service,No internet service,No internet service,Two year,Yes,Electronic check,29.14,1484.02,No
CUST-03774,Female,0,Yes,Yes,45,Yes,Yes,No,No internet service,No internet service,No internet service,No internet service,No internet service,No internet service,Month-to-month,Yes,Bank transfer (automatic),73.68,3458.73,Yes
CUST-03775,Male,1,No,No,60,Yes,No,DSL,No,No,Yes,Yes,No,No,Two year,Yes,Electronic check,20.13,1135.51,No
CUST-03776,Female,0,No,No,61,Yes,Yes,Fiber optic,No,No,Yes,Yes,Yes,No,Month-to-month,Yes,Mailed check,56.42,2938.44,No
CUST-03777,Male,0,Yes,No,52,Yes,No,Fiber optic,Yes,Yes,No,No,No,No,Month-to-month,No,Credit card (automatic),22.38,1202.73,No
CUST-03778,Male,1,No,No,52,Yes,No,Fiber optic,Yes,Yes,Yes,No,Yes,No,One year,Yes,Mailed check,64.71,3280.13,No
CUST-03779,Male,0,No,Yes,62,Yes,Yes,DSL,Yes,No,No,Yes,No,Yes,Month-to-month,Yes,Electronic check,89.92,5092.64,No
CUST-03780,Female,0,No,No,26,Yes,Yes,DSL,Yes,Yes,No,Yes,No,Yes,Two year,Yes,Mailed check,106.45,3151.58,No
CUST-03781,Female,0,No,Yes,67,Yes,Yes,Fiber optic,No,No,Yes,No,No,No,Two year,No,Bank transfer (automatic),85.09,5515.42,No
CUST-03782,Male,0,No,No,49,Yes,No,No,No internet service,No internet service,No internet service,No internet service,No internet service,No internet service,Month-to-month,No,Bank transfer (automatic),91.13,4136.72,No
CUST-03783,Female,0,No,Yes,44,Yes,No,DSL,Yes,No,Yes,No,No,No,One year,Yes,Electronic check,40.14,1505.27,No
CUST-03784,Female,0,Yes,No,36,Yes,No,DSL,No,No,No,No,No,Yes,Month-to-month,No,Electronic check,47.69,1857.97,No
CUST-03785,Female,0,No,Yes,53,Yes,Yes,DSL,Yes,No,No,No,No,No,Month-to-month,No,Bank transfer (automatic),112.5,5386.81,Yes
CUST-03786,Female,0,No,No,44,Yes,No,Fiber optic,No,Yes,No,No,No,Yes,Two year,Yes,Electronic check,34.64,1480.0,No
CUST-03787,Male,0,No,No,22,No,No phone service,DSL,No,No,No,No,Yes,No,Month-to-month,Yes,Credit card (automatic),117.82,2670.47,Yes
CUST-03788,Male,0,No,No,2,Yes,Yes,No,No internet service,No internet service,No internet service,No internet service,No internet service,No internet service,Month-to-month,Yes,Electronic check,102.72,178.83,Yes
CUST-03789,Female,0,Yes,Yes,7,Yes,No,Fiber optic,No,No,Yes,No,Yes,No,Month-to-month,Yes,Bank transfer (automatic),98.89,679.86,No
CUST-03790,Male,0,Yes,No,16,No,No phone service,Fiber optic,No,No,No,No,No,No,One year,No,Credit card (automatic),99.49,1374.53,No
CUST-03791,Female,0,No,No,44,Yes,Yes,DSL,No,Yes,No,Yes,No,Yes,One year,Yes,Credit card (automatic),55.7,2385.17,No
CUST-03792,Female,0,Yes,No,65,Yes,Yes,DSL,Yes,No,Yes,Yes,Yes,Yes,Month-to-month,Yes,Bank transfer (automatic),97.92,5685.27,No
CUST-03793,Male,0,No,No,71,Yes,No,Fiber optic,Yes,No,No,No,No,Yes,Month-to-month,Yes,Credit card (automatic),53.86,3275.32,No
CUST-03794,Male,0,Yes,No,69,Yes,No,No,No internet service,No internet service,No internet service,No internet service,No internet service,No internet service,One year,No,Electronic check,55.07,3459.65,Yes
CUST-03795,Male,1,Yes,Yes,61,Yes,No,DSL,No,Yes,No,Yes,Yes,No,One year,Yes,Electronic check,98.04,6236.06,No
CUST-03796,Female,0,Yes,No,30,Yes,Yes,DSL,No,Yes,No,No,No,No,Two year,Yes,Bank transfer (automatic),57.48,1886.5,No
CUST-03797,Male,0,No,No,42,Yes,No,DSL,No,No,No,No,No,Yes,One year,Yes,Electronic check,99.45,4277.06,No
CUST-03798,Female,0,No,No,25,No,No phone service,Fiber optic,Yes,No,No,No,No,No,Month-to-month,No,Bank transfer (automatic),19.39,424.28,No
CUST-03799,Male,1,No,No,71,Yes,No,DSL,No,Yes,No,No,No,Yes,Month-to-month,Yes,Mailed check,35.5,2161.85,No
CUST-03800,Male,0,No,No,57,Yes,Yes,DSL,Yes,Yes,No,Yes,Yes,No,Month-to-month,No,Bank transfer (automatic),112.06,7285.15,No
CUST-03801,Female,0,Yes,No,32,Yes,Yes,Fiber optic,No,No,No,No,No,No,Two year,No,Bank transfer (automatic),81.51,2932.24,No
CUST-03802,Female,0,Yes,Yes,50,No,No phone service,Fiber optic,No,No,Yes,Yes,No,Yes,Month-to-month,Yes,Mailed check,65.29,3551.26,Yes
CUST-03803,Female,0,No,No,10,No,No phone service,DSL,Yes,Yes,No,No,Yes,No,Month-to-month,No,Credit card (automatic),76.55,772.42,No
CUST-03804,Female,0,No,Yes,22,Yes,Yes,Fiber optic,No,No,No,No,Yes,Yes,One year,No,Mailed check,58.66,1229.79,No
CUST-03805,Female,0,Yes,No,41,Yes,No,DSL,Yes,Yes,No,No,Yes,Yes,Month-to-month,No,Credit card (automatic),31.59,1427.71,No
CUST-03806,Female,0,No,No,47,Yes,No,DSL,Yes,No,No,No,Yes,Yes,One year,Yes,Electronic check,107.81,5478.16,Yes
CUST-03807,Female,0,No,No,14,Yes,Yes,Fiber optic,Yes,No,No,No,Yes,Yes,Month-to-month,No,Mailed check,94.04,1282.84,Yes
CUST-03808,Female,0,Yes,No,3,Yes,No,Fiber optic,Yes,No,No,No,No,No,Month-to-month,Yes,Electronic check,88.39,257.69,Yes
CUST-03809,Male,0,Yes,No,53,No,No phone service,No,No internet service,No internet service,No internet service,No internet service,No internet service,No internet service,One year,Yes,Electronic check,103.05,5409.26,No
CUST-03810,Female,0,No,Yes,16,Yes,Yes,No,No internet service,No internet service,No internet service,No internet service,No internet service,No internet service,Month-to-month,No,Mailed check,93.19,1314.64,Yes
CUST-03811,Female,0,Yes,Yes,61,Yes,No,Fiber optic,No,No,No,Yes,No,No,Month-to-month,Yes,Electronic check,70.09,4559.04,No
CUST-03812,Male,0,Yes,No,28,Yes,No,Fiber optic,Yes,Yes,No,Yes,No,No,Month-to-month,Yes,Credit card (automatic),32.03,827.95,No
CUST-03813,Female,0,No,Yes,35,Yes,No,Fiber optic,Yes,No,Yes,No,Yes,Yes,Month-to-month,Yes,Mailed check,29.04,1164.4,Yes
CUST-03814,Male,1,Yes,Yes,2,Yes,No,Fiber optic,Yes,No,No,No,No,No,Month-to-month,No,Electronic check,21.41,40.8,Yes
CUST-03815,Male,0,No,No,61,Yes,No,DSL,No,No,Yes,No,Yes,Yes,One year,Yes,Electronic check,67.67,3907.86,No
CUST-03816,Female,1,Yes,Yes,56,Yes,Yes,Fiber optic,Yes,Yes,No,No,Yes,Yes,One year,Yes,Electronic check,34.28,2026.94,No
CUST-03817,Male,0,No,Yes,55,Yes,No,No,No internet service,No internet service,No internet service,No internet service,No internet service,No internet service,Month-to-month,Yes,Mailed check,45.68,2696.52,No
CUST-03818,Female,1,No,Yes,18,Yes,No,Fiber optic,Yes,No,No,No,Yes,Yes,Two year,Yes,Mailed check,106.47,1995.68,No
CUST-03819,Male,0,Yes,No,71,Yes,Yes,Fiber optic,Yes,No,No,Yes,No,Yes,Month-to-month,Yes,Electronic check,79.32,5641.82,No
CUST-03820,Male,0,Yes,Yes,49,Yes,No,Fiber optic,No,No,No,No,Yes,No,Two year,Yes,Credit card (automatic),117.29,5451.52,Yes
CUST-03821,Male,0,No,No,42,Yes,Yes,Fiber optic,Yes,Yes,No,Yes,No,Yes,Month-to-month,Yes,Bank transfer (automatic),113.72,4360.64,No
CUST-03822,Female,0,No,Yes,7,Yes,No,Fiber optic,Yes,No,No,No,No,No,Month-to-month,Yes,Electronic check,62.69,452.13,No
CUST-03823,Female,0,No,No,4,Yes,No,Fiber optic,No,No,No,No,No,Yes,Month-to-month,No,Mailed check,84.32,308.92,No
CUST-03824,Male,0,Yes,No,43,Yes,No,Fiber optic,No,No,Yes,No,Yes,Yes,Month-to-month,Yes,Credit card (automatic),113.54,4718.42,Yes
CUST-03825,Male,0,No,No,59,Yes,Yes,No,No internet service,No internet service,No internet service,No internet service,No internet service,No internet service,Two year,No,Bank transfer (automatic),97.09,5840.09,No
CUST-03826,Female,0,No,No,49,Yes,No,Fiber optic,No,Yes,No,No,Yes,Yes,Month-to-month,Yes,Electronic check,84.16,4236.75,Yes
CUST-03827,Female,0,No,No,60,Yes,No,Fiber optic,No,Yes,Yes,Yes,No,No,Two year,Yes,Credit card (automatic),77.8,5272.04,No
CUST-03828,Male,0,No,No,6,Yes,No,Fiber optic,No,No,No,Yes,No,No,Month-to-month,Yes,Credit card (automatic),72.77,391.93,No
CUST-03829,Male,0,Yes,No,20,Yes,Yes,Fiber optic,No,No,Yes,No,No,Yes,Month-to-month,No,Bank transfer (automatic),32.19,639.14,No
CUST-03830,Female,0,No,No,31,Yes,No,No,No internet service,No internet service,No internet service,No internet service,No internet service,No internet service,Two year,Yes,Electronic check,28.92,994.39,No
CUST-03831,Female,0,Yes,No,22,Yes,Yes,DSL,No,No,Yes,No,No,Yes,Month-to-month,Yes,Electronic check,42.43,871.87,No
CUST-03832,Female,0,Yes,No,32,Yes,No,Fiber optic,No,Yes,No,No,No,No,Month-to-month,No,Bank transfer (automatic),75.89,2445.17,No
CUST-03833,Female,1,No,No,47,Yes,No,Fiber optic,No,No,Yes,No,Yes,Yes,One year,Yes,Electronic check,111.77,5426.29,No
CUST-03834,Female,0,No,Yes,34,Yes,No,Fiber optic,Yes,No,No,No,No,Yes,Two year,No,Mailed check,57.84,2074.69,No
CUST-03835,Male,0,Yes,No,27,No,No phone service,No,No internet service,No internet service,No internet service,No internet service,No internet service,No internet service,Month-to-month,No,Electronic check,104.54,2939.3,Yes
CUST-03836,Female,0,No,No,44,Yes,No,DSL,No,No,Yes,No,Yes,No,One year,Yes,Electronic check,20.45,905.34,No
CUST-03837,Male,0,Yes,No,30,Yes,No,Fiber optic,No,No,No,Yes,No,No,Month-to-month,Yes,Mailed check,92.65,2553.42,No
CUST-03838,Female,0,No,No,33,Yes,No,No,No internet service,No internet service,No internet service,No internet service,No internet service,No internet service,Month-to-month,Yes,Bank transfer (automatic),27.24,977.04,No
CUST-03839,Male,0,No,Yes,27,Yes,Yes,DSL,No,No,Yes,No,No,No,Month-to-month,No,Electronic check,108.76,3315.14,Yes
CUST-03840,Female,0,Yes,No,56,Yes,No,DSL,No,Yes,Yes,Yes,Yes,Yes,Month-to-month,No,Electronic check,66.87,3943.28,Yes
CUST-03841,Female,0,Yes,No,23,Yes,Yes,DSL,Yes,No,Yes,No,No,No,Month-to-month,Yes,Electronic check,69.26,1514.14,No
CUST-03842,Male,0,Yes,Yes,43,Yes,No,No,No internet service,No internet service,No internet service,No internet service,No internet service,No internet service,Month-to-month,No,Bank transfer (automatic),110.59,5463.98,Yes
CUST-03843,Male,0,Yes,No,54,Yes,Yes,DSL,No,Yes,No,No,Yes,No,Two year,Yes,Electronic check,62.36,3091.64,No
CUST-03844,Female,0,Yes,No,68,Yes,Yes,DSL,No,Yes,No,No,No,No,Month-to-month,Yes,Mailed check,108.96,8519.58,No
CUST-03845,Female,0,No,Yes,53,Yes,No,DSL,Yes,No,Yes,Yes,No,Yes,One year,Yes,Electronic check,86.71,4610.12,No
CUST-03846,Female,1,Yes,Yes,40,Yes,No,Fiber optic,Yes,No,No,No,No,Yes,Month-to-month,Yes,Bank transfer (automatic),46.67,1886.35,No
CUST-03847,Female,0,No,Yes,60,Yes,Yes,Fiber optic,No,No,No,No,No,No,Month-to-month,Yes,Bank transfer (automatic),24.35,1497.28,No
CUST-03848,Female,0,Yes,No,9,Yes,Yes,DSL,No,Yes,Yes,No,Yes,No,Month-to-month,No,Credit card (automatic),109.18,874.59,Yes
CUST-03849,Male,0,No,No,10,Yes,Yes,No,No internet service,No internet service,No internet service,No internet service,No internet service,No internet service,Two year,No,Credit card (automatic),50.89,539.12,No
CUST-03850,Male,0,Yes,Yes,10,Yes,No,DSL,No,No,No,No,No,Yes,Two year,Yes,Credit card (automatic),20.72,205.06,No
CUST-03851,Female,0,Yes,No,30,No,No phone service,DSL,No,No,Yes,No,Yes,Yes,Month-to-month,Yes,Credit card (automatic),109.38,3094.54,Yes
CUST-03852,Male,0,No,Yes,10,Yes,No,Fiber optic,No,No,No,No,No,No,Month-to-month,No,Credit card (automatic),71.78,770.88,Yes
CUST-03853,Male,0,Yes,No,58,Yes,Yes,Fiber optic,No,Yes,Yes,No,Yes,No,Month-to-month,Yes,Electronic check,88.34,5460.21,No
CUST-03854,Male,0,No,Yes,36,Yes,No,Fiber optic,Yes,No,No,No,No,No,Two year,Yes,Bank transfer (automatic),114.04,3541.73,No
CUST-03855,Female,0,No,No,44,Yes,No,No,No internet service,No internet service,No internet service,No internet service,No internet service,No internet service,Two year,Yes,Mailed check,38.08,1561.25,No
CUST-03856,Male,0,No,No,57,Yes,Yes,Fiber optic,No,No,No,Yes,Yes,No,Month-to-month,Yes,Electronic check,81.7,4290.54,No
CUST-03857,Female,0,Yes,No,43,Yes,Yes,No,No internet service,No internet service,No internet service,No internet service,No internet service,No internet service,Month-to-month,No,Mailed check,35.67,1460.83,No
CUST-03858,Male,0,Yes,Yes,23,Yes,No,DSL,Yes,No,Yes,No,No,Yes,One year,Yes,Electronic check,44.29,994.79,No
CUST-03859,Female,0,No,Yes,4,Yes,No,No,No internet service,No internet service,No internet service,No internet service,No internet service,No internet service,Month-to-month,Yes,Electronic check,72.62,320.5,No
CUST-03860,Male,0,No,No,12,No,No phone service,DSL,Yes,No,No,No,No,Yes,Two year,Yes,Mailed check,40.65,517.63,No
CUST-03861,Female,0,Yes,Yes,49,Yes,No,Fiber optic,No,Yes,No,No,No,No,Month-to-month,No,Bank transfer (automatic),65.57,3577.77,No
CUST-03862,Female,1,Yes,No,24,Yes,Yes,DSL,No,No,Yes,Yes,No,Yes,Two year,Yes,Credit card (automatic),19.86,502.6,No
CUST-03863,Male,0,Yes,No,13,Yes,Yes,DSL,No,No,Yes,No,Yes,Yes,One year,No,Electronic check,83.57,962.52,No
CUST-03864,Female,0,No,No,68,Yes,Yes,No,No internet service,No internet service,No internet service,No internet service,No internet service,No internet service,Month-to-month,Yes,Bank transfer (automatic),95.21,6371.45,No
CUST-03865,Female,0,Yes,No,72,Yes,Yes,Fiber optic,No,No,No,No,No,No,Month-to-month,Yes,Electronic check,41.67,3132.18,No
CUST-03866,Female,1,No,No,34,Yes,No,DSL,Yes,No,Yes,Yes,No,Yes,Month-to-month,No,Bank transfer (automatic),21.09,711.17,No
CUST-03867,Female,0,Yes,No,9,Yes,No,DSL,No,No,Yes,No,No,Yes,Month-to-month,No,Bank transfer (automatic),25.03,199.59,Yes
CUST-03868,Female,0,Yes,No,10,Yes,No,No,No internet service,No internet service,No internet service,No internet service,No internet service,No internet service,Two year,Yes,Mailed check,81.73,708.04,No
CUST-03869,Female,0,Yes,No,65,Yes,Yes,Fiber optic,No,Yes,Yes,No,No,Yes,One year,Yes,Electronic check,118.73,7376.57,No
CUST-03870,Female,0,No,No,72,Yes,Yes,Fiber optic,Yes,No,No,Yes,No,No,Month-to-month,No,Credit card (automatic),87.18,6886.83,No
CUST-03871,Female,0,Yes,Yes,54,Yes,Yes,No,No internet service,No internet service,No internet service,No internet service,No internet service,No internet service,One year,Yes,Electronic check,19.18,1120.41,No
CUST-03872,Male,0,Yes,No,43,Yes,No,No,No internet service,No internet service,No internet service,No internet service,No internet service,No internet service,One year,No,Electronic check,112.5,5456.47,No
CUST-03873,Male,0,Yes,Yes,59,Yes,No,Fiber optic,No,Yes,No,Yes,Yes,No,Month-to-month,No,Electronic check,104.46,6270.97,No
CUST-03874,Female,0,Yes,No,59,Yes,Yes,Fiber optic,Yes,No,Yes,Yes,No,Yes,Month-to-month,Yes,Electronic check,70.78,4106.56,No
CUST-03875,Female,0,Yes,Yes,67,Yes,No,DSL,Yes,Yes,No,Yes,No,Yes,Month-to-month,Yes,Credit card (automatic),99.7,7270.73,No
CUST-03876,Male,0,No,No,61,Yes,No,Fiber optic,No,Yes,No,Yes,No,No,Month-to-month,Yes,Mailed check,47.81,2917.39,No
CUST-03877,Male,0,No,No,38,Yes,No,No,No internet service,No internet service,No internet service,No internet service,No internet service,No internet service,One year,No,Credit card (automatic),30.52,1061.79,No
CUST-03878,Male,0,Yes,No,8,Yes,Yes,No,No internet service,No internet service,No internet service,No internet service,No internet service,No internet service,Two year,No,Bank transfer (automatic),34.0,312.75,No
CUST-03879,Female,0,No,No,65,Yes,No,Fiber optic,No,Yes,No,No,Yes,No,One year,Yes,Electronic check,41.98,2369.49,No
CUST-03880,Male,0,Yes,Yes,5,Yes,Yes,Fiber optic,No,Yes,No,No,No,Yes,One year,No,Electronic check,45.56,256.26,No
CUST-03881,Female,0,Yes,No,43,Yes,No,Fiber optic,No,Yes,Yes,No,No,No,Month-to-month,No,Mailed check,60.62,2362.54,Yes
CUST-03882,Female,0,No,No,60,Yes,Yes,No,No internet service,No internet service,No internet service,No internet service,No internet service,No internet service,Month-to-month,Yes,Electronic check,87.58,5867.07,Yes
CUST-03883,Male,0,No,No,26,Yes,No,DSL,No,No,No,No,No,No,Month-to-month,Yes,Credit card (automatic),31.5,925.69,No
CUST-03884,Female,0,No,No,11,Yes,No,Fiber optic,No,No,No,Yes,No,Yes,One year,No,Credit card (automatic),38.25,456.05,No
CUST-03885,Female,0,Yes,No,34,Yes,No,Fiber optic,Yes,No,Yes,No,No,Yes,One year,Yes,Electronic check,29.7,1143.73,No
CUST-03886,Female,0,Yes,No,2,Yes,Yes,No,No internet service,No internet service,No internet service,No internet service,No internet service,No internet service,Two year,No,Mailed check,66.86,141.46,No
CUST-03887,Female,0,No,No,21,Yes,No,DSL,No,Yes,Yes,No,Yes,No,Month-to-month,Yes,Bank transfer (automatic),89.97,1804.19,No
CUST-03888,Male,0,No,Yes,26,Yes,No,No,No internet service,No internet service,No internet service,No internet service,No internet service,No internet service,One year,No,Electronic check,62.74,1835.15,No
CUST-03889,Male,0,Yes,No,5,Yes,Yes,DSL,No,No,Yes,Yes,Yes,Yes,Month-to-month,Yes,Electronic check,93.04,400.75,Yes
CUST-03890,Female,0,No,No,9,Yes,No,DSL,Yes,No,No,No,Yes,No,One year,Yes,Mailed check,75.32,622.62,No
CUST-03891,Female,0,No,Yes,50,Yes,Yes,Fiber optic,No,Yes,No,Yes,No,No,Month-to-month,Yes,Mailed check,50.04,2786.75,No
CUST-03892,Male,0,Yes,No,10,No,No phone service,No,No internet service,No internet service,No internet service,No internet service,No internet service,No internet service,Month-to-month,No,Electronic check,73.02,765.36,No
CUST-03893,Female,0,No,Yes,58,Yes,Yes,Fiber optic,No,Yes,Yes,Yes,Yes,Yes,Two year,No,Mailed check,101.79,6467.06,No
CUST-03894,Male,0,No,Yes,10,Yes,No,DSL,No,No,No,No,No,No,One year,No,Credit card (automatic),35.63,353.5,No
CUST-03895,Female,1,Yes,No,36,Yes,Yes,DSL,No,No,Yes,No,No,Yes,One year,No,Electronic check,74.86,2931.56,Yes
CUST-03896,Female,0,No,No,56,Yes,Yes,DSL,No,No,No,Yes,No,No,Month-to-month,No,Electronic check,86.05,4667.68,No
CUST-03897,Male,0,Yes,Yes,62,Yes,No,DSL,No,No,No,No,No,No,Two year,Yes,Electronic check,109.1,6262.83,No
CUST-03898,Male,0,Yes,No,37,Yes,No,Fiber optic,Yes,Yes,No,No,Yes,No,Month-to-month,Yes,Mailed check,78.94,3132.92,No
CUST-03899,Male,0,No,No,41,Yes,Yes,Fiber optic,No,Yes,Yes,No,No,No,Month-to-month,No,Mailed check,22.53,843.7,No
CUST-03900,Male,0,No,Yes,48,Yes,Yes,Fiber optic,No,No,No,No,No,No,Month-to-month,Yes,Bank transfer (automatic),75.41,3355.2,Yes
CUST-03901,Female,0,No,No,22,Yes,No,DSL,No,No,No,No,No,Yes,Month-to-month,Yes,Electronic check,38.68,744.21,No
CUST-03902,Male,0,No,No,61,Yes,Yes,No,No internet service,No internet service,No internet service,No internet service,No internet service,No internet service,Month-to-month,No,Bank transfer (automatic),64.9,4097.25,No
CUST-03903,Female,0,No,No,48,Yes,Yes,Fiber optic,No,No,No,No,Yes,Yes,One year,No,Credit card (automatic),75.22,3541.21,No
CUST-03904,Male,0,No,Yes,64,Yes,No,Fiber optic,No,No,No,No,No,Yes,Month-to-month,Yes,Credit card (automatic),84.44,5888.28,Yes
CUST-03905,Male,0,Yes,No,37,Yes,No,Fiber optic,Yes,No,Yes,No,Yes,No,One year,No,Mailed check,25.61,805.98,No
CUST-03906,Female,0,No,Yes,41,Yes,Yes,DSL,No,No,No,No,No,No,Two year,Yes,Electronic check,103.38,3721.2,No
CUST-03907,Male,0,No,Yes,5,Yes,Yes,DSL,No,No,No,No,Yes,No,Two year,Yes,Mailed check,113.1,595.52,No
CUST-03908,Male,1,Yes,No,52,Yes,Yes,DSL,No,No,Yes,No,No,Yes,Month-to-month,Yes,Electronic check,88.45,4190.19,No
CUST-03909,Male,0,No,Yes,17,Yes,No,Fiber optic,Yes,No,No,No,No,No,Two year,Yes,Electronic check,78.89,1323.26,No
CUST-03910,Male,0,No,Yes,62,Yes,No,DSL,No,No,No,No,No,Yes,Two year,Yes,Mailed check,80.44,4877.0,No
CUST-03911,Female,0,No,No,52,Yes,Yes,Fiber optic,No,Yes,No,No,Yes,No,Month-to-month,No,Mailed check,88.4,3981.98,No
CUST-03912,Female,0,Yes,No,20,Yes,No,Fiber optic,No,Yes,Yes,No,Yes,Yes,One year,No,Bank transfer (automatic),106.75,2383.06,Yes
CUST-03913,Male,0,No,Yes,16,Yes,No,Fiber optic,Yes,No,No,No,No,Yes,One year,Yes,Credit card (automatic),33.37,551.93,No
CUST-03914,Male,1,Yes,No,7,Yes,No,Fiber optic,Yes,No,No,No,No,Yes,Two year,Yes,Credit card (automatic),21.7,138.4,No
CUST-03915,Male,0,Yes,Yes,66,Yes,No,DSL,Yes,No,No,No,No,Yes,Month-to-month,Yes,Mailed check,25.41,1449.71,No
CUST-03916,Female,1,No,No,12,Yes,No,No,No internet service,No internet service,No internet service,No internet service,No internet service,No internet service,Month-to-month,No,Credit card (automatic),46.2,476.56,Yes
CUST-03917,Female,0,No,Yes,43,Yes,Yes,Fiber optic,No,No,No,No,No,Yes,One year,Yes,Credit card (automatic),58.73,2675.69,No
CUST-03918,Female,0,Yes,No,40,Yes,Yes,Fiber optic,No,No,No,No,No,No,Month-to-month,Yes,Credit card (automatic),65.05,2935.8,Yes
CUST-03919,Female,1,Yes,No,1,Yes,No,Fiber optic,No,No,Yes,No,Yes,Yes,Month-to-month,Yes,Electronic check,40.84,44.06,Yes
CUST-03920,Male,0,No,Yes,58,No,No phone service,Fiber optic,No,Yes,No,No,No,Yes,Two year,No,Electronic check,25.82,1467.52,No
CUST-03921,Male,0,No,No,3,Yes,Yes,Fiber optic,Yes,No,No,No,Yes,No,One year,No,Electronic check,43.25,148.25,No
CUST-03922,Male,0,No,No,8,Yes,Yes,Fiber optic,Yes,Yes,No,No,No,No,One year,Yes,Credit card (automatic),95.87,680.1,No
CUST-03923,Female,1,No,No,61,Yes,No,No,No internet service,No internet service,No internet service,No internet service,No internet service,No internet service,Two year,No,Bank transfer (automatic),79.49,4385.47,No
CUST-03924,Male,0,Yes,No,5,Yes,No,Fiber optic,Yes,No,No,Yes,No,No,Month-to-month,Yes,Electronic check,92.67,509.3,No
CUST-03925,Female,1,Yes,No,26,Yes,Yes,No,No internet service,No internet service,No internet service,No internet service,No internet service,No internet service,One year,Yes,Credit card (automatic),71.19,1661.69,No
CUST-03926,Female,0,Yes,No,17,No,No phone service,Fiber optic,Yes,Yes,No,Yes,Yes,No,Month-to-month,Yes,Bank transfer (automatic),43.86,667.74,No
CUST-03927,Male,0,Yes,No,66,No,No phone service,Fiber optic,No,Yes,No,No,Yes,No,Month-to-month,Yes,Electronic check,115.26,7720.99,No
CUST-03928,Male,0,Yes,No,51,Yes,No,DSL,No,No,Yes,No,No,Yes,One year,No,Mailed check,103.49,5790.86,No
CUST-03929,Male,0,Yes,No,47,Yes,No,Fiber optic,No,Yes,Yes,Yes,No,No,Two year,Yes,Bank transfer (automatic),109.78,4982.31,Yes
CUST-03930,Female,1,No,No,40,No,No phone service,DSL,No,No,Yes,No,No,Yes,One year,No,Electronic check,39.84,1595.51,No
CUST-03931,Female,0,Yes,No,27,Yes,Yes,Fiber optic,No,Yes,Yes,No,No,No,Month-to-month,Yes,Bank transfer (automatic),88.35,2715.33,No
CUST-03932,Male,0,No,No,40,Yes,No,DSL,No,No,No,No,No,Yes,One year,Yes,Bank transfer (automatic),73.32,2706.49,No
CUST-03933,Male,0,No,No,1,Yes,No,Fiber optic,No,Yes,No,Yes,Yes,No,Month-to-month,No,Credit card (automatic),39.83,37.65,No
CUST-03934,Female,0,No,Yes,46,Yes,No,DSL,No,No,Yes,No,Yes,Yes,Month-to-month,Yes,Bank transfer (automatic),100.41,4264.41,No
CUST-03935,Male,0,No,No,11,Yes,No,No,No internet service,No internet service,No internet service,No internet service,No internet service,No internet service,Month-to-month,No,Electronic check,18.57,203.47,Yes
CUST-03936,Female,1,No,No,39,Yes,Yes,Fiber optic,Yes,Yes,No,No,Yes,Yes,Month-to-month,No,Credit card (automatic),35.48,1266.26,No
CUST-03937,Female,1,Yes,No,18,Yes,No,No,No internet service,No internet service,No internet service,No internet service,No internet service,No internet service,Month-to-month,Yes,Electronic check,34.97,586.8,No
CUST-03938,Male,0,Yes,No,47,Yes,Yes,Fiber optic,Yes,Yes,No,No,Yes,No,One year,No,Mailed check,76.58,4070.25,No
CUST-03939,Male,1,Yes,No,21,Yes,Yes,No,No internet service,No internet service,No internet service,No internet service,No internet service,No internet service,One year,No,Electronic check,69.63,1334.69,No
CUST-03940,Male,1,Yes,No,28,Yes,No,DSL,Yes,No,Yes,No,No,Yes,Month-to-month,No,Electronic check,111.65,3389.06,No
CUST-03941,Male,0,No,No,1,Yes,No,Fiber optic,No,No,No,Yes,Yes,No,Month-to-month,No,Electronic check,101.54,99.73,Yes
CUST-03942,Female,0,No,No,14,Yes,No,Fiber optic,No,Yes,Yes,Yes,No,No,Month-to-month,Yes,Bank transfer (automatic),51.42,669.2,Yes
CUST-03943,Female,1,No,Yes,20,Yes,No,DSL,Yes,Yes,No,No,No,No,Month-to-month,Yes,Electronic check,71.37,1324.24,No
CUST-03944,Female,0,Yes,No,45,Yes,No,Fiber optic,Yes,No,No,Yes,No,No,Month-to-month,No,Mailed check,49.42,2022.08,Yes
CUST-03945,Male,1,No,No,61,No,No phone service,DSL,No,No,Yes,Yes,Yes,No,Two year,Yes,Bank transfer (automatic),38.44,2299.15,No
CUST-03946,Female,0,Yes,No,27,Yes,Yes,Fiber optic,No,Yes,No,Yes,Yes,No,Two year,Yes,Mailed check,79.64,2041.29,No
CUST-03947,Male,0,No,No,56,Yes,No,DSL,No,No,No,Yes,No,No,Two year,No,Bank transfer (automatic),101.2,5606.53,No
CUST-03948,Male,0,Yes,No,52,Yes,No,DSL,No,No,No,No,Yes,No,Month-to-month,Yes,Credit card (automatic),21.26,1116.06,No
CUST-03949,Male,0,Yes,Yes,68,Yes,Yes,DSL,No,Yes,No,Yes,No,Yes,Month-to-month,Yes,Credit card (automatic),23.2,1345.56,No
CUST-03950,Male,0,Yes,No,37,Yes,No,No,No internet service,No internet service,No internet service,No internet service,No internet service,No internet service,Month-to-month,No,Bank transfer (automatic),22.0,887.48,Yes
CUST-03951,Male,0,No,Yes,31,Yes,No,Fiber optic,No,No,Yes,No,Yes,Yes,Month-to-month,Yes,Electronic check,88.77,2953.62,No
CUST-03952,Male,0,Yes,No,49,Yes,No,No,No internet service,No internet service,No internet service,No internet service,No internet service,No internet service,Month-to-month,Yes,Credit card (automatic),53.27,2463.89,No
CUST-03953,Female,0,Yes,Yes,53,Yes,No,No,No internet service,No internet service,No internet service,No internet service,No internet service,No internet service,Month-to-month,No,Electronic check,89.5,4565.04,No
CUST-03954,Male,0,No,No,39,Yes,No,Fiber optic,No,Yes,No,Yes,No,Yes,Month-to-month,No,Credit card (automatic),40.64,1807.72,No
CUST-03955,Female,1,No,No,10,Yes,No,Fiber optic,No,Yes,No,Yes,Yes,Yes,Month-to-month,Yes,Mailed check,19.3,207.54,Yes
CUST-03956,Female,0,Yes,Yes,9,Yes,No,No,No internet service,No internet service,No internet service,No internet service,No internet service,No internet service,Month-to-month,Yes,Credit card (automatic),85.07,680.22,No
CUST-03957,Male,0,No,No,13,Yes,No,Fiber optic,No,No,Yes,No,No,No,Month-to-month,No,Mailed check,37.8,429.09,No
CUST-03958,Male,0,Yes,Yes,18,Yes,Yes,No,No internet service,No internet service,No internet service,No internet service,No internet service,No internet service,Two year,No,Mailed check,74.16,1520.22,No
CUST-03959,Male,0,Yes,Yes,12,Yes,No,Fiber optic,No,Yes,Yes,Yes,No,No,Two year,Yes,Electronic check,61.85,790.61,No
CUST-03960,Female,0,Yes,No,72,Yes,Yes,Fiber optic,No,No,No,Yes,No,Yes,One year,No,Credit card (automatic),107.75,8704.46,No
CUST-03961,Male,0,Yes,No,5,Yes,Yes,DSL,No,No,Yes,No,No,No,Two year,Yes,Electronic check,22.05,108.03,No
CUST-03962,Female,0,No,Yes,7,Yes,Yes,DSL,Yes,No,No,No,Yes,No,Month-to-month,No,Electronic check,63.12,434.03,Yes
CUST-03963,Male,0,No,No,15,Yes,Yes,Fiber optic,Yes,Yes,Yes,Yes,No,Yes,Month-to-month,Yes,Mailed check,102.45,1307.27,No
CUST-03964,Male,0,Yes,No,67,Yes,Yes,DSL,No,Yes,No,No,Yes,No,Two year,Yes,Mailed check,86.62,6657.65,No
CUST-03965,Female,1,No,Yes,18,Yes,No,DSL,No,No,No,Yes,Yes,No,One year,Yes,Electronic check,106.55,2068.03,Yes
CUST-03966,Female,0,No,No,38,Yes,No,DSL,No,Yes,No,No,No,No,Two year,No,Electronic check,117.87,4242.05,No
CUST-03967,Male,1,Yes,No,26,Yes,Yes,Fiber optic,No,No,No,No,Yes,No,Month-to-month,No,Electronic check,74.21,1932.63,No
CUST-03968,Female,1,Yes,No,38,Yes,Yes,Fiber optic,No,No,No,No,No,Yes,Month-to-month,No,Bank transfer (automatic),52.96,1889.07,No
CUST-03969,Female,1,No,No,59,Yes,No,No,No internet service,No internet service,No internet service,No internet service,No internet service,No internet service,Month-to-month,Yes,Electronic check,26.38,1363.14,Yes
CUST-03970,Female,1,No,No,52,No,No phone service,No,No internet service,No internet service,No internet service,No internet service,No internet service,No internet service,Two year,Yes,Electronic check,81.39,4339.9,No
CUST-03971,Female,0,No,No,33,Yes,No,No,No internet service,No internet service,No internet service,No internet service,No internet service,No internet service,One year,Yes,Mailed check,96.34,3228.52,No
CUST-03972,Female,0,No,No,21,Yes,No,Fiber optic,No,No,No,No,Yes,No,One year,No,Bank transfer (automatic),68.44,1434.58,Yes
CUST-03973,Male,0,Yes,No,17,Yes,No,Fiber optic,No,No,Yes,No,No,No,One year,No,Credit card (automatic),38.86,759.6,No
CUST-03974,Male,0,No,Yes,62,Yes,Yes,No,No internet service,No internet service,No internet service,No internet service,No internet service,No internet service,Two year,No,Electronic check,109.18,7587.02,No
CUST-03975,Female,0,Yes,No,59,Yes,No,DSL,No,No,Yes,Yes,No,No,Month-to-month,Yes,Mailed check,108.28,6624.29,No
CUST-03976,Male,0,No,No,2,Yes,No,DSL,No,No,No,No,No,No,Two year,Yes,Credit card (automatic),56.76,107.16,No
CUST-03977,Male,1,No,No,64,Yes,No,DSL,No,No,No,No,No,No,Month-to-month,No,Bank transfer (automatic),84.31,4824.41,No
CUST-03978,Female,1,Yes,No,25,Yes,No,No,No internet service,No internet service,No internet service,No internet service,No internet service,No internet service,Two year,No,Bank transfer (automatic),95.61,2637.15,No
CUST-03979,Male,0,Yes,No,41,Yes,No,Fiber optic,Yes,No,No,No,No,No,Month-to-month,Yes,Credit card (automatic),28.48,1047.71,No
CUST-03980,Female,0,No,Yes,19,Yes,Yes,Fiber optic,Yes,No,No,No,No,No,Month-to-month,Yes,Electronic check,103.17,1700.66,No
CUST-03981,Female,1,Yes,No,38,Yes,No,No,No internet service,No internet service,No internet service,No internet service,No internet service,No internet service,Month-to-month,Yes,Mailed check,91.88,3714.68,Yes
CUST-03982,Male,0,No,Yes,25,Yes,No,Fiber optic,No,No,No,Yes,No,No,One year,No,Mailed check,70.68,1636.17,No
CUST-03983,Female,0,No,No,39,Yes,No,No,No internet service,No internet service,No internet service,No internet service,No internet service,No internet service,Two year,No,Mailed check,110.72,4834.34,No
CUST-03984,Female,0,No,No,4,Yes,No,DSL,Yes,No,No,No,No,No,Two year,No,Credit card (automatic),97.17,434.16,No
CUST-03985,Female,0,Yes,Yes,3,Yes,Yes,Fiber optic,No,No,No,Yes,No,No,Two year,Yes,Mailed check,67.76,207.75,No
CUST-03986,Female,0,No,No,34,Yes,No,Fiber optic,No,No,No,No,No,No,Two year,No,Electronic check,106.44,3878.9,No
CUST-03987,Female,1,No,No,10,Yes,No,DSL,Yes,No,Yes,No,No,No,Month-to-month,Yes,Electronic check,106.34,941.62,No
CUST-03988,Male,0,No,No,27,No,No phone service,DSL,Yes,No,No,No,No,Yes,One year,No,Electronic check,80.58,2247.18,No
CUST-03989,Male,0,No,Yes,1,Yes,Yes,DSL,Yes,Yes,Yes,No,Yes,Yes,Month-to-month,No,Bank transfer (automatic),107.31,107.32,No
CUST-03990,Female,0,No,No,44,Yes,No,Fiber optic,Yes,No,No,No,Yes,No,Month-to-month,Yes,Credit card (automatic),91.66,3733.35,Yes
CUST-03991,Female,0,No,No,52,Yes,No,DSL,Yes,Yes,Yes,No,Yes,No,Month-to-month,No,Electronic check,27.96,1626.52,No
CUST-03992,Male,1,Yes,No,25,Yes,No,Fiber optic,Yes,No,Yes,No,No,No,Month-to-month,Yes,Electronic check,106.38,2958.79,Yes
CUST-03993,Female,0,No,No,65,Yes,No,No,No internet service,No internet service,No internet service,No internet service,No internet service,No internet service,Two year,No,Electronic check,93.64,6669.3,No
CUST-03994,Male,0,Yes,No,11,Yes,Yes,DSL,Yes,No,No,No,Yes,No,Two year,Yes,Bank transfer (automatic),51.6,631.17,No
CUST-03995,Female,0,Yes,No,68,No,No phone service,Fiber optic,No,No,No,No,No,No,Month-to-month,Yes,Credit card (automatic),32.53,2499.19,No
CUST-03996,Female,0,Yes,No,15,Yes,No,DSL,No,No,No,No,Yes,No,Month-to-month,Yes,Mailed check,25.76,393.23,No
CUST-03997,Female,0,No,No,57,Yes,No,No,No internet service,No internet service,No internet service,No internet service,No internet service,No internet service,Month-to-month,Yes,Electronic check,115.11,6596.84,No
CUST-03998,Female,0,No,No,64,Yes,Yes,DSL,No,No,No,No,Yes,Yes,Month-to-month,No,Credit card (automatic),77.83,5646.55,No
CUST-03999,Female,0,No,No,11,Yes,No,Fiber optic,No,No,No,No,No,Yes,Month-to-month,No,Electronic check,24.61,302.65,Yes
CUST-04000,Female,0,Yes,No,20,Yes,Yes,No,No internet service,No internet service,No internet service,No internet service,No internet service,No internet service,Month-to-month,Yes,Electronic check,20.73,425.49,Yes
CUST-04001,Female,0,Yes,No,30,Yes,Yes,No,No internet service,No internet service,No internet service,No internet service,No internet service,No internet service,Two year,No,Electronic check,29.08,775.47,No
CUST-04002,Male,1,Yes,No,10,No,No phone service,Fiber optic,Yes,No,Yes,No,No,Yes,Month-to-month,No,Bank transfer (automatic),87.04,938.17,No
CUST-04003,Male,1,No,No,54,Yes,Yes,Fiber optic,No,Yes,No,No,Yes,Yes,Month-to-month,No,Mailed check,39.28,1913.53,No
CUST-04004,Male,0,Yes,No,58,Yes,No,Fiber optic,Yes,No,Yes,No,Yes,No,One year,No,Electronic check,70.02,4496.06,No
CUST-04005,Female,0,Yes,Yes,29,Yes,No,Fiber optic,Yes,Yes,Yes,Yes,Yes,No,Two year,Yes,Bank transfer (automatic),101.84,3129.19,No
CUST-04006,Female,0,Yes,No,1,Yes,No,DSL,No,No,No,No,Yes,No,One year,No,Mailed check,95.44,96.57,No
CUST-04007,Female,1,No,Yes,58,Yes,Yes,No,No internet service,No internet service,No internet service,No internet service,No internet service,No internet service,Month-to-month,Yes,Credit card (automatic),58.4,3846.37,No
CUST-04008,Female,0,No,Yes,21,Yes,Yes,No,No internet service,No internet service,No internet service,No internet service,No internet service,No internet service,Month-to-month,Yes,Electronic check,102.9,2268.65,No
CUST-04009,Female,0,No,Yes,15,Yes,No,Fiber optic,Yes,Yes,No,No,Yes,Yes,One year,Yes,Credit card (automatic),49.33,679.93,No
CUST-04010,Female,0,Yes,No,67,Yes,No,Fiber optic,Yes,No,No,No,Yes,No,One year,No,Electronic check,43.08,2684.47,No
CUST-04011,Female,0,Yes,No,33,Yes,Yes,DSL,No,No,No,Yes,Yes,No,Two year,Yes,Mailed check,93.99,2798.41,No
CUST-04012,Male,0,Yes,Yes,38,Yes,No,DSL,No,Yes,No,No,No,No,Month-to-month,No,Mailed check,68.19,2891.38,No
CUST-04013,Female,0,Yes,No,19,Yes,Yes,Fiber optic,Yes,No,Yes,Yes,Yes,Yes,Month-to-month,Yes,Credit card (automatic),113.51,2016.92,Yes
CUST-04014,Male,0,Yes,Yes,4,Yes,No,DSL,Yes,Yes,Yes,No,No,Yes,Month-to-month,No,Mailed check,45.43,206.51,No
CUST-04015,Male,0,Yes,No,58,Yes,No,No,No internet service,No internet service,No internet service,No internet service,No internet service,No internet service,Month-to-month,Yes,Electronic check,71.49,4092.59,No
CUST-04016,Female,0,Yes,No,70,Yes,Yes,No,No internet service,No internet service,No internet service,No internet service,No internet service,No internet service,Month-to-month,No,Electronic check,38.6,2996.39,No
CUST-04017,Female,0,Yes,Yes,12,Yes,No,Fiber optic,No,No,No,Yes,No,No,Two year,Yes,Electronic check,26.32,310.32,No
CUST-04018,Male,0,Yes,Yes,17,Yes,No,No,No internet service,No internet service,No internet service,No internet service,No internet service,No internet service,Month-to-month,No,Electronic check,37.11,717.51,Yes
CUST-04019,Male,0,No,No,1,Yes,No,DSL,Yes,Yes,No,Yes,No,No,Month-to-month,No,Electronic check,24.18,26.26,No
CUST-04020,Female,1,No,No,14,Yes,Yes,No,No internet service,No internet service,No internet service,No internet service,No internet service,No internet service,Month-to-month,No,Electronic check,38.38,607.78,Yes
CUST-04021,Female,0,No,Yes,2,Yes,Yes,DSL,Yes,No,Yes,Yes,Yes,Yes,Month-to-month,No,Credit card (automatic),20.54,45.1,No
CUST-04022,Male,0,Yes,No,4,Yes,No,Fiber optic,No,No,No,No,Yes,No,One year,No,Credit card (automatic),31.98,134.45,No
CUST-04023,Female,0,Yes,No,66,Yes,No,Fiber optic,No,No,Yes,No,No,Yes,Two year,No,Mailed check,61.73,4557.69,No
CUST-04024,Female,1,No,No,46,Yes,Yes,Fiber optic,No,Yes,Yes,No,Yes,Yes,Two year,Yes,Credit card (automatic),46.23,1871.06,No
CUST-04025,Female,0,Yes,No,50,Yes,Yes,Fiber optic,No,No,Yes,No,No,No,Month-to-month,Yes,Mailed check,51.3,2505.33,Yes
CUST-04026,Male,0,No,No,60,No,No phone service,Fiber optic,Yes,No,No,No,No,Yes,Month-to-month,No,Bank transfer (automatic),35.44,2095.15,No
CUST-04027,Male,1,No,No,52,Yes,No,Fiber optic,No,No,No,No,Yes,Yes,Month-to-month,No,Credit card (automatic),111.82,6434.67,No
CUST-04028,Male,0,No,No,48,Yes,Yes,DSL,Yes,No,No,No,No,No,Month-to-month,No,Mailed check,108.22,5267.09,No
CUST-04029,Female,0,No,No,39,Yes,Yes,Fiber optic,No,No,No,No,No,Yes,Two year,Yes,Bank transfer (automatic),51.5,2026.73,No
CUST-04030,Female,0,No,Yes,70,Yes,No,Fiber optic,Yes,No,No,No,No,No,Month-to-month,Yes,Bank transfer (automatic),110.45,7222.42,No
CUST-04031,Male,0,No,No,60,Yes,No,DSL,No,No,No,No,Yes,Yes,Two year,Yes,Bank transfer (automatic),62.38,3794.18,No
CUST-04032,Male,1,Yes,Yes,30,Yes,Yes,DSL,No,No,Yes,No,No,No,Month-to-month,No,Electronic check,47.96,1616.86,No
CUST-04033,Male,0,Yes,Yes,27,Yes,No,DSL,Yes,Yes,No,Yes,No,No,Two year,No,Credit card (automatic),117.71,3457.08,No
CUST-04034,Female,0,Yes,No,55,Yes,Yes,Fiber optic,Yes,No,No,Yes,No,No,Month-to-month,Yes,Credit card (automatic),61.45,3626.2,No
CUST-04035,Male,0,Yes,No,70,Yes,No,Fiber optic,Yes,No,No,Yes,No,Yes,Two year,Yes,Credit card (automatic),26.65,1973.25,No
CUST-04036,Male,0,Yes,Yes,26,Yes,Yes,No,No internet service,No internet service,No internet service,No internet service,No internet service,No internet service,Month-to-month,Yes,Mailed check,76.88,1942.94,No
CUST-04037,Female,0,Yes,No,42,No,No phone service,Fiber optic,No,No,Yes,No,Yes,Yes,Two year,Yes,Credit card (automatic),36.51,1670.04,No
CUST-04038,Female,0,No,No,67,Yes,Yes,DSL,Yes,No,No,No,Yes,No,Month-to-month,No,Bank transfer (automatic),79.97,5069.73,No
CUST-04039,Female,0,Yes,No,67,Yes,Yes,No,No internet service,No internet service,No internet service,No internet service,No internet service,No internet service,Month-to-month,No,Credit card (automatic),23.08,1705.02,No
CUST-04040,Male,0,Yes,Yes,52,Yes,Yes,No,No internet service,No internet service,No internet service,No internet service,No internet service,No internet service,Month-to-month,Yes,Mailed check,29.38,1740.16,No
CUST-04041,Female,0,Yes,No,6,No,No phone service,DSL,No,No,No,Yes,No,Yes,Month-to-month,Yes,Electronic check,49.67,282.53,No
CUST-04042,Female,0,No,No,10,Yes,Yes,No,No internet service,No internet service,No internet service,No internet service,No internet service,No internet service,Month-to-month,Yes,Mailed check,80.19,857.29,Yes
CUST-04043,Male,0,Yes,No,38,Yes,No,Fiber optic,Yes,No,No,No,No,No,One year,No,Mailed check,83.19,3529.06,No
CUST-04044,Female,0,No,No,12,Yes,No,Fiber optic,Yes,Yes,No,No,Yes,No,One year,Yes,Mailed check,83.33,1009.75,Yes
CUST-04045,Male,0,No,No,46,Yes,Yes,Fiber optic,No,No,No,No,No,No,Month-to-month,Yes,Mailed check,69.52,3476.23,Yes
CUST-04046,Male,0,No,No,49,Yes,No,Fiber optic,No,No,No,No,No,No,One year,Yes,Electronic check,51.48,2602.66,No
CUST-04047,Female,0,Yes,No,72,Yes,No,No,No internet service,No internet service,No internet service,No internet service,No internet service,No internet service,Month-to-month,Yes,Bank transfer (automatic),106.01,8464.63,No
CUST-04048,Female,0,No,No,63,Yes,Yes,DSL,No,No,No,No,No,Yes,Month-to-month,No,Mailed check,63.66,4469.76,No
CUST-04049,Female,0,No,No,69,No,No phone service,DSL,No,No,Yes,No,No,No,One year,Yes,Electronic check,96.91,6980.43,No
CUST-04050,Female,1,Yes,Yes,43,Yes,No,Fiber optic,No,No,Yes,Yes,No,No,Month-to-month,No,Electronic check,65.66,2618.69,No
CUST-04051,Female,0,Yes,No,60,Yes,Yes,DSL,Yes,Yes,Yes,No,No,Yes,One year,Yes,Bank transfer (automatic),104.47,6479.76,No
CUST-04052,Female,0,Yes,No,29,Yes,No,Fiber optic,No,Yes,No,No,No,No,Month-to-month,No,Bank transfer (automatic),21.06,572.96,Yes
CUST-04053,Male,0,No,Yes,11,Yes,No,No,No internet service,No internet service,No internet service,No internet service,No internet service,No internet service,Month-to-month,Yes,Mailed check,45.21,425.99,No
CUST-04054,Male,0,Yes,No,35,Yes,Yes,Fiber optic,No,Yes,No,No,No,No,Month-to-month,Yes,Electronic check,96.64,3882.04,Yes
CUST-04055,Female,0,No,No,23,Yes,No,No,No internet service,No internet service,No internet service,No internet service,No internet service,No internet service,Two year,No,Electronic check,87.73,1983.06,No
CUST-04056,Male,1,Yes,No,72,Yes,Yes,Fiber optic,No,Yes,Yes,No,Yes,Yes,Month-to-month,No,Credit card (automatic),109.41,7783.18,Yes
CUST-04057,Female,0,No,Yes,21,Yes,Yes,DSL,Yes,No,No,No,No,No,Month-to-month,Yes,Electronic check,77.76,1656.34,No
CUST-04058,Male,0,No,No,37,Yes,No,No,No internet service,No internet service,No internet service,No internet service,No internet service,No internet service,Two year,Yes,Electronic check,114.29,4554.29,No
CUST-04059,Male,0,Yes,No,28,Yes,No,DSL,No,No,Yes,Yes,No,No,Two year,Yes,Bank transfer (automatic),110.22,3324.48,No
CUST-04060,Male,0,Yes,No,58,Yes,Yes,No,No internet service,No internet service,No internet service,No internet service,No internet service,No internet service,Month-to-month,Yes,Bank transfer (automatic),111.35,6560.93,No
CUST-04061,Female,0,Yes,Yes,53,Yes,Yes,Fiber optic,No,No,No,No,No,Yes,Two year,No,Electronic check,80.03,4639.92,No
CUST-04062,Male,0,Yes,No,28,Yes,No,No,No internet service,No internet service,No internet service,No internet service,No internet service,No internet service,Month-to-month,Yes,Electronic check,107.71,2755.33,Yes
CUST-04063,Female,0,No,No,42,Yes,No,DSL,No,No,No,No,Yes,No,Month-to-month,Yes,Electronic check,61.44,2850.53,No
CUST-04064,Male,0,Yes,No,61,Yes,No,No,No internet service,No internet service,No internet service,No internet service,No internet service,No internet service,Month-to-month,Yes,Electronic check,116.22,6277.5,No
CUST-04065,Male,0,No,Yes,33,Yes,Yes,Fiber optic,No,No,Yes,No,Yes,Yes,Month-to-month,No,Electronic check,34.96,1207.68,No
CUST-04066,Male,0,Yes,No,55,Yes,Yes,DSL,No,No,No,Yes,No,No,Month-to-month,Yes,Electronic check,48.29,2265.28,No
CUST-04067,Male,0,Yes,No,37,Yes,No,No,No internet service,No internet service,No internet service,No internet service,No internet service,No internet service,One year,No,Bank transfer (automatic),69.7,2957.0,No
CUST-04068,Male,0,No,Yes,47,Yes,Yes,No,No internet service,No internet service,No internet service,No internet service,No internet service,No internet service,Month-to-month,Yes,Bank transfer (automatic),114.85,5631.67,No
CUST-04069,Female,0,No,Yes,36,Yes,Yes,Fiber optic,No,No,No,Yes,Yes,No,Month-to-month,No,Electronic check,76.33,3092.99,Yes
CUST-04070,Female,1,Yes,Yes,28,Yes,No,Fiber optic,Yes,Yes,No,Yes,No,Yes,Month-to-month,Yes,Electronic check,24.54,700.7,No
CUST-04071,Male,0,No,Yes,10,Yes,Yes,Fiber optic,Yes,Yes,Yes,Yes,No,Yes,Month-to-month,Yes,Credit card (automatic),80.34,922.6,No
CUST-04072,Male,1,Yes,No,23,Yes,Yes,Fiber optic,No,No,No,No,No,Yes,Month-to-month,No,Mailed check,114.06,2652.47,Yes
CUST-04073,Male,1,No,No,5,Yes,Yes,No,No internet service,No internet service,No internet service,No internet service,No internet service,No internet service,One year,No,Electronic check,61.75,301.3,Yes
CUST-04074,Male,1,Yes,Yes,6,Yes,No,Fiber optic,No,Yes,Yes,Yes,Yes,Yes,Two year,No,Electronic check,48.53,313.6,No
CUST-04075,Female,0,Yes,No,42,Yes,No,DSL,No,No,No,No,No,No,Month-to-month,Yes,Electronic check,78.45,2903.68,No
CUST-04076,Male,0,No,No,47,No,No phone service,DSL,No,Yes,No,No,Yes,Yes,One year,Yes,Credit card (automatic),86.99,3794.68,No
CUST-04077,Female,0,Yes,Yes,28,Yes,No,Fiber optic,Yes,No,Yes,No,Yes,No,One year,Yes,Credit card (automatic),58.77,1676.65,No
CUST-04078,Male,0,Yes,No,13,Yes,No,Fiber optic,Yes,No,No,No,Yes,Yes,Two year,No,Electronic check,25.94,327.61,No
CUST-04079,Female,0,Yes,Yes,25,Yes,No,Fiber optic,No,No,Yes,No,Yes,Yes,One year,No,Electronic check,55.82,1391.15,No
CUST-04080,Male,0,No,No,7,Yes,Yes,DSL,No,No,No,No,No,No,Month-to-month,Yes,Bank transfer (automatic),67.2,520.31,Yes
CUST-04081,Male,0,No,Yes,66,Yes,No,DSL,Yes,No,No,Yes,No,No,Month-to-month,No,Electronic check,70.45,4225.76,No
CUST-04082,Female,0,No,No,58,Yes,Yes,Fiber optic,Yes,Yes,No,No,Yes,Yes,Two year,Yes,Mailed check,88.69,4545.23,No
CUST-04083,Male,1,No,Yes,66,Yes,No,Fiber optic,No,Yes,No,No,No,No,Two year,No,Credit card (automatic),19.9,1300.72,No
CUST-04084,Male,1,No,No,36,Yes,No,DSL,No,No,No,Yes,No,No,One year,No,Bank transfer (automatic),107.04,3528.09,No
CUST-04085,Male,1,Yes,No,2,Yes,Yes,No,No internet service,No internet service,No internet service,No internet service,No internet service,No internet service,Two year,No,Mailed check,79.14,135.4,No
CUST-04086,Female,0,Yes,No,38,Yes,No,Fiber optic,No,Yes,No,Yes,No,Yes,One year,Yes,Credit card (automatic),71.42,2889.87,No
CUST-04087,Male,1,No,No,14,Yes,No,Fiber optic,No,No,No,No,No,No,One year,No,Mailed check,34.46,472.1,No
CUST-04088,Male,0,Yes,Yes,27,Yes,Yes,Fiber optic,No,Yes,No,Yes,No,No,Two year,No,Bank transfer (automatic),30.41,874.25,No
CUST-04089,Female,0,Yes,No,15,Yes,Yes,Fiber optic,No,No,No,No,No,No,Two year,Yes,Mailed check,74.44,1018.04,Yes
CUST-04090,Female,0,No,No,12,Yes,Yes,DSL,No,No,No,No,Yes,No,Month-to-month,No,Bank transfer (automatic),90.33,1019.76,No
CUST-04091,Female,1,No,No,43,Yes,No,No,No internet service,No internet service,No internet service,No internet service,No internet service,No internet service,Month-to-month,Yes,Electronic check,94.86,4265.73,Yes
CUST-04092,Male,1,Yes,Yes,57,Yes,No,DSL,No,No,No,No,Yes,No,One year,Yes,Electronic check,75.63,4533.99,No
CUST-04093,Male,0,Yes,Yes,48,Yes,No,Fiber optic,No,Yes,No,No,No,No,Month-to-month,No,Mailed check,53.91,2780.22,No
CUST-04094,Male,0,No,No,61,Yes,Yes,Fiber optic,No,No,Yes,No,No,Yes,One year,Yes,Bank transfer (automatic),32.48,1745.95,No
CUST-04095,Female,0,No,Yes,44,Yes,Yes,DSL,No,Yes,Yes,Yes,No,No,One year,Yes,Mailed check,75.15,3627.64,No
CUST-04096,Male,0,Yes,No,52,Yes,No,No,No internet service,No internet service,No internet service,No internet service,No internet service,No internet service,Month-to-month,Yes,Electronic check,51.7,2760.05,No
CUST-04097,Male,1,Yes,Yes,62,No,No phone service,DSL,No,Yes,No,No,Yes,Yes,Month-to-month,Yes,Electronic check,99.54,5467.2,No
CUST-04098,Female,1,No,No,2,Yes,No,Fiber optic,No,No,No,No,Yes,No,Two year,No,Credit card (automatic),69.23,135.91,Yes
CUST-04099,Female,0,Yes,No,71,Yes,Yes,Fiber optic,Yes,No,No,Yes,No,Yes,Month-to-month,Yes,Credit card (automatic),40.81,2791.88,No
CUST-04100,Female,0,No,Yes,31,Yes,Yes,No,No internet service,No internet service,No internet service,No internet service,No internet service,No internet service,Month-to-month,No,Electronic check,101.72,2842.16,No
CUST-04101,Female,0,Yes,No,72,Yes,No,DSL,Yes,No,Yes,No,No,No,Month-to-month,No,Credit card (automatic),110.11,8810.73,No
CUST-04102,Female,0,Yes,No,33,Yes,Yes,Fiber optic,Yes,Yes,No,No,Yes,No,One year,No,Bank transfer (automatic),36.69,1230.67,No
CUST-04103,Male,0,Yes,No,5,Yes,Yes,DSL,Yes,Yes,Yes,Yes,No,Yes,One year,Yes,Electronic check,73.61,363.37,No
CUST-04104,Female,0,No,No,58,Yes,Yes,Fiber optic,No,No,Yes,No,No,Yes,Two year,Yes,Electronic check,103.41,5403.69,No
CUST-04105,Male,0,No,Yes,11,Yes,No,Fiber optic,Yes,No,Yes,No,No,No,One year,No,Credit card (automatic),105.25,1194.34,No
CUST-04106,Male,0,Yes,Yes,23,Yes,Yes,DSL,No,No,No,No,No,Yes,One year,No,Mailed check,76.82,1566.91,No
CUST-04107,Female,0,No,No,45,Yes,Yes,DSL,No,Yes,Yes,Yes,No,No,One year,Yes,Electronic check,71.72,3254.82,No
CUST-04108,Female,0,Yes,No,27,Yes,Yes,DSL,No,Yes,Yes,No,No,Yes,Two year,No,Bank transfer (automatic),22.99,586.67,No
CUST-04109,Female,0,No,No,56,Yes,Yes,No,No internet service,No internet service,No internet service,No internet service,No internet service,No internet service,One year,Yes,Electronic check,91.73,5257.22,Yes
CUST-04110,Male,0,Yes,Yes,59,Yes,No,No,No internet service,No internet service,No internet service,No internet service,No internet service,No internet service,Month-to-month,No,Bank transfer (automatic),36.63,2278.33,No
CUST-04111,Female,0,No,No,40,Yes,No,Fiber optic,No,Yes,No,Yes,Yes,No,Two year,No,Bank transfer (automatic),107.1,4858.78,No
CUST-04112,Female,1,Yes,No,18,Yes,No,No,No internet service,No internet service,No internet service,No internet service,No internet service,No internet service,Two year,Yes,Bank transfer (automatic),97.51,1813.99,Yes
CUST-04113,Female,0,No,Yes,51,Yes,Yes,Fiber optic,No,No,Yes,Yes,Yes,Yes,Month-to-month,Yes,Bank transfer (automatic),118.15,5732.73,No
CUST-04114,Female,1,No,No,61,Yes,Yes,Fiber optic,Yes,No,Yes,No,No,No,Month-to-month,Yes,Mailed check,73.13,4913.09,No
CUST-04115,Female,1,Yes,No,23,No,No phone service,Fiber optic,No,No,Yes,Yes,Yes,No,Month-to-month,No,Mailed check,64.82,1571.59,No
CUST-04116,Male,0,Yes,No,36,Yes,Yes,No,No internet service,No internet service,No internet service,No internet service,No internet service,No internet service,Two year,No,Electronic check,48.86,1715.45,No
CUST-04117,Male,0,Yes,No,38,Yes,No,DSL,Yes,No,No,No,No,Yes,Two year,No,Mailed check,22.21,731.42,No
CUST-04118,Male,0,No,No,72,No,No phone service,DSL,No,Yes,No,No,No,No,One year,No,Credit card (automatic),82.1,6479.55,No
CUST-04119,Female,1,Yes,Yes,56,Yes,Yes,No,No internet service,No internet service,No internet service,No internet service,No internet service,No internet service,Month-to-month,No,Electronic check,113.44,6796.39,No
CUST-04120,Female,1,No,No,39,Yes,Yes,No,No internet service,No internet service,No internet service,No internet service,No internet service,No internet service,Month-to-month,No,Bank transfer (automatic),65.79,2538.62,Yes
CUST-04121,Female,0,No,Yes,69,Yes,Yes,DSL,Yes,No,No,No,No,No,Two year,Yes,Electronic check,47.82,3363.26,No
CUST-04122,Male,0,Yes,No,28,Yes,No,Fiber optic,Yes,Yes,Yes,No,No,Yes,Two year,Yes,Credit card (automatic),86.47,2619.95,No
CUST-04123,Female,0,Yes,No,21,Yes,No,DSL,No,Yes,No,No,No,No,One year,No,Electronic check,90.05,1875.8,Yes
CUST-04124,Female,0,No,No,62,Yes,No,DSL,Yes,No,Yes,Yes,No,No,Month-to-month,Yes,Electronic check,90.19,5845.41,No
CUST-04125,Female,0,No,No,23,Yes,No,DSL,No,Yes,Yes,Yes,No,No,Two year,Yes,Credit card (automatic),114.53,2618.11,No
CUST-04126,Male,0,No,No,21,Yes,No,Fiber optic,No,Yes,No,No,Yes,No,One year,Yes,Electronic check,30.52,664.84,No
CUST-04127,Female,0,Yes,Yes,16,Yes,Yes,Fiber optic,Yes,Yes,No,No,No,No,Two year,Yes,Credit card (automatic),99.81,1601.98,Yes
CUST-04128,Male,0,Yes,Yes,62,Yes,No,DSL,No,No,Yes,No,No,No,One year,No,Bank transfer (automatic),26.53,1528.21,No
CUST-04129,Female,0,No,No,65,Yes,No,DSL,No,No,No,No,Yes,Yes,Two year,Yes,Bank transfer (automatic),88.82,5998.23,No
CUST-04130,Male,0,No,No,5,Yes,No,Fiber optic,No,No,No,No,No,No,Month-to-month,Yes,Electronic check,94.09,467.23,No
CUST-04131,Male,1,No,No,46,Yes,Yes,DSL,No,No,No,No,No,No,One year,Yes,Credit card (automatic),58.89,2522.12,No
CUST-04132,Male,0,Yes,No,64,Yes,Yes,DSL,No,No,No,No,No,No,Two year,No,Electronic check,90.48,6433.88,No
CUST-04133,Female,0,Yes,No,41,No,No phone service,No,No internet service,No internet service,No internet service,No internet service,No internet service,No internet service,One year,No,Credit card (automatic),38.72,1516.41,No
CUST-04134,Female,0,Yes,Yes,44,Yes,Yes,Fiber optic,No,No,Yes,Yes,No,Yes,Month-to-month,No,Bank transfer (automatic),21.52,894.19,No
CUST-04135,Male,0,No,No,15,No,No phone service,Fiber optic,No,No,No,No,No,No,Two year,Yes,Mailed check,36.13,468.71,No
CUST-04136,Male,0,Yes,No,68,Yes,No,Fiber optic,Yes,No,Yes,No,No,No,Two year,Yes,Electronic check,32.1,1947.59,No
CUST-04137,Female,0,No,No,51,Yes,No,DSL,No,No,No,No,No,No,One year,Yes,Mailed check,102.65,5095.0,No
CUST-04138,Female,0,No,No,54,Yes,No,Fiber optic,No,Yes,No,No,Yes,Yes,One year,Yes,Electronic check,45.53,2509.71,No
CUST-04139,Male,1,Yes,Yes,68,Yes,No,No,No internet service,No internet service,No internet service,No internet service,No internet service,No internet service,Month-to-month,No,Mailed check,90.99,5385.66,Yes
CUST-04140,Female,0,Yes,No,42,Yes,Yes,DSL,No,No,No,Yes,No,No,Month-to-month,No,Electronic check,101.8,4396.95,Yes
CUST-04141,Female,1,No,No,46,Yes,Yes,No,No internet service,No internet service,No internet service,No internet service,No internet service,No internet service,Month-to-month,No,Electronic check,114.22,5370.43,Yes
CUST-04142,Female,0,Yes,Yes,25,Yes,No,Fiber optic,Yes,No,No,No,No,No,One year,Yes,Mailed check,101.18,2189.07,Yes
CUST-04143,Female,0,Yes,No,67,Yes,Yes,No,No internet service,No internet service,No internet service,No internet service,No internet service,No internet service,Two year,Yes,Electronic check,103.05,7230.38,No
CUST-04144,Male,0,Yes,No,35,Yes,No,No,No internet service,No internet service,No internet service,No internet service,No internet service,No internet service,One year,Yes,Bank transfer (automatic),52.81,2003.87,No
CUST-04145,Female,0,No,No,22,Yes,No,No,No internet service,No internet service,No internet service,No internet service,No internet service,No internet service,Month-to-month,Yes,Electronic check,47.39,1108.07,No
CUST-04146,Female,0,No,No,9,Yes,No,DSL,No,No,Yes,Yes,Yes,Yes,Two year,No,Bank transfer (automatic),60.48,516.13,No
CUST-04147,Male,0,No,No,24,No,No phone service,DSL,Yes,No,Yes,No,Yes,Yes,Month-to-month,No,Bank transfer (automatic),86.32,1792.37,No
CUST-04148,Male,0,No,Yes,23,Yes,Yes,Fiber optic,Yes,No,Yes,No,No,Yes,Month-to-month,Yes,Electronic check,49.35,1159.11,Yes
CUST-04149,Female,0,No,Yes,61,Yes,No,Fiber optic,No,No,Yes,Yes,No,No,Two year,Yes,Bank transfer (automatic),21.22,1364.84,No
CUST-04150,Female,0,No,No,37,Yes,No,Fiber optic,No,No,Yes,Yes,Yes,No,Month-to-month,Yes,Electronic check,73.04,2989.28,No
CUST-04151,Female,0,No,Yes,45,Yes,No,DSL,Yes,No,No,No,No,No,One year,Yes,Credit card (automatic),21.6,835.87,No
CUST-04152,Female,1,Yes,No,15,Yes,No,Fiber optic,Yes,No,No,No,Yes,No,Month-to-month,Yes,Electronic check,96.79,1358.46,Yes
CUST-04153,Male,1,Yes,No,57,Yes,Yes,DSL,Yes,Yes,No,No,Yes,Yes,One year,Yes,Electronic check,30.46,1481.44,No
CUST-04154,Male,0,No,No,14,Yes,Yes,Fiber optic,Yes,Yes,No,Yes,Yes,No,One year,Yes,Bank transfer (automatic),110.14,1498.5,No
CUST-04155,Male,1,No,No,52,Yes,No,Fiber optic,No,Yes,No,No,No,No,One year,No,Mailed check,72.98,3493.98,No
CUST-04156,Female,0,Yes,Yes,36,Yes,Yes,No,No internet service,No internet service,No internet service,No internet service,No internet service,No internet service,Month-to-month,No,Credit card (automatic),82.55,2592.16,No
CUST-04157,Female,0,No,No,27,Yes,Yes,Fiber optic,No,No,No,No,Yes,No,Two year,No,Bank transfer (automatic),55.51,1614.65,No
CUST-04158,Female,0,Yes,No,17,Yes,No,No,No internet service,No internet service,No internet service,No internet service,No internet service,No internet service,One year,Yes,Electronic check,83.63,1483.98,No
CUST-04159,Female,1,Yes,No,41,Yes,No,No,No internet service,No internet service,No internet service,No internet service,No internet service,No internet service,Month-to-month,Yes,Bank transfer (automatic),43.75,1753.18,No
CUST-04160,Male,0,No,No,4,Yes,No,Fiber optic,No,Yes,No,Yes,No,No,One year,No,Mailed check,99.93,359.49,No
CUST-04161,Male,0,Yes,Yes,3,Yes,No,DSL,No,Yes,No,No,No,No,Month-to-month,No,Electronic check,50.52,153.81,Yes
CUST-04162,Female,0,No,No,19,Yes,No,DSL,Yes,Yes,No,Yes,No,No,Month-to-month,Yes,Electronic check,82.26,1434.91,No
CUST-04163,Male,0,Yes,No,41,Yes,No,No,No internet service,No internet service,No internet service,No internet service,No internet service,No internet service,Month-to-month,No,Credit card (automatic),90.76,3401.81,No
CUST-04164,Female,0,Yes,No,40,Yes,No,Fiber optic,Yes,No,Yes,No,No,No,One year,No,Electronic check,50.08,1984.16,No
CUST-04165,Female,0,No,No,58,Yes,Yes,Fiber optic,Yes,No,Yes,No,No,No,Two year,No,Bank transfer (automatic),82.49,4408.22,No
CUST-04166,Male,0,No,Yes,39,Yes,Yes,DSL,No,Yes,No,No,No,No,Two year,Yes,Credit card (automatic),55.9,2205.77,No
CUST-04167,Female,0,Yes,No,7,Yes,Yes,DSL,Yes,Yes,Yes,No,Yes,Yes,Two year,Yes,Mailed check,72.79,438.97,No
CUST-04168,Female,0,No,Yes,36,Yes,No,DSL,No,Yes,No,No,No,No,Two year,No,Electronic check,97.2,3236.94,No
CUST-04169,Male,0,No,No,20,Yes,Yes,DSL,No,No,No,No,Yes,No,Month-to-month,Yes,Bank transfer (automatic),91.58,1939.83,No
CUST-04170,Female,0,Yes,No,29,Yes,No,Fiber optic,No,No,No,No,No,Yes,One year,Yes,Electronic check,42.0,1095.45,No
CUST-04171,Female,0,Yes,No,68,Yes,No,Fiber optic,No,No,Yes,Yes,No,No,Two year,No,Bank transfer (automatic),89.04,6276.41,No
CUST-04172,Male,1,No,Yes,66,No,No phone service,No,No internet service,No internet service,No internet service,No internet service,No internet service,No internet service,One year,No,Credit card (automatic),99.73,5635.8,No
CUST-04173,Female,0,No,No,47,Yes,No,Fiber optic,No,No,No,No,Yes,No,One year,No,Mailed check,32.66,1604.08,No
CUST-04174,Male,0,Yes,No,23,Yes,No,No,No internet service,No internet service,No internet service,No internet service,No internet service,No internet service,Month-to-month,Yes,Bank transfer (automatic),22.48,541.24,No
CUST-04175,Female,0,Yes,No,6,Yes,Yes,DSL,No,No,No,No,No,No,Two year,No,Credit card (automatic),63.11,354.52,No
CUST-04176,Male,1,Yes,Yes,18,Yes,Yes,Fiber optic,Yes,No,No,No,No,No,Month-to-month,Yes,Mailed check,43.08,827.49,No
CUST-04177,Male,1,Yes,No,53,Yes,Yes,DSL,No,No,Yes,No,No,No,Month-to-month,Yes,Credit card (automatic),28.18,1352.85,No
CUST-04178,Male,0,No,Yes,22,Yes,Yes,No,No internet service,No internet service,No internet service,No internet service,No internet service,No internet service,Month-to-month,Yes,Bank transfer (automatic),106.99,2280.68,No
CUST-04179,Female,0,No,No,68,Yes,Yes,DSL,Yes,No,Yes,No,Yes,No,Month-to-month,No,Mailed check,21.66,1652.28,No
CUST-04180,Male,0,Yes,No,35,Yes,Yes,No,No internet service,No internet service,No internet service,No internet service,No internet service,No internet service,Month-to-month,Yes,Bank transfer (automatic),51.77,1960.89,No
CUST-04181,Male,0,No,No,9,Yes,Yes,No,No internet service,No internet service,No internet service,No internet service,No internet service,No internet service,Month-to-month,Yes,Mailed check,95.9,954.2,No
CUST-04182,Male,0,No,Yes,31,Yes,No,Fiber optic,No,Yes,No,No,No,Yes,Month-to-month,Yes,Electronic check,22.3, ,No
CUST-04183,Male,0,No,No,43,Yes,No,Fiber optic,No,Yes,Yes,No,Yes,No,Two year,Yes,Mailed check,40.47,1989.41,No
CUST-04184,Male,0,No,Yes,17,Yes,No,Fiber optic,No,Yes,No,Yes,No,Yes,Two year,Yes,Mailed check,80.99,1441.75,Yes
CUST-04185,Female,0,No,No,51,Yes,No,Fiber optic,No,No,Yes,Yes,No,Yes,Month-to-month,No,Electronic check,65.19,2827.6,No
CUST-04186,Female,0,No,No,66,Yes,Yes,Fiber optic,No,No,Yes,Yes,No,Yes,Month-to-month,Yes,Credit card (automatic),27.07,1558.08,No
CUST-04187,Female,0,Yes,No,24,Yes,Yes,DSL,No,No,No,No,No,No,Month-to-month,Yes,Bank transfer (automatic),58.61,1490.14,No
CUST-04188,Female,0,No,Yes,15,Yes,Yes,No,No internet service,No internet service,No internet service,No internet service,No internet service,No internet service,Two year,Yes,Mailed check,49.02,833.63,No
CUST-04189,Female,0,No,Yes,28,Yes,No,DSL,Yes,Yes,No,No,No,No,Month-to-month,Yes,Bank transfer (automatic),88.51,2659.05,No
CUST-04190,Female,0,Yes,No,3,Yes,Yes,Fiber optic,No,No,No,No,No,No,Month-to-month,No,Bank transfer (automatic),74.41,224.64,Yes
CUST-04191,Female,0,Yes,No,29,Yes,No,DSL,No,No,No,No,No,No,Two year,No,Mailed check,71.34,1882.74,Yes
CUST-04192,Male,0,Yes,No,52,Yes,Yes,No,No internet service,No internet service,No internet service,No internet service,No internet service,No internet service,Two year,Yes,Mailed check,94.64,5366.89,No
CUST-04193,Female,0,No,Yes,54,Yes,No,Fiber optic,No,No,Yes,No,No,Yes,Month-to-month,Yes,Mailed check,39.5,2180.29,No
CUST-04194,Male,0,No,Yes,58,Yes,Yes,Fiber optic,Yes,No,No,No,No,Yes,Month-to-month,No,Electronic check,80.6,4209.35,No
CUST-04195,Male,0,No,No,45,Yes,No,DSL,No,No,No,Yes,Yes,No,One year,No,Bank transfer (automatic),37.3,1536.38,No
CUST-04196,Female,0,Yes,No,50,Yes,No,No,No internet service,No internet service,No internet service,No internet service,No internet service,No internet service,One year,Yes,Electronic check,68.3,3298.36,No
CUST-04197,Male,0,No,No,22,Yes,No,DSL,No,Yes,Yes,Yes,No,No,One year,No,Electronic check,90.24,1899.94,No
CUST-04198,Male,0,Yes,No,52,Yes,No,Fiber optic,Yes,No,No,Yes,Yes,No,Month-to-month,No,Bank transfer (automatic),88.72,4483.81,No
CUST-04199,Male,0,No,No,53,Yes,Yes,No,No internet service,No internet service,No internet service,No internet service,No internet service,No internet service,Two year,Yes,Electronic check,63.92,3280.41,No
CUST-04200,Male,0,Yes,No,31,Yes,No,DSL,No,No,No,No,No,Yes,Month-to-month,Yes,Credit card (automatic),44.47,1502.91,Yes
CUST-04201,Female,0,No,Yes,71,Yes,No,Fiber optic,Yes,No,Yes,No,No,No,Month-to-month,Yes,Electronic check,20.39,1330.0,No
CUST-04202,Female,0,No,No,48,Yes,Yes,DSL,No,Yes,Yes,Yes,No,No,Month-to-month,No,Electronic check,57.28,2530.77,No
CUST-04203,Female,0,No,No,31,Yes,No,Fiber optic,No,Yes,No,No,No,Yes,Month-to-month,No,Mailed check,78.13,2096.35,No
CUST-04204,Female,1,No,No,4,Yes,Yes,Fiber optic,No,No,No,No,No,Yes,Month-to-month,Yes,Mailed check,47.61,205.69,No
CUST-04205,Female,0,No,No,35,No,No phone service,No,No internet service,No internet service,No internet service,No internet service,No internet service,No internet service,Month-to-month,Yes,Electronic check,99.63,3547.93,No
CUST-04206,Female,0,Yes,No,67,Yes,No,DSL,No,No,No,No,No,No,Two year,No,Credit card (automatic),103.03,6527.84,No
CUST-04207,Female,0,No,No,64,No,No phone service,Fiber optic,Yes,Yes,Yes,No,No,Yes,Month-to-month,No,Electronic check,60.47,3922.05,No
CUST-04208,Female,0,No,No,9,No,No phone service,No,No internet service,No internet service,No internet service,No internet service,No internet service,No internet service,Month-to-month,Yes,Mailed check,63.94,618.82,No
CUST-04209,Female,0,Yes,No,46,Yes,Yes,No,No internet service,No internet service,No internet service,No internet service,No internet service,No internet service,Two year,Yes,Bank transfer (automatic),36.23,1678.62,No
CUST-04210,Female,0,No,No,56,Yes,No,DSL,No,No,No,Yes,No,Yes,Month-to-month,Yes,Bank transfer (automatic),34.03,1959.48,No
CUST-04211,Male,1,No,No,56,Yes,No,DSL,No,No,No,No,No,Yes,Two year,Yes,Mailed check,41.47,2098.4,No
CUST-04212,Female,0,No,Yes,26,Yes,Yes,Fiber optic,Yes,Yes,Yes,Yes,No,Yes,Month-to-month,Yes,Electronic check,59.55,1767.99,No
CUST-04213,Male,0,No,Yes,60,Yes,No,Fiber optic,No,No,Yes,No,Yes,Yes,Two year,Yes,Electronic check,115.9,7705.24,Yes
CUST-04214,Male,1,No,No,72,No,No phone service,DSL,No,Yes,No,No,Yes,No,One year,Yes,Credit card (automatic),81.04,5481.44,No
CUST-04215,Male,0,No,No,48,Yes,No,No,No internet service,No internet service,No internet service,No internet service,No internet service,No internet service,Two year,Yes,Credit card (automatic),60.75,2537.11,No
CUST-04216,Male,0,No,No,58,No,No phone service,Fiber optic,Yes,No,Yes,No,Yes,No,One year,Yes,Electronic check,40.17,2343.71,No
CUST-04217,Female,0,No,No,63,Yes,No,DSL,Yes,No,No,No,No,No,Two year,No,Electronic check,96.54,6786.54,No
CUST-04218,Male,0,No,No,58,Yes,No,Fiber optic,No,Yes,No,No,Yes,Yes,Two year,No,Credit card (automatic),82.65,4095.53,No
CUST-04219,Female,0,Yes,Yes,3,Yes,No,Fiber optic,Yes,Yes,Yes,No,Yes,No,Month-to-month,No,Credit card (automatic),59.12,180.81,No
CUST-04220,Female,0,Yes,No,7,Yes,No,Fiber optic,No,Yes,No,No,Yes,No,Two year,No,Bank transfer (automatic),79.55,477.03,Yes
CUST-04221,Male,0,Yes,Yes,52,No,No phone service,Fiber optic,No,Yes,Yes,No,No,Yes,Two year,No,Mailed check,76.31,3397.49,No
CUST-04222,Female,0,No,No,62,Yes,Yes,DSL,No,No,No,Yes,Yes,No,One year,Yes,Electronic check,76.59,4651.71,No
CUST-04223,Male,1,No,No,2,Yes,No,Fiber optic,No,No,No,No,No,Yes,Month-to-month,Yes,Mailed check,25.39,55.26,No
CUST-04224,Male,0,No,No,33,Yes,Yes,No,No internet service,No internet service,No internet service,No internet service,No internet service,No internet service,Month-to-month,No,Credit card (automatic),108.83,3080.33,No
CUST-04225,Female,0,No,Yes,12,Yes,No,Fiber optic,No,No,No,No,No,No,One year,Yes,Bank transfer (automatic),103.91,1252.8,No
CUST-04226,Female,0,Yes,No,48,Yes,No,Fiber optic,Yes,No,Yes,No,No,No,One year,No,Credit card (automatic),26.53,1358.5,No
CUST-04227,Male,0,Yes,No,53,Yes,Yes,No,No internet service,No internet service,No internet service,No internet service,No internet service,No internet service,Two year,Yes,Credit card (automatic),82.15,4047.84,No
CUST-04228,Female,1,No,No,41,Yes,No,DSL,No,No,Yes,No,No,Yes,Month-to-month,Yes,Mailed check,68.19,2848.4,No
CUST-04229,Female,0,Yes,Yes,58,Yes,No,Fiber optic,No,No,No,Yes,Yes,No,One year,Yes,Electronic check,92.87,6007.74,No
CUST-04230,Female,0,Yes,No,68,Yes,Yes,No,No internet service,No internet service,No internet service,No internet service,No internet service,No internet service,Two year,Yes,Credit card (automatic),58.55,4364.41,No
CUST-04231,Male,0,No,No,23,Yes,No,Fiber optic,No,No,No,No,No,No,Two year,Yes,Credit card (automatic),116.51,2803.06,Yes
CUST-04232,Male,1,Yes,No,36,Yes,No,No,No internet service,No internet service,No internet service,No internet service,No internet service,No internet service,Month-to-month,Yes,Mailed check,113.91,3772.73,Yes
CUST-04233,Female,0,No,Yes,21,Yes,Yes,DSL,Yes,No,No,No,Yes,No,Month-to-month,Yes,Credit card (automatic),27.89,516.49,No
CUST-04234,Female,0,Yes,Yes,72,Yes,No,Fiber optic,No,No,No,No,No,Yes,Month-to-month,Yes,Mailed check,48.98,3147.53,Yes
CUST-04235,Female,0,No,No,55,Yes,Yes,No,No internet service,No internet service,No internet service,No internet service,No internet service,No internet service,One year,Yes,Bank transfer (automatic),39.08,2467.95,No
CUST-04236,Female,1,Yes,No,56,Yes,No,DSL,No,Yes,Yes,No,Yes,Yes,Month-to-month,Yes,Electronic check,50.24,3000.6,No
CUST-04237,Female,0,Yes,No,13,Yes,No,No,No internet service,No internet service,No internet service,No internet service,No internet service,No internet service,Month-to-month,No,Credit card (automatic),66.23,787.27,Yes
CUST-04238,Male,0,No,No,22,No,No phone service,DSL,No,No,No,No,Yes,Yes,Two year,Yes,Electronic check,29.84,674.61,No
CUST-04239,Female,0,No,Yes,7,Yes,Yes,No,No internet service,No internet service,No internet service,No internet service,No internet service,No internet service,Month-to-month,Yes,Bank transfer (automatic),89.7,537.29,No
CUST-04240,Male,0,No,Yes,24,Yes,Yes,No,No internet service,No internet service,No internet service,No internet service,No internet service,No internet service,Month-to-month,Yes,Electronic check,75.95,2002.31,No
CUST-04241,Female,0,Yes,Yes,61,Yes,Yes,Fiber optic,No,Yes,No,Yes,No,No,Two year,Yes,Electronic check,33.04,2195.9,No
CUST-04242,Male,1,Yes,No,5,No,No phone service,Fiber optic,No,No,No,No,Yes,Yes,Month-to-month,Yes,Bank transfer (automatic),86.34,452.11,Yes
CUST-04243,Female,1,No,No,50,Yes,No,Fiber optic,Yes,No,No,No,No,No,Two year,Yes,Bank transfer (automatic),82.98,3787.84,No
CUST-04244,Male,1,Yes,Yes,62,Yes,No,No,No internet service,No internet service,No internet service,No internet service,No internet service,No internet service,Two year,Yes,Credit card (automatic),107.0,6634.89,No
CUST-04245,Female,0,Yes,Yes,55,No,No phone service,Fiber optic,Yes,Yes,Yes,No,No,No,One year,No,Electronic check,39.52,2291.42,No
CUST-04246,Male,0,No,No,26,No,No phone service,No,No internet service,No internet service,No internet service,No internet service,No internet service,No internet service,One year,Yes,Electronic check,79.46,1986.65,No
CUST-04247,Male,1,Yes,No,10,Yes,No,DSL,Yes,No,No,Yes,No,No,Month-to-month,No,Credit card (automatic),106.29,1095.71,Yes
CUST-04248,Male,0,Yes,No,11,Yes,No,Fiber optic,Yes,Yes,No,No,Yes,No,Month-to-month,No,Electronic check,44.7,464.95,Yes
CUST-04249,Male,0,Yes,No,40,Yes,No,DSL,No,Yes,Yes,No,Yes,Yes,Month-to-month,Yes,Bank transfer (automatic),41.54,1666.06,Yes
CUST-04250,Male,0,No,No,11,Yes,No,DSL,Yes,Yes,No,Yes,No,No,Month-to-month,Yes,Bank transfer (automatic),45.9,471.81,No
CUST-04251,Male,1,Yes,Yes,4,Yes,No,Fiber optic,No,Yes,Yes,No,No,No,Month-to-month,Yes,Credit card (automatic),94.95,403.77,No
CUST-04252,Female,0,No,Yes,2,Yes,No,Fiber optic,No,Yes,No,Yes,No,No,Month-to-month,No,Mailed check,99.59,178.07,No
CUST-04253,Male,1,Yes,Yes,39,Yes,No,DSL,No,Yes,No,No,No,No,Two year,Yes,Electronic check,21.72,810.05,No
CUST-04254,Female,0,No,Yes,23,Yes,Yes,Fiber optic,No,No,Yes,Yes,No,Yes,Two year,No,Electronic check,49.83,1216.93,No
CUST-04255,Female,0,Yes,No,45,Yes,No,No,No internet service,No internet service,No internet service,No internet service,No internet service,No internet service,Two year,No,Electronic check,30.99,1475.99,No
CUST-04256,Female,0,No,No,42,Yes,No,Fiber optic,No,No,No,No,No,No,One year,Yes,Mailed check,33.69,1424.23,No
CUST-04257,Female,0,No,Yes,42,Yes,No,DSL,No,Yes,Yes,Yes,No,No,One year,Yes,Mailed check,100.25,3691.03,No
CUST-04258,Female,0,No,No,29,Yes,No,No,No internet service,No internet service,No internet service,No internet service,No internet service,No internet service,One year,Yes,Credit card (automatic),115.12,3323.56,Yes
CUST-04259,Male,1,No,No,16,Yes,Yes,Fiber optic,No,No,No,No,Yes,No,Two year,Yes,Mailed check,59.83,846.8,No
CUST-04260,Male,0,No,No,67,Yes,No,DSL,Yes,No,No,No,Yes,No,Month-to-month,No,Mailed check,115.74,7433.6,No
CUST-04261,Male,0,Yes,No,60,Yes,No,No,No internet service,No internet service,No internet service,No internet service,No internet service,No internet service,Month-to-month,No,Credit card (automatic),56.21,3131.45,No
CUST-04262,Female,0,No,No,4,Yes,No,DSL,Yes,No,Yes,No,No,No,Month-to-month,Yes,Mailed check,90.22,404.95,No
CUST-04263,Male,0,No,Yes,16,Yes,No,DSL,No,No,No,No,No,Yes,Two year,No,Credit card (automatic),54.33,860.41,No
CUST-04264,Male,0,No,No,41,No,No phone service,DSL,No,No,No,No,No,No,One year,No,Bank transfer (automatic),50.41,2237.67,No
CUST-04265,Male,0,Yes,No,6,Yes,No,Fiber optic,No,No,No,Yes,No,No,Month-to-month,No,Electronic check,77.3,455.75,Yes
CUST-04266,Male,1,No,No,42,Yes,Yes,Fiber optic,No,Yes,No,No,Yes,Yes,Two year,Yes,Mailed check,105.64,4176.81,No
CUST-04267,Male,0,Yes,No,57,Yes,No,Fiber optic,No,No,No,No,No,No,Month-to-month,No,Electronic check,77.88,4350.7,No
CUST-04268,Female,0,No,No,28,Yes,No,Fiber optic,No,No,No,No,No,No,Two year,No,Electronic check,75.54,2364.55,No
CUST-04269,Male,0,Yes,No,23,Yes,Yes,Fiber optic,Yes,No,No,No,Yes,Yes,Month-to-month,Yes,Credit card (automatic),68.94,1395.14,No
CUST-04270,Female,0,Yes,No,42,No,No phone service,DSL,No,No,Yes,No,Yes,No,One year,No,Electronic check,113.58,4598.1,No
CUST-04271,Female,1,No,No,12,Yes,Yes,DSL,No,Yes,No,No,No,No,Two year,No,Credit card (automatic),100.12,1109.69,No
CUST-04272,Female,0,No,No,64,Yes,No,DSL,Yes,No,No,No,Yes,Yes,Month-to-month,No,Bank transfer (automatic),59.13,3769.76,No
CUST-04273,Female,1,No,No,58,Yes,Yes,Fiber optic,No,No,No,No,Yes,No,Two year,Yes,Credit card (automatic),101.08,6022.72,No
CUST-04274,Female,0,No,No,51,Yes,No,No,No internet service,No internet service,No internet service,No internet service,No internet service,No internet service,Two year,Yes,Electronic check,29.15,1581.07,No
CUST-04275,Male,0,No,Yes,29,Yes,Yes,DSL,Yes,No,No,No,No,No,Month-to-month,Yes,Mailed check,62.01,1600.44,Yes
CUST-04276,Male,1,No,No,19,Yes,No,No,No internet service,No internet service,No internet service,No internet service,No internet service,No internet service,Month-to-month,No,Credit card (automatic),29.48,575.41,No
CUST-04277,Male,0,No,No,45,No,No phone service,DSL,No,No,Yes,No,Yes,Yes,Month-to-month,Yes,Bank transfer (automatic),118.46,5770.07,Yes
CUST-04278,Female,0,No,Yes,54,Yes,Yes,No,No internet service,No internet service,No internet service,No internet service,No internet service,No internet service,One year,Yes,Bank transfer (automatic),22.98,1308.94,No
CUST-04279,Male,0,Yes,No,66,Yes,Yes,No,No internet service,No internet service,No internet service,No internet service,No internet service,No internet service,Month-to-month,Yes,Electronic check,109.52,7185.56,No
CUST-04280,Male,0,Yes,No,72,No,No phone service,Fiber optic,Yes,No,No,No,No,Yes,Month-to-month,No,Mailed check,111.9,8286.27,No
CUST-04281,Female,0,No,No,13,Yes,No,DSL,No,Yes,No,Yes,No,No,Month-to-month,Yes,Mailed check,47.68,694.2,No
CUST-04282,Female,0,No,Yes,65,Yes,Yes,Fiber optic,Yes,No,Yes,No,No,No,Month-to-month,No,Credit card (automatic),113.68,7389.07,Yes
CUST-04283,Female,0,Yes,No,12,No,No phone service,DSL,Yes,No,No,No,Yes,No,Two year,No,Bank transfer (automatic),68.56,901.92,No
CUST-04284,Female,0,Yes,Yes,71,Yes,No,Fiber optic,No,No,No,No,No,No,Month-to-month,Yes,Mailed check,112.53,9086.8,Yes
CUST-04285,Male,1,No,No,14,Yes,No,Fiber optic,No,No,No,No,No,Yes,One year,Yes,Mailed check,67.06,814.73,No
CUST-04286,Female,0,Yes,No,42,Yes,Yes,Fiber optic,Yes,No,No,Yes,No,No,Month-to-month,No,Credit card (automatic),65.53,3051.16,No
CUST-04287,Female,0,No,No,48,Yes,No,Fiber optic,Yes,No,No,No,No,No,One year,Yes,Bank transfer (automatic),93.97,3982.5,No
CUST-04288,Male,1,No,No,24,Yes,No,Fiber optic,Yes,Yes,No,No,Yes,Yes,Two year,Yes,Bank transfer (automatic),41.72,871.06,No
CUST-04289,Male,0,Yes,Yes,65,Yes,Yes,No,No internet service,No internet service,No internet service,No internet service,No internet service,No internet service,Month-to-month,Yes,Mailed check,109.12,6937.76,Yes
CUST-04290,Female,0,No,No,17,No,No phone service,DSL,Yes,Yes,No,No,No,No,Month-to-month,No,Mailed check,103.51,1755.16,Yes
CUST-04291,Male,0,No,No,38,Yes,No,No,No internet service,No internet service,No internet service,No internet service,No internet service,No internet service,Month-to-month,Yes,Mailed check,31.82,1058.85,No
CUST-04292,Female,0,No,Yes,28,Yes,No,Fiber optic,Yes,No,No,No,No,No,Two year,Yes,Credit card (automatic),21.2,675.54,No
CUST-04293,Female,0,Yes,No,33,Yes,Yes,DSL,No,No,No,No,No,Yes,Month-to-month,Yes,Electronic check,89.66,2563.65,No
CUST-04294,Male,0,Yes,No,24,Yes,Yes,DSL,No,No,Yes,No,No,Yes,Month-to-month,No,Electronic check,53.6,1362.93,No
CUST-04295,Male,0,No,No,70,Yes,Yes,DSL,Yes,No,Yes,No,Yes,No,Month-to-month,Yes,Bank transfer (automatic),28.51,1904.99,No
CUST-04296,Female,0,Yes,Yes,4,Yes,No,DSL,No,No,Yes,Yes,No,No,Month-to-month,Yes,Credit card (automatic),108.24,384.8,No
CUST-04297,Female,0,Yes,No,33,No,No phone service,Fiber optic,No,No,No,No,No,No,One year,No,Credit card (automatic),118.17,4261.82,No
CUST-04298,Female,0,Yes,No,10,Yes,Yes,Fiber optic,No,No,No,No,No,No,One year,No,Credit card (automatic),50.27,548.31,No
CUST-04299,Male,0,Yes,Yes,36,No,No phone service,Fiber optic,No,Yes,No,No,No,Yes,Two year,Yes,Mailed check,36.87,1489.33,No
CUST-04300,Female,1,Yes,Yes,31,Yes,Yes,DSL,No,Yes,No,Yes,No,No,Month-to-month,No,Credit card (automatic),104.35,3563.05,No
CUST-04301,Female,0,Yes,Yes,4,No,No phone service,Fiber optic,No,No,Yes,No,Yes,No,Month-to-month,Yes,Mailed check,71.47,288.31,Yes
CUST-04302,Female,0,No,No,8,Yes,No,Fiber optic,No,No,No,No,No,No,Month-to-month,Yes,Mailed check,117.29,827.25,Yes
CUST-04303,Female,0,No,No,27,Yes,No,No,No internet service,No internet service,No internet service,No internet service,No internet service,No internet service,Month-to-month,No,Credit card (automatic),82.34,2427.44,Yes
CUST-04304,Female,1,Yes,No,36,Yes,No,DSL,No,No,No,Yes,Yes,Yes,Two year,Yes,Bank transfer (automatic),75.15,2328.7,No
CUST-04305,Male,1,No,Yes,9,Yes,No,No,No internet service,No internet service,No internet service,No internet service,No internet service,No internet service,Month-to-month,Yes,Bank transfer (automatic),111.49,1063.72,Yes
CUST-04306,Female,0,Yes,No,43,Yes,No,DSL,No,Yes,Yes,Yes,Yes,No,Month-to-month,No,Electronic check,98.81,3675.04,No
CUST-04307,Female,0,No,No,24,Yes,No,DSL,No,Yes,Yes,No,No,No,One year,Yes,Mailed check,59.19,1309.64,No
CUST-04308,Female,0,Yes,Yes,37,Yes,No,Fiber optic,No,Yes,No,No,No,No,Two year,No,Electronic check,19.32,708.82,No
CUST-04309,Female,0,Yes,No,41,No,No phone service,Fiber optic,No,No,No,No,No,Yes,One year,Yes,Electronic check,93.84,3949.41,Yes
CUST-04310,Male,0,No,Yes,26,Yes,No,DSL,No,No,No,Yes,No,Yes,One year,Yes,Bank transfer (automatic),105.21,3067.77,No
CUST-04311,Male,0,Yes,No,4,Yes,Yes,DSL,No,Yes,No,Yes,No,Yes,Month-to-month,No,Electronic check,31.32,143.62,Yes
CUST-04312,Male,0,No,No,1,Yes,No,Fiber optic,No,No,No,No,No,Yes,Two year,No,Mailed check,108.22,116.21,No
CUST-04313,Female,0,Yes,No,20,No,No phone service,Fiber optic,No,No,No,No,No,No,Two year,Yes,Mailed check,105.33,2422.54,No
CUST-04314,Female,0,Yes,No,45,Yes,Yes,DSL,No,No,No,Yes,No,Yes,One year,Yes,Bank transfer (automatic),20.02,823.25,No
CUST-04315,Male,0,No,No,69,Yes,Yes,No,No internet service,No internet service,No internet service,No internet service,No internet service,No internet service,Month-to-month,Yes,Mailed check,91.46,6229.68,Yes
CUST-04316,Male,1,No,Yes,52,Yes,No,Fiber optic,No,No,No,No,No,Yes,Month-to-month,Yes,Bank transfer (automatic),56.78,3215.44,No
CUST-04317,Male,0,Yes,No,64,Yes,Yes,DSL,No,No,No,No,No,No,Month-to-month,Yes,Electronic check,23.36,1273.94,No
CUST-04318,Female,0,Yes,No,21,Yes,Yes,Fiber optic,No,No,No,Yes,No,No,Month-to-month,Yes,Bank transfer (automatic),51.5,1084.89,Yes
CUST-04319,Female,0,Yes,No,72,Yes,Yes,DSL,Yes,No,No,No,No,No,One year,Yes,Bank transfer (automatic),79.05,6320.78,No
CUST-04320,Male,0,No,Yes,25,Yes,Yes,DSL,No,No,No,No,No,Yes,Two year,No,Mailed check,49.03,1270.53,No
CUST-04321,Male,0,No,Yes,67,Yes,No,No,No internet service,No internet service,No internet service,No internet service,No internet service,No internet service,One year,Yes,Electronic check,97.4,6980.71,No
CUST-04322,Male,0,Yes,No,26,Yes,No,DSL,No,No,No,No,No,Yes,Two year,Yes,Bank transfer (automatic),68.0,1956.41,No
CUST-04323,Female,0,No,Yes,27,Yes,No,Fiber optic,No,No,Yes,No,No,Yes,Two year,No,Mailed check,21.81,656.87,No
CUST-04324,Female,1,Yes,Yes,52,Yes,No,DSL,No,Yes,No,Yes,No,No,Month-to-month,Yes,Mailed check,74.59,3743.01,Yes
CUST-04325,Female,0,Yes,No,63,Yes,No,DSL,Yes,Yes,Yes,Yes,Yes,Yes,Month-to-month,Yes,Credit card (automatic),62.25,3630.09,No
CUST-04326,Male,1,Yes,No,45,Yes,No,DSL,No,No,No,No,Yes,Yes,One year,Yes,Electronic check,27.77,1207.54,No
CUST-04327,Male,0,No,No,58,Yes,Yes,Fiber optic,Yes,Yes,No,No,No,No,One year,No,Mailed check,62.66,3423.2,No
CUST-04328,Female,1,Yes,No,38,Yes,No,Fiber optic,Yes,No,No,No,Yes,No,Month-to-month,Yes,Bank transfer (automatic),98.4,3737.82,Yes
CUST-04329,Male,0,No,No,35,Yes,No,DSL,Yes,Yes,No,No,Yes,No,Two year,No,Credit card (automatic),28.94,981.36,No
CUST-04330,Female,0,No,Yes,46,Yes,No,Fiber optic,No,Yes,No,Yes,No,No,Two year,Yes,Credit card (automatic),43.04,1746.8,No
CUST-04331,Male,0,Yes,No,71,Yes,No,Fiber optic,No,No,Yes,No,No,No,Month-to-month,Yes,Bank transfer (automatic),117.41,9243.65,Yes
CUST-04332,Male,0,Yes,No,3,Yes,No,Fiber optic,Yes,No,Yes,No,No,No,Month-to-month,Yes,Credit card (automatic),59.91,164.78,Yes
CUST-04333,Male,0,Yes,No,6,Yes,No,DSL,Yes,No,No,No,No,No,Month-to-month,No,Electronic check,101.68,679.04,Yes
CUST-04334,Male,0,No,No,13,Yes,Yes,DSL,No,No,Yes,Yes,Yes,No,One year,No,Mailed check,68.9,810.74,No
CUST-04335,Female,0,No,Yes,46,Yes,No,No,No internet service,No internet service,No internet service,No internet service,No internet service,No internet service,One year,Yes,Credit card (automatic),41.57,2056.15,No
CUST-04336,Male,0,Yes,Yes,33,Yes,Yes,Fiber optic,No,No,No,No,No,No,Month-to-month,Yes,Electronic check,26.88,799.84,Yes
CUST-04337,Female,0,Yes,No,62,Yes,No,DSL,Yes,Yes,No,No,No,Yes,Month-to-month,No,Credit card (automatic),93.26,5863.76,Yes
CUST-04338,Female,1,Yes,No,63,Yes,No,Fiber optic,No,Yes,Yes,Yes,No,Yes,Month-to-month,Yes,Electronic check,67.0,4786.13,No
CUST-04339,Female,0,Yes,Yes,56,Yes,No,DSL,Yes,Yes,No,No,No,No,Two year,No,Credit card (automatic),116.68,6844.54,No
CUST-04340,Male,0,No,Yes,39,Yes,Yes,DSL,No,Yes,No,Yes,No,No,One year,Yes,Mailed check,108.97,3668.4,No
CUST-04341,Female,0,Yes,No,60,Yes,Yes,DSL,No,Yes,No,Yes,No,No,One year,No,Electronic check,33.75,2126.53,No
CUST-04342,Female,0,Yes,No,24,Yes,No,Fiber optic,No,Yes,No,No,No,Yes,Two year,Yes,Credit card (automatic),84.29,1785.13,No
CUST-04343,Female,0,No,No,50,No,No phone service,Fiber optic,No,Yes,No,No,No,No,Two year,No,Bank transfer (automatic),36.67,1594.03,No
CUST-04344,Male,0,Yes,Yes,33,Yes,Yes,DSL,No,No,Yes,No,Yes,Yes,Month-to-month,No,Credit card (automatic),54.92,1809.82,No
CUST-04345,Male,0,No,No,7,Yes,Yes,No,No internet service,No internet service,No internet service,No internet service,No internet service,No internet service,Two year,No,Mailed check,51.71,402.43,No
CUST-04346,Female,0,Yes,No,46,Yes,No,Fiber optic,Yes,No,Yes,No,Yes,Yes,Month-to-month,No,Bank transfer (automatic),70.0,3583.59,No
CUST-04347,Male,1,No,No,62,No,No phone service,No,No internet service,No internet service,No internet service,No internet service,No internet service,No internet service,Month-to-month,No,Mailed check,102.11,6653.84,No
CUST-04348,Female,0,Yes,Yes,1,Yes,No,DSL,No,No,No,No,No,Yes,Month-to-month,No,Credit card (automatic),107.17,101.27,Yes
CUST-04349,Female,0,No,No,65,Yes,No,No,No internet service,No internet service,No internet service,No internet service,No internet service,No internet service,Two year,Yes,Mailed check,86.9,6213.29,No
CUST-04350,Male,0,Yes,No,45,Yes,No,Fiber optic,Yes,No,Yes,Yes,Yes,Yes,One year,Yes,Bank transfer (automatic),81.59,3990.55,No
CUST-04351,Female,0,No,Yes,55,Yes,No,Fiber optic,No,Yes,No,No,Yes,No,Two year,Yes,Electronic check,111.01,7013.49,No
CUST-04352,Male,0,Yes,Yes,66,Yes,No,No,No internet service,No internet service,No internet service,No internet service,No internet service,No internet service,One year,Yes,Bank transfer (automatic),28.49,1875.75,No
CUST-04353,Male,0,No,No,67,Yes,Yes,Fiber optic,Yes,No,Yes,Yes,Yes,Yes,Month-to-month,Yes,Mailed check,57.67,4281.34,No
CUST-04354,Female,1,Yes,No,54,Yes,Yes,Fiber optic,No,No,No,No,No,Yes,One year,No,Credit card (automatic),40.16,2249.8,No
CUST-04355,Male,0,No,No,63,Yes,Yes,No,No internet service,No internet service,No internet service,No internet service,No internet service,No internet service,Two year,Yes,Mailed check,31.99,2207.22,Yes
CUST-04356,Male,0,No,No,54,Yes,Yes,DSL,No,No,No,No,No,No,Two year,No,Mailed check,85.68,4001.55,No
CUST-04357,Female,0,No,No,52,Yes,No,DSL,No,No,No,No,Yes,Yes,Month-to-month,Yes,Credit card (automatic),37.56,1849.77,No
CUST-04358,Female,0,No,Yes,54,No,No phone service,No,No internet service,No internet service,No internet service,No internet service,No internet service,No internet service,Month-to-month,Yes,Bank transfer (automatic),114.77,6204.11,No
CUST-04359,Male,0,Yes,No,67,Yes,No,Fiber optic,No,Yes,No,No,No,No,Month-to-month,No,Bank transfer (automatic),71.29,4279.56,No
CUST-04360,Male,0,Yes,No,37,Yes,No,Fiber optic,Yes,No,Yes,No,No,No,Month-to-month,Yes,Bank transfer (automatic),65.63,2371.3,No
CUST-04361,Female,0,No,No,12,Yes,Yes,DSL,No,No,Yes,Yes,No,Yes,Month-to-month,Yes,Mailed check,54.19,602.19,No
CUST-04362,Male,0,Yes,Yes,59,Yes,No,DSL,No,No,No,No,No,Yes,One year,Yes,Bank transfer (automatic),45.76,2433.82,No
CUST-04363,Male,0,Yes,Yes,20,Yes,No,DSL,No,No,No,Yes,No,No,Two year,Yes,Bank transfer (automatic),109.84,2164.66,Yes
CUST-04364,Male,0,Yes,No,32,Yes,No,DSL,Yes,No,Yes,No,No,No,One year,No,Bank transfer (automatic),80.07,2551.43,No
CUST-04365,Male,0,Yes,Yes,71,Yes,Yes,DSL,No,No,No,No,Yes,No,Month-to-month,Yes,Electronic check,42.01,2736.06,No
CUST-04366,Male,0,No,Yes,44,Yes,No,Fiber optic,Yes,No,Yes,No,Yes,Yes,Month-to-month,Yes,Mailed check,86.93,3731.7,Yes
CUST-04367,Male,1,No,Yes,66,Yes,No,DSL,No,No,No,No,No,Yes,Month-to-month,No,Credit card (automatic),42.12,2732.48,No
CUST-04368,Male,0,No,Yes,55,Yes,No,Fiber optic,No,No,Yes,Yes,No,Yes,Month-to-month,Yes,Electronic check,95.7,5582.66,No
CUST-04369,Female,0,Yes,No,16,Yes,Yes,Fiber optic,Yes,Yes,No,Yes,No,Yes,Two year,Yes,Credit card (automatic),73.85,1329.93,No
CUST-04370,Female,0,No,No,71,Yes,No,No,No internet service,No internet service,No internet service,No internet service,No internet service,No internet service,Month-to-month,No,Electronic check,62.69,4388.51,No
CUST-04371,Female,0,No,Yes,68,Yes,Yes,Fiber optic,No,No,Yes,No,Yes,No,One year,Yes,Mailed check,84.05,6560.94,No
CUST-04372,Female,0,No,No,52,Yes,Yes,DSL,Yes,No,No,No,No,Yes,Month-to-month,No,Electronic check,105.83,4911.7,No
CUST-04373,Female,0,No,No,37,Yes,No,DSL,No,No,No,Yes,Yes,No,Two year,Yes,Bank transfer (automatic),58.78,2330.64,No
CUST-04374,Male,0,No,No,46,Yes,No,Fiber optic,No,Yes,Yes,No,Yes,No,Month-to-month,Yes,Credit card (automatic),87.44,3728.9,No
CUST-04375,Male,1,Yes,No,41,Yes,Yes,DSL,No,Yes,Yes,No,Yes,Yes,Two year,No,Bank transfer (automatic),54.75,1947.0,No
CUST-04376,Male,1,Yes,No,5,Yes,No,No,No internet service,No internet service,No internet service,No internet service,No internet service,No internet service,One year,Yes,Electronic check,54.52,235.2,No
CUST-04377,Male,0,Yes,Yes,66,Yes,No,Fiber optic,No,No,No,No,No,Yes,Month-to-month,Yes,Bank transfer (automatic),102.55,5831.01,Yes
CUST-04378,Female,0,No,No,5,No,No phone service,Fiber optic,No,Yes,No,Yes,Yes,Yes,Month-to-month,Yes,Electronic check,73.34,379.91,No
CUST-04379,Male,0,No,No,63,Yes,No,Fiber optic,No,Yes,No,Yes,Yes,Yes,Two year,No,Bank transfer (automatic),58.92,3660.46,No
CUST-04380,Male,0,No,No,3,Yes,No,DSL,No,No,Yes,No,Yes,Yes,Month-to-month,No,Credit card (automatic),38.49,126.94,Yes
CUST-04381,Female,0,No,No,8,Yes,Yes,Fiber optic,Yes,Yes,Yes,Yes,No,Yes,Two year,Yes,Mailed check,98.26,892.45,Yes
CUST-04382,Male,0,No,No,26,Yes,No,DSL,Yes,No,Yes,No,Yes,No,One year,Yes,Bank transfer (automatic),81.58,1899.52,No
CUST-04383,Male,0,No,No,53,Yes,Yes,No,No internet service,No internet service,No internet service,No internet service,No internet service,No internet service,Month-to-month,No,Bank transfer (automatic),90.62,5121.4,No
CUST-04384,Female,0,No,No,29,Yes,No,Fiber optic,Yes,Yes,No,No,No,Yes,One year,Yes,Electronic check,62.06,1845.8,Yes
CUST-04385,Male,0,Yes,No,14,Yes,Yes,Fiber optic,Yes,No,Yes,Yes,Yes,Yes,Month-to-month,Yes,Electronic check,49.22,774.42,No
CUST-04386,Male,0,Yes,Yes,5,Yes,No,No,No internet service,No internet service,No internet service,No internet service,No internet service,No internet service,Month-to-month,No,Bank transfer (automatic),91.05,420.09,No
CUST-04387,Male,0,Yes,Yes,27,Yes,No,Fiber optic,No,No,No,Yes,Yes,No,One year,No,Electronic check,26.93,639.32,No
CUST-04388,Male,0,Yes,No,68,Yes,Yes,Fiber optic,Yes,No,Yes,No,No,Yes,Month-to-month,No,Mailed check,84.58,5564.37,No
CUST-04389,Male,0,No,Yes,29,Yes,No,Fiber optic,Yes,No,No,No,No,No,Two year,No,Mailed check,116.42,3044.23,No
CUST-04390,Female,0,Yes,No,3,Yes,Yes,Fiber optic,Yes,No,No,No,No,Yes,One year,Yes,Bank transfer (automatic),100.11,336.29,No
CUST-04391,Female,0,No,No,30,Yes,No,Fiber optic,Yes,Yes,Yes,Yes,No,No,Month-to-month,Yes,Credit card (automatic),91.83,2819.55,Yes
CUST-04392,Female,0,Yes,No,9,No,No phone service,Fiber optic,No,No,Yes,Yes,No,No,Two year,Yes,Electronic check,62.57,600.3,Yes
CUST-04393,Female,0,Yes,No,1,Yes,Yes,DSL,Yes,No,No,No,No,No,Month-to-month,Yes,Electronic check,19.89,18.01,Yes
CUST-04394,Female,0,No,No,23,Yes,No,No,No internet service,No internet service,No internet service,No internet service,No internet service,No internet service,Month-to-month,Yes,Electronic check,117.23,2922.76,Yes
CUST-04395,Female,0,No,Yes,67,No,No phone service,Fiber optic,No,No,No,Yes,No,Yes,Month-to-month,Yes,Bank transfer (automatic),110.78,7540.21,No
CUST-04396,Male,0,Yes,No,32,Yes,No,DSL,No,Yes,No,Yes,Yes,Yes,One year,Yes,Electronic check,68.31,2482.37,No
CUST-04397,Female,0,No,No,6,Yes,No,No,No internet service,No internet service,No internet service,No internet service,No internet service,No internet service,Two year,Yes,Electronic check,87.33,525.99,No
CUST-04398,Female,0,Yes,No,49,Yes,No,No,No internet service,No internet service,No internet service,No internet service,No internet service,No internet service,Month-to-month,No,Electronic check,74.5,3113.77,Yes
CUST-04399,Male,0,No,No,15,Yes,No,Fiber optic,No,Yes,No,No,No,No,One year,Yes,Bank transfer (automatic),87.59,1126.04,No
CUST-04400,Male,0,No,No,58,No,No phone service,No,No internet service,No internet service,No internet service,No internet service,No internet service,No internet service,Month-to-month,No,Bank transfer (automatic),23.65,1258.93,No
CUST-04401,Female,1,Yes,No,53,Yes,No,No,No internet service,No internet service,No internet service,No internet service,No internet service,No internet service,Month-to-month,No,Electronic check,118.59,6803.79,No
CUST-04402,Male,0,No,No,30,Yes,Yes,No,No internet service,No internet service,No internet service,No internet service,No internet service,No internet service,Two year,Yes,Credit card (automatic),96.69,2636.73,No
CUST-04403,Female,0,No,No,40,Yes,No,DSL,No,No,No,Yes,Yes,No,Month-to-month,No,Bank transfer (automatic),44.97,1706.14,No
CUST-04404,Male,0,No,No,59,Yes,Yes,DSL,No,Yes,No,No,Yes,Yes,Month-to-month,No,Electronic check,72.76,4172.06,Yes
CUST-04405,Female,0,No,Yes,63,Yes,Yes,Fiber optic,No,No,No,No,No,No,One year,Yes,Bank transfer (automatic),65.82,3663.87,No
CUST-04406,Male,0,Yes,No,48,Yes,No,No,No internet service,No internet service,No internet service,No internet service,No internet service,No internet service,One year,Yes,Mailed check,53.86,2806.4,No
CUST-04407,Male,0,No,No,68,No,No phone service,No,No internet service,No internet service,No internet service,No internet service,No internet service,No internet service,Two year,No,Bank transfer (automatic),62.34,4290.53,No
CUST-04408,Female,0,No,No,7,Yes,Yes,Fiber optic,No,Yes,No,No,Yes,Yes,Month-to-month,Yes,Mailed check,75.45,488.76,No
CUST-04409,Female,0,No,Yes,47,Yes,Yes,Fiber optic,Yes,Yes,No,No,No,Yes,One year,Yes,Mailed check,69.64,3241.71,No
CUST-04410,Female,0,Yes,No,43,Yes,No,DSL,No,No,No,No,Yes,Yes,One year,Yes,Electronic check,102.48,4678.63,No
CUST-04411,Female,0,No,No,16,Yes,Yes,DSL,Yes,No,Yes,No,Yes,No,Two year,No,Credit card (automatic),30.23,513.32,No
CUST-04412,Female,1,No,No,22,Yes,Yes,Fiber optic,No,No,No,No,Yes,No,One year,Yes,Credit card (automatic),23.86,483.36,Yes
CUST-04413,Male,0,No,No,63,Yes,No,No,No internet service,No internet service,No internet service,No internet service,No internet service,No internet service,Two year,No,Mailed check,69.07,4260.47,No
CUST-04414,Female,0,Yes,Yes,46,Yes,No,Fiber optic,No,Yes,Yes,No,No,No,Month-to-month,Yes,Mailed check,65.23,2576.42,Yes
CUST-04415,Female,0,Yes,No,45,Yes,No,Fiber optic,No,No,No,No,No,Yes,Month-to-month,No,Electronic check,83.11,3654.32,No
CUST-04416,Male,0,Yes,No,41,Yes,No,No,No internet service,No internet service,No internet service,No internet service,No internet service,No internet service,Month-to-month,Yes,Electronic check,47.41,1685.21,No
CUST-04417,Male,1,Yes,No,25,Yes,No,DSL,Yes,No,Yes,Yes,Yes,No,Two year,Yes,Credit card (automatic),27.26,583.77,No
CUST-04418,Female,1,No,No,50,Yes,No,No,No internet service,No internet service,No internet service,No internet service,No internet service,No internet service,Month-to-month,Yes,Mailed check,99.08,5088.61,Yes
CUST-04419,Male,0,No,Yes,67,Yes,Yes,Fiber optic,No,Yes,No,No,No,Yes,One year,Yes,Bank transfer (automatic),62.52,4246.09,No
CUST-04420,Male,0,No,No,52,Yes,No,Fiber optic,No,Yes,Yes,No,Yes,No,Month-to-month,No,Credit card (automatic),31.91,1850.23,No
CUST-04421,Female,0,No,No,31,Yes,No,Fiber optic,No,No,No,No,Yes,No,Month-to-month,Yes,Mailed check,114.29,3824.28,Yes
CUST-04422,Male,0,Yes,Yes,37,Yes,Yes,DSL,No,Yes,No,No,No,No,Month-to-month,Yes,Credit card (automatic),113.13,4519.09,Yes
CUST-04423,Male,0,Yes,No,22,Yes,No,Fiber optic,Yes,No,Yes,No,Yes,Yes,Month-to-month,No,Bank transfer (automatic),34.59,850.1,Yes
CUST-04424,Female,1,No,No,27,Yes,No,DSL,Yes,Yes,No,No,No,Yes,Month-to-month,Yes,Electronic check,99.33,2404.43,Yes
CUST-04425,Female,1,No,No,2,Yes,No,DSL,No,No,No,No,Yes,Yes,One year,No,Electronic check,72.55,123.84,No
CUST-04426,Male,1,No,No,22,Yes,No,Fiber optic,No,No,No,Yes,No,Yes,Month-to-month,Yes,Electronic check,48.24,1020.46,No
CUST-04427,Male,0,Yes,No,53,Yes,Yes,DSL,Yes,No,Yes,Yes,Yes,Yes,Month-to-month,Yes,Electronic check,57.78,2854.7,No
CUST-04428,Female,0,No,No,17,Yes,No,Fiber optic,No,No,Yes,No,Yes,No,Month-to-month,Yes,Bank transfer (automatic),115.18,1724.15,No
CUST-04429,Male,0,Yes,No,56,Yes,No,Fiber optic,No,No,No,No,No,No,One year,No,Electronic check,51.81,2647.49,Yes
CUST-04430,Male,0,No,Yes,31,Yes,No,Fiber optic,Yes,No,Yes,No,No,Yes,One year,No,Mailed check,39.72,1080.57,No
CUST-04431,Male,0,No,No,43,Yes,No,No,No internet service,No internet service,No internet service,No internet service,No internet service,No internet service,Two year,Yes,Electronic check,65.18,3006.62,No
CUST-04432,Female,0,No,No,72,Yes,Yes,DSL,No,No,No,Yes,Yes,Yes,Month-to-month,No,Bank transfer (automatic),80.04,5805.27,No
CUST-04433,Male,0,Yes,Yes,53,Yes,No,DSL,No,No,No,No,Yes,No,One year,Yes,Mailed check,46.85,2284.83,No
CUST-04434,Male,0,No,No,5,Yes,Yes,Fiber optic,No,No,No,Yes,No,No,Two year,Yes,Electronic check,96.02,534.53,No
CUST-04435,Female,1,Yes,No,2,Yes,No,Fiber optic,No,No,Yes,No,No,Yes,One year,No,Bank transfer (automatic),79.12,180.75,Yes
CUST-04436,Male,1,Yes,No,59,Yes,No,No,No internet service,No internet service,No internet service,No internet service,No internet service,No internet service,Month-to-month,No,Mailed check,111.51,6419.24,Yes
CUST-04437,Male,1,No,Yes,4,Yes,Yes,DSL,Yes,No,Yes,No,Yes,Yes,One year,No,Bank transfer (automatic),50.46,216.35,No
CUST-04438,Female,0,Yes,No,34,Yes,Yes,No,No internet service,No internet service,No internet service,No internet service,No internet service,No internet service,One year,Yes,Electronic check,84.99,3097.77,Yes
CUST-04439,Female,0,No,No,67,Yes,Yes,DSL,No,Yes,Yes,Yes,No,No,Two year,Yes,Credit card (automatic),107.3,7323.08,No
CUST-04440,Female,0,Yes,No,6,Yes,No,Fiber optic,No,No,No,No,No,Yes,Two year,Yes,Mailed check,18.69,110.88,No
CUST-04441,Female,0,No,No,58,No,No phone service,Fiber optic,Yes,No,No,Yes,No,No,Month-to-month,No,Bank transfer (automatic),67.96,4112.22,No
CUST-04442,Male,1,No,No,47,Yes,No,DSL,No,No,No,No,No,No,Month-to-month,No,Credit card (automatic),73.96,3130.93,No
CUST-04443,Male,1,Yes,Yes,5,Yes,No,DSL,Yes,Yes,No,Yes,No,No,Month-to-month,Yes,Bank transfer (automatic),69.29,369.96,No
CUST-04444,Female,0,No,No,61,Yes,No,Fiber optic,Yes,No,No,No,Yes,Yes,Month-to-month,Yes,Mailed check,47.57,2562.86,No
CUST-04445,Female,0,No,Yes,56,Yes,Yes,No,No internet service,No internet service,No internet service,No internet service,No internet service,No internet service,Month-to-month,Yes,Electronic check,27.32,1578.42,No
CUST-04446,Male,0,No,No,35,Yes,No,DSL,No,No,No,No,No,No,One year,Yes,Mailed check,105.17,3158.55,Yes
CUST-04447,Female,0,No,Yes,13,Yes,No,DSL,No,Yes,No,No,Yes,Yes,Month-to-month,No,Electronic check,69.5,1009.46,Yes
CUST-04448,Male,1,No,No,26,Yes,Yes,No,No internet service,No internet service,No internet service,No internet service,No internet service,No internet service,Month-to-month,No,Electronic check,25.53,708.48,No
CUST-04449,Female,0,Yes,No,64,Yes,No,Fiber optic,No,Yes,Yes,No,Yes,No,One year,Yes,Electronic check,59.5,3773.8,No
CUST-04450,Male,0,Yes,No,11,Yes,No,DSL,No,No,Yes,No,No,Yes,One year,Yes,Credit card (automatic),36.67,416.44,No
CUST-04451,Female,0,Yes,No,62,Yes,No,Fiber optic,No,Yes,No,No,Yes,No,Two year,Yes,Electronic check,49.48,3195.46,No
CUST-04452,Female,0,No,Yes,47,Yes,No,Fiber optic,No,Yes,No,Yes,No,No,Month-to-month,Yes,Mailed check,100.32,5294.86,Yes
CUST-04453,Male,0,No,No,70,Yes,No,No,No internet service,No internet service,No internet service,No internet service,No internet service,No internet service,Month-to-month,Yes,Mailed check,70.49,4925.3,No
CUST-04454,Female,1,No,No,58,Yes,Yes,DSL,Yes,Yes,Yes,No,No,No,Two year,Yes,Credit card (automatic),41.96,2499.44,No
CUST-04455,Male,0,No,No,10,Yes,No,No,No internet service,No internet service,No internet service,No internet service,No internet service,No internet service,Month-to-month,Yes,Mailed check,99.69,1095.64,Yes
CUST-04456,Male,0,No,Yes,16,Yes,Yes,DSL,No,No,No,No,No,No,Two year,Yes,Credit card (automatic),37.63,592.42,No
CUST-04457,Male,0,Yes,Yes,12,Yes,Yes,Fiber optic,Yes,No,Yes,No,No,Yes,Month-to-month,Yes,Mailed check,50.14,557.88,No
CUST-04458,Male,0,Yes,No,71,Yes,Yes,Fiber optic,No,Yes,No,No,No,No,One year,No,Bank transfer (automatic),21.59,1446.46,No
CUST-04459,Male,0,No,No,50,Yes,No,Fiber optic,Yes,No,No,No,No,No,Month-to-month,No,Electronic check,114.44,5150.13,No
CUST-04460,Female,0,Yes,No,15,Yes,Yes,DSL,No,Yes,No,No,Yes,No,Month-to-month,Yes,Bank transfer (automatic),60.3,971.4,No
CUST-04461,Female,0,No,Yes,59,No,No phone service,No,No internet service,No internet service,No internet service,No internet service,No internet service,No internet service,Month-to-month,Yes,Electronic check,35.0,2337.86,No
CUST-04462,Male,0,Yes,No,70,Yes,Yes,Fiber optic,No,No,No,No,Yes,No,Month-to-month,No,Mailed check,69.68,4193.31,No
CUST-04463,Female,0,Yes,No,62,Yes,No,DSL,Yes,No,No,No,Yes,No,Month-to-month,Yes,Electronic check,28.89,1895.19,No
CUST-04464,Male,0,No,Yes,72,Yes,No,Fiber optic,Yes,Yes,No,No,No,Yes,Month-to-month,Yes,Electronic check,108.66,7594.38,Yes
CUST-04465,Female,0,Yes,No,62,Yes,No,DSL,No,Yes,No,Yes,Yes,Yes,Two year,Yes,Electronic check,24.42,1451.85,No
CUST-04466,Female,0,No,No,50,Yes,No,DSL,No,No,No,Yes,Yes,No,Month-to-month,No,Bank transfer (automatic),80.63,4112.44,No
CUST-04467,Female,0,Yes,No,54,Yes,Yes,DSL,No,No,No,No,No,No,Month-to-month,Yes,Mailed check,107.87,5457.58,Yes
CUST-04468,Female,0,No,Yes,54,Yes,Yes,Fiber optic,No,No,No,Yes,No,No,Two year,Yes,Mailed check,43.14,2661.29,No
CUST-04469,Male,0,No,No,28,Yes,Yes,DSL,No,Yes,No,No,Yes,Yes,One year,Yes,Credit card (automatic),28.12,847.15,No
CUST-04470,Male,0,No,Yes,51,Yes,Yes,No,No internet service,No internet service,No internet service,No internet service,No internet service,No internet service,One year,No,Electronic check,64.87,3271.4,No
CUST-04471,Female,1,No,No,33,Yes,No,Fiber optic,No,No,Yes,No,No,Yes,One year,Yes,Bank transfer (automatic),77.63,2607.39,No
CUST-04472,Female,0,Yes,No,1,Yes,No,No,No internet service,No internet service,No internet service,No internet service,No internet service,No internet service,Two year,Yes,Mailed check,47.37,41.83,No
CUST-04473,Male,0,Yes,No,69,Yes,Yes,No,No internet service,No internet service,No internet service,No internet service,No internet service,No internet service,Two year,Yes,Credit card (automatic),50.93,3713.34,No
CUST-04474,Female,1,Yes,Yes,1,Yes,Yes,DSL,No,No,No,Yes,No,No,Month-to-month,No,Bank transfer (automatic),82.37,84.91,Yes
CUST-04475,Male,0,No,No,55,Yes,Yes,DSL,No,Yes,Yes,No,Yes,No,Two year,No,Electronic check,116.4,7270.69,No
CUST-04476,Male,0,No,Yes,45,Yes,No,DSL,No,Yes,No,No,No,Yes,Month-to-month,Yes,Mailed check,60.94,2793.32,No
CUST-04477,Male,0,Yes,No,40,Yes,Yes,No,No internet service,No internet service,No internet service,No internet service,No internet service,No internet service,Month-to-month,No,Bank transfer (automatic),62.85,2149.88,No
CUST-04478,Female,0,No,Yes,61,Yes,No,Fiber optic,No,No,Yes,No,No,No,One year,No,Mailed check,105.73,6869.57,No
CUST-04479,Male,0,Yes,No,36,Yes,Yes,DSL,No,No,No,No,Yes,Yes,Month-to-month,No,Bank transfer (automatic),57.42,1865.77,Yes
CUST-04480,Female,0,Yes,No,24,Yes,No,No,No internet service,No internet service,No internet service,No internet service,No internet service,No internet service,Month-to-month,No,Credit card (automatic),51.26,1264.17,Yes
CUST-04481,Male,0,No,Yes,14,Yes,No,Fiber optic,No,Yes,No,No,Yes,No,Month-to-month,No,Bank transfer (automatic),65.06,937.35,No
CUST-04482,Female,1,Yes,No,1,Yes,Yes,Fiber optic,No,Yes,No,No,No,Yes,Month-to-month,Yes,Mailed check,22.48,25.3,No
CUST-04483,Female,0,Yes,No,47,Yes,No,DSL,Yes,Yes,No,No,Yes,No,Two year,No,Credit card (automatic),109.76,5175.68,No
CUST-04484,Female,0,No,No,21,Yes,No,DSL,No,No,No,No,No,Yes,One year,Yes,Credit card (automatic),28.08,633.82,No
CUST-04485,Male,0,No,Yes,39,Yes,No,Fiber optic,No,No,No,No,Yes,Yes,Two year,Yes,Mailed check,108.75,3737.08,No
CUST-04486,Male,0,Yes,No,3,Yes,No,Fiber optic,No,No,No,No,No,No,Month-to-month,Yes,Credit card (automatic),112.12,385.83,No
CUST-04487,Female,0,No,Yes,16,Yes,No,Fiber optic,No,No,No,No,No,No,Two year,Yes,Credit card (automatic),107.28,1668.67,No
CUST-04488,Female,0,No,No,68,Yes,No,No,No internet service,No internet service,No internet service,No internet service,No internet service,No internet service,Month-to-month,Yes,Mailed check,26.99,2033.99,No
CUST-04489,Female,0,Yes,No,26,Yes,No,DSL,No,Yes,No,No,Yes,Yes,Two year,Yes,Electronic check,73.13,2055.88,No
CUST-04490,Male,0,No,No,54,No,No phone service,DSL,Yes,Yes,Yes,No,No,No,Month-to-month,Yes,Credit card (automatic),53.88,2696.51,Yes
CUST-04491,Male,1,Yes,No,13,Yes,Yes,Fiber optic,No,No,No,No,Yes,No,One year,No,Electronic check,35.49,508.91,Yes
CUST-04492,Male,0,Yes,No,61,Yes,No,Fiber optic,No,Yes,No,No,Yes,No,One year,Yes,Credit card (automatic),72.68,4136.54,No
CUST-04493,Male,0,Yes,Yes,20,Yes,No,Fiber optic,No,No,Yes,No,Yes,No,Month-to-month,No,Bank transfer (automatic),22.44,505.78,Yes
CUST-04494,Female,0,No,No,27,Yes,No,No,No internet service,No internet service,No internet service,No internet service,No internet service,No internet service,Month-to-month,Yes,Credit card (automatic),48.82,1143.12,Yes
CUST-04495,Female,0,Yes,No,2,Yes,Yes,Fiber optic,No,Yes,No,No,No,No,Month-to-month,No,Electronic check,70.76,147.67,No
CUST-04496,Male,0,Yes,No,10,Yes,Yes,Fiber optic,Yes,No,Yes,No,Yes,No,One year,No,Electronic check,116.82,1123.12,No
CUST-04497,Male,0,Yes,Yes,60,Yes,No,Fiber optic,Yes,No,No,No,Yes,No,One year,Yes,Electronic check,70.25,4201.58,No
CUST-04498,Female,0,Yes,No,19,Yes,No,Fiber optic,No,No,No,Yes,No,No,Month-to-month,No,Credit card (automatic),49.54,921.23,Yes
CUST-04499,Male,0,No,No,15,Yes,Yes,No,No internet service,No internet service,No internet service,No internet service,No internet service,No internet service,Month-to-month,Yes,Bank transfer (automatic),73.76,1203.79,No
CUST-04500,Male,0,Yes,No,47,Yes,Yes,Fiber optic,No,No,No,No,Yes,No,Month-to-month,Yes,Electronic check,23.16,1246.56,No
CUST-04501,Male,0,No,No,24,Yes,No,No,No internet service,No internet service,No internet service,No internet service,No internet service,No internet service,Month-to-month,Yes,Mailed check,100.32,2148.14,Yes
CUST-04502,Male,0,No,No,16,Yes,Yes,Fiber optic,Yes,No,No,Yes,Yes,Yes,Two year,No,Credit card (automatic),108.88,1749.4,No
CUST-04503,Male,0,No,No,60,Yes,No,DSL,No,No,Yes,No,No,Yes,Month-to-month,Yes,Mailed check,22.21,1454.11,Yes
CUST-04504,Male,0,No,No,49,Yes,Yes,DSL,No,Yes,No,No,Yes,No,Month-to-month,No,Credit card (automatic),39.03,2041.81,No
CUST-04505,Female,0,Yes,No,4,Yes,Yes,Fiber optic,No,Yes,Yes,Yes,Yes,Yes,One year,Yes,Electronic check,21.82,87.73,Yes
CUST-04506,Male,0,Yes,Yes,66,Yes,Yes,Fiber optic,No,No,Yes,Yes,No,No,Two year,Yes,Bank transfer (automatic),108.82,6913.71,No
CUST-04507,Male,0,No,No,49,Yes,Yes,DSL,Yes,Yes,No,Yes,Yes,No,Month-to-month,Yes,Mailed check,20.09,1007.18,No
CUST-04508,Female,0,Yes,No,31,Yes,No,Fiber optic,Yes,No,Yes,No,No,No,One year,No,Electronic check,20.46,612.18,No
CUST-04509,Female,0,No,No,66,No,No phone service,DSL,No,No,Yes,Yes,No,No,Month-to-month,Yes,Credit card (automatic),75.88,5243.67,No
CUST-04510,Female,0,Yes,No,54,Yes,Yes,Fiber optic,Yes,No,No,No,No,Yes,One year,Yes,Mailed check,37.0,2206.61,No
CUST-04511,Male,0,Yes,Yes,2,Yes,No,No,No internet service,No internet service,No internet service,No internet service,No internet service,No internet service,Two year,Yes,Mailed check,111.22,230.69,No
CUST-04512,Female,0,Yes,No,61,Yes,Yes,DSL,No,Yes,No,No,Yes,No,Two year,Yes,Mailed check,99.93,5410.28,No
CUST-04513,Male,1,Yes,No,15,No,No phone service,DSL,No,Yes,No,No,Yes,Yes,One year,Yes,Electronic check,39.78,611.75,No
CUST-04514,Male,1,No,No,60,No,No phone service,Fiber optic,No,No,Yes,No,No,No,Two year,No,Mailed check,62.69,3715.4,No
CUST-04515,Male,0,Yes,No,43,Yes,Yes,Fiber optic,No,No,No,Yes,No,Yes,Two year,Yes,Bank transfer (automatic),102.93,5000.54,No
CUST-04516,Female,0,No,Yes,40,Yes,No,Fiber optic,Yes,No,No,No,No,Yes,Two year,No,Credit card (automatic),20.0,821.1,No
CUST-04517,Female,0,No,Yes,30,Yes,No,Fiber optic,No,No,No,Yes,Yes,Yes,Month-to-month,Yes,Credit card (automatic),65.94,2120.77,No
CUST-04518,Female,0,No,No,63,Yes,No,No,No internet service,No internet service,No internet service,No internet service,No internet service,No internet service,Two year,No,Credit card (automatic),64.37,4197.85,No
CUST-04519,Female,0,Yes,Yes,24,Yes,No,No,No internet service,No internet service,No internet service,No internet service,No internet service,No internet service,Month-to-month,Yes,Credit card (automatic),112.28,3096.73,Yes
CUST-04520,Female,0,No,Yes,44,Yes,No,Fiber optic,No,No,No,Yes,Yes,No,Month-to-month,Yes,Mailed check,52.73,2534.4,No
CUST-04521,Male,1,Yes,No,14,Yes,No,Fiber optic,Yes,Yes,No,Yes,No,No,Two year,Yes,Mailed check,39.58,602.18,No
CUST-04522,Male,1,No,No,28,Yes,Yes,DSL,No,No,No,No,Yes,No,Month-to-month,Yes,Electronic check,50.57,1404.41,Yes
CUST-04523,Male,0,Yes,Yes,14,Yes,No,DSL,No,Yes,No,Yes,No,Yes,Two year,Yes,Electronic check,47.75,748.46,No
CUST-04524,Male,0,Yes,Yes,56,Yes,No,DSL,No,No,No,No,Yes,No,One year,Yes,Electronic check,100.32,5770.73,No
CUST-04525,Female,0,No,No,34,Yes,Yes,DSL,No,Yes,No,No,No,Yes,Month-to-month,Yes,Bank transfer (automatic),87.04,2993.73,Yes
CUST-04526,Female,0,No,Yes,12,Yes,Yes,No,No internet service,No internet service,No internet service,No internet service,No internet service,No internet service,Month-to-month,Yes,Electronic check,62.3,768.94,Yes
CUST-04527,Male,0,Yes,No,56,Yes,No,No,No internet service,No internet service,No internet service,No internet service,No internet service,No internet service,One year,No,Mailed check,104.24,6279.99,No
CUST-04528,Female,0,Yes,No,61,Yes,Yes,No,No internet service,No internet service,No internet service,No internet service,No internet service,No internet service,Month-to-month,Yes,Mailed check,77.72,4049.76,No
CUST-04529,Female,0,No,No,61,Yes,No,Fiber optic,No,No,No,No,No,No,One year,Yes,Credit card (automatic),30.79,1925.26,No
CUST-04530,Male,0,No,No,40,Yes,Yes,Fiber optic,No,Yes,No,No,No,No,Month-to-month,Yes,Mailed check,86.53,3831.58,No
CUST-04531,Male,0,Yes,Yes,20,Yes,No,Fiber optic,No,No,No,No,Yes,No,One year,No,Credit card (automatic),44.75,859.43,No
CUST-04532,Female,1,No,Yes,42,No,No phone service,No,No internet service,No internet service,No internet service,No internet service,No internet service,No internet service,One year,No,Electronic check,87.05,3322.94,No
CUST-04533,Female,0,No,No,7,Yes,Yes,Fiber optic,Yes,Yes,No,No,Yes,No,One year,No,Electronic check,70.09,434.28,No
CUST-04534,Male,0,No,No,68,Yes,No,DSL,No,Yes,No,Yes,No,Yes,Month-to-month,Yes,Bank transfer (automatic),93.8,6525.32,No
CUST-04535,Male,0,No,No,31,No,No phone service,Fiber optic,Yes,Yes,No,Yes,Yes,No,One year,No,Bank transfer (automatic),66.82,1984.13,No
CUST-04536,Male,0,Yes,Yes,70,Yes,No,Fiber optic,Yes,Yes,No,No,Yes,No,One year,Yes,Electronic check,107.01,8071.06,No
CUST-04537,Female,0,No,No,47,Yes,No,Fiber optic,Yes,No,No,No,Yes,Yes,Month-to-month,Yes,Mailed check,54.87,2829.29,Yes
CUST-04538,Male,0,Yes,No,51,No,No phone service,Fiber optic,No,No,Yes,Yes,Yes,No,One year,Yes,Electronic check,48.17,2749.84,No
CUST-04539,Male,1,Yes,No,58,Yes,Yes,Fiber optic,No,No,No,No,No,Yes,Month-to-month,No,Electronic check,40.56,2005.72,Yes
CUST-04540,Female,0,No,Yes,22,No,No phone service,DSL,Yes,Yes,No,No,No,No,Month-to-month,No,Credit card (automatic),72.65,1748.77,No
CUST-04541,Female,0,Yes,No,24,Yes,Yes,DSL,No,Yes,No,No,No,No,Two year,Yes,Mailed check,47.48,1181.23,No
CUST-04542,Female,0,No,Yes,34,Yes,Yes,Fiber optic,No,No,Yes,No,No,No,Month-to-month,No,Mailed check,90.55,2913.74,Yes
CUST-04543,Female,1,Yes,No,63,Yes,No,DSL,No,No,Yes,Yes,No,Yes,Month-to-month,Yes,Bank transfer (automatic),42.71,2557.49,No
CUST-04544,Female,0,Yes,No,60,Yes,No,DSL,No,No,No,No,Yes,No,Month-to-month,No,Credit card (automatic),69.99,4277.82,Yes
CUST-04545,Male,0,No,No,19,Yes,No,No,No internet service,No internet service,No internet service,No internet service,No internet service,No internet service,One year,Yes,Electronic check,80.54,1302.97,No
CUST-04546,Male,0,Yes,No,24,Yes,No,No,No internet service,No internet service,No internet service,No internet service,No internet service,No internet service,Two year,No,Electronic check,66.58,1517.32,No
CUST-04547,Female,0,Yes,No,64,Yes,No,DSL,Yes,No,No,No,Yes,Yes,Month-to-month,Yes,Mailed check,22.5,1612.08,No
CUST-04548,Female,0,No,Yes,20,No,No phone service,DSL,No,No,No,No,Yes,No,Month-to-month,No,Bank transfer (automatic),52.02,1087.27,No
CUST-04549,Female,0,Yes,Yes,27,Yes,No,Fiber optic,No,No,Yes,No,No,No,Month-to-month,Yes,Mailed check,102.97,2493.2,No
CUST-04550,Female,0,Yes,Yes,58,Yes,Yes,No,No internet service,No internet service,No internet service,No internet service,No internet service,No internet service,One year,No,Bank transfer (automatic),89.14,5686.06,No
CUST-04551,Female,0,No,Yes,44,Yes,No,Fiber optic,Yes,No,No,Yes,No,No,Month-to-month,Yes,Electronic check,117.59,5528.65,Yes
CUST-04552,Male,0,Yes,Yes,65,Yes,No,Fiber optic,No,No,Yes,No,No,No,Month-to-month,Yes,Electronic check,47.64,2692.43,Yes
CUST-04553,Male,0,No,No,46,Yes,No,DSL,No,No,No,Yes,Yes,No,Month-to-month,Yes,Credit card (automatic),111.77,5857.54,No
CUST-04554,Male,0,Yes,No,54,No,No phone service,Fiber optic,No,No,No,Yes,Yes,No,Two year,Yes,Bank transfer (automatic),61.13,3620.63,No
CUST-04555,Male,0,Yes,Yes,39,Yes,Yes,Fiber optic,No,Yes,No,No,No,No,One year,Yes,Bank transfer (automatic),25.65,893.12,No
CUST-04556,Female,0,Yes,Yes,7,Yes,No,DSL,No,No,No,No,Yes,No,Two year,Yes,Mailed check,54.33,422.8,No
CUST-04557,Male,0,Yes,No,54,Yes,No,Fiber optic,No,No,No,No,Yes,No,One year,No,Electronic check,38.55,2347.6,No
CUST-04558,Female,1,Yes,No,43,Yes,Yes,Fiber optic,No,Yes,No,No,No,Yes,Two year,No,Electronic check,46.85,2020.19,No
CUST-04559,Female,1,Yes,Yes,20,Yes,Yes,No,No internet service,No internet service,No internet service,No internet service,No internet service,No internet service,One year,No,Credit card (automatic),51.82,970.97,No
CUST-04560,Female,0,Yes,No,25,Yes,Yes,Fiber optic,No,No,No,Yes,Yes,No,Month-to-month,Yes,Electronic check,49.53,1261.94,Yes
CUST-04561,Male,0,Yes,No,43,Yes,No,Fiber optic,Yes,Yes,No,Yes,No,No,Month-to-month,No,Mailed check,21.63,983.79,No
CUST-04562,Female,0,No,No,27,Yes,No,DSL,No,No,No,No,Yes,No,Month-to-month,No,Electronic check,47.85,1196.81,Yes
CUST-04563,Male,1,No,No,25,Yes,Yes,DSL,No,No,No,No,No,No,Month-to-month,No,Mailed check,77.78,1816.7,No
CUST-04564,Male,0,Yes,No,36,No,No phone service,No,No internet service,No internet service,No internet service,No internet service,No internet service,No internet service,Two year,No,Electronic check,96.3,3747.73,No
CUST-04565,Female,0,No,Yes,66,Yes,Yes,Fiber optic,No,No,Yes,No,No,Yes,One year,Yes,Electronic check,18.87,1308.8,No
CUST-04566,Female,0,No,Yes,9,Yes,Yes,Fiber optic,Yes,No,Yes,No,No,No,Month-to-month,No,Electronic check,28.29,243.46,No
CUST-04567,Female,1,No,No,53,Yes,Yes,Fiber optic,No,No,No,Yes,No,Yes,One year,Yes,Credit card (automatic),80.89,4120.62,No
CUST-04568,Male,0,No,No,21,Yes,No,No,No internet service,No internet service,No internet service,No internet service,No internet service,No internet service,Two year,Yes,Electronic check,26.12,586.74,No
CUST-04569,Female,0,No,No,50,Yes,No,DSL,No,No,No,Yes,Yes,No,Month-to-month,Yes,Mailed check,19.88,947.71,No
CUST-04570,Male,0,Yes,Yes,16,Yes,No,Fiber optic,No,Yes,No,Yes,No,Yes,Two year,No,Bank transfer (automatic),49.94,753.18,No
CUST-04571,Female,0,No,No,66,Yes,No,Fiber optic,Yes,No,No,No,Yes,Yes,Two year,Yes,Mailed check,87.86,6263.01,No
CUST-04572,Female,0,No,No,26,Yes,Yes,DSL,Yes,No,No,No,No,No,One year,No,Mailed check,103.95,2635.46,Yes
CUST-04573,Male,0,Yes,No,44,Yes,Yes,No,No internet service,No internet service,No internet service,No internet service,No internet service,No internet service,Two year,Yes,Mailed check,71.63,3427.11,No
CUST-04574,Male,0,Yes,No,29,Yes,Yes,No,No internet service,No internet service,No internet service,No internet service,No internet service,No internet service,Two year,Yes,Credit card (automatic),66.08,2090.02,No
CUST-04575,Male,1,No,No,46,Yes,Yes,DSL,No,Yes,No,Yes,Yes,Yes,Two year,Yes,Mailed check,71.04,3713.69,No
CUST-04576,Male,0,No,No,71,Yes,No,Fiber optic,No,No,No,No,No,No,Month-to-month,Yes,Electronic check,63.19,4672.48,No
CUST-04577,Male,0,Yes,No,49,Yes,No,DSL,No,No,No,No,Yes,No,Month-to-month,Yes,Electronic check,96.79,5035.22,Yes
CUST-04578,Male,0,Yes,No,15,Yes,Yes,Fiber optic,Yes,Yes,No,Yes,Yes,No,Month-to-month,No,Mailed check,80.44,1180.35,Yes
CUST-04579,Female,0,No,Yes,17,Yes,Yes,Fiber optic,No,No,Yes,Yes,No,Yes,Month-to-month,No,Electronic check,32.85,576.92,No
CUST-04580,Female,0,Yes,No,9,Yes,Yes,Fiber optic,No,Yes,No,Yes,Yes,No,Month-to-month,No,Credit card (automatic),112.5,923.42,Yes
CUST-04581,Male,0,No,Yes,32,Yes,No,DSL,Yes,Yes,No,No,Yes,No,Month-to-month,Yes,Credit card (automatic),37.17,1245.53,No
CUST-04582,Female,0,Yes,No,66,Yes,No,Fiber optic,Yes,No,No,No,Yes,No,Month-to-month,Yes,Electronic check,35.63,2640.82,No
CUST-04583,Male,1,Yes,No,59,Yes,No,DSL,No,No,No,Yes,Yes,No,Month-to-month,Yes,Mailed check,55.09,2939.45,No
CUST-04584,Female,1,Yes,Yes,32,Yes,No,Fiber optic,No,No,Yes,Yes,Yes,No,Two year,Yes,Bank transfer (automatic),55.77,1800.33,No
CUST-04585,Female,1,Yes,Yes,43,Yes,Yes,DSL,No,No,Yes,No,No,Yes,Two year,No,Electronic check,26.41,1043.66,No
CUST-04586,Male,0,Yes,No,59,Yes,No,Fiber optic,No,No,Yes,No,Yes,Yes,Two year,Yes,Bank transfer (automatic),28.12,1450.98,No
CUST-04587,Male,0,No,No,30,Yes,No,No,No internet service,No internet service,No internet service,No internet service,No internet service,No internet service,Two year,Yes,Mailed check,115.98,3045.44,No
CUST-04588,Male,0,No,Yes,11,Yes,No,DSL,No,Yes,No,No,No,Yes,Two year,Yes,Bank transfer (automatic),30.21,304.42,No
CUST-04589,Female,0,Yes,Yes,26,Yes,Yes,Fiber optic,No,Yes,No,Yes,Yes,No,Two year,Yes,Credit card (automatic),114.69,2840.67,No
CUST-04590,Male,0,No,No,2,Yes,No,Fiber optic,No,Yes,No,No,No,Yes,Month-to-month,Yes,Mailed check,87.68,160.64,No
CUST-04591,Female,0,No,No,34,Yes,No,No,No internet service,No internet service,No internet service,No internet service,No internet service,No internet service,Month-to-month,Yes,Electronic check,40.15,1483.57,No
CUST-04592,Male,0,Yes,No,41,Yes,No,Fiber optic,No,Yes,No,No,No,No,One year,Yes,Electronic check,59.68,2133.54,No
CUST-04593,Female,0,Yes,No,31,Yes,Yes,DSL,No,Yes,No,No,No,Yes,One year,No,Credit card (automatic),41.47,1109.09,No
CUST-04594,Female,0,Yes,No,63,Yes,Yes,DSL,No,Yes,No,No,No,No,Month-to-month,Yes,Electronic check,41.78,2380.99,No
CUST-04595,Male,0,No,Yes,55,Yes,No,No,No internet service,No internet service,No internet service,No internet service,No internet service,No internet service,Two year,No,Credit card (automatic),83.36,4214.74,No
CUST-04596,Female,0,No,No,61,Yes,No,No,No internet service,No internet service,No internet service,No internet service,No internet service,No internet service,Month-to-month,No,Bank transfer (automatic),52.05,3332.29,No
CUST-04597,Female,0,Yes,No,36,Yes,No,Fiber optic,No,No,No,No,Yes,No,Month-to-month,No,Electronic check,103.47,3171.97,No
CUST-04598,Male,0,No,Yes,40,Yes,No,Fiber optic,No,No,Yes,No,No,No,One year,No,Mailed check,71.2,3201.71,No
CUST-04599,Female,0,Yes,No,23,Yes,Yes,Fiber optic,No,No,No,Yes,No,Yes,Two year,No,Bank transfer (automatic),44.54,957.91,No
CUST-04600,Male,1,Yes,No,26,No,No phone service,Fiber optic,Yes,No,Yes,No,No,No,Two year,No,Bank transfer (automatic),21.72,497.5,No
CUST-04601,Male,0,Yes,No,18,Yes,Yes,DSL,No,No,Yes,No,Yes,Yes,Two year,No,Electronic check,77.86,1592.06,No
CUST-04602,Male,1,No,No,34,Yes,No,No,No internet service,No internet service,No internet service,No internet service,No internet service,No internet service,Month-to-month,Yes,Bank transfer (automatic),112.45,4286.45,Yes
CUST-04603,Male,0,Yes,No,28,No,No phone service,DSL,Yes,Yes,Yes,No,No,No,Two year,No,Credit card (automatic),69.12,1694.84,No
CUST-04604,Female,0,No,No,49,Yes,No,Fiber optic,Yes,Yes,No,No,Yes,No,Two year,No,Bank transfer (automatic),72.7,3501.74,No
CUST-04605,Female,0,Yes,No,64,Yes,Yes,Fiber optic,No,Yes,No,No,No,No,Month-to-month,No,Mailed check,45.36,3017.16,No
CUST-04606,Female,0,Yes,No,71,Yes,No,Fiber optic,No,Yes,Yes,No,Yes,No,Month-to-month,Yes,Bank transfer (automatic),84.23,6492.3,No
CUST-04607,Male,0,No,No,63,Yes,Yes,DSL,Yes,Yes,No,No,No,No,Two year,No,Mailed check,69.26,4994.41,No
CUST-04608,Female,0,No,No,62,Yes,No,Fiber optic,No,Yes,No,No,No,Yes,Month-to-month,Yes,Bank transfer (automatic),90.03,6014.95,No
CUST-04609,Female,0,No,No,42,Yes,Yes,Fiber optic,No,No,Yes,Yes,Yes,Yes,Month-to-month,Yes,Electronic check,30.39,1292.96,No
CUST-04610,Male,0,No,Yes,24,Yes,No,DSL,No,No,No,No,No,No,Two year,Yes,Credit card (automatic),41.43,855.48,No
CUST-04611,Male,0,No,Yes,35,Yes,No,No,No internet service,No internet service,No internet service,No internet service,No internet service,No internet service,Two year,Yes,Mailed check,101.14,3226.65,No
CUST-04612,Female,0,Yes,No,55,No,No phone service,No,No internet service,No internet service,No internet service,No internet service,No internet service,No internet service,One year,No,Mailed check,115.42,7050.24,No
CUST-04613,Male,0,Yes,No,49,Yes,Yes,Fiber optic,No,No,No,Yes,Yes,No,Month-to-month,Yes,Bank transfer (automatic),100.47,4766.75,Yes
CUST-04614,Male,0,No,Yes,59,Yes,No,Fiber optic,No,Yes,Yes,Yes,Yes,Yes,One year,No,Bank transfer (automatic),63.09,3277.98,No
CUST-04615,Male,0,No,Yes,22,Yes,Yes,Fiber optic,No,No,No,Yes,No,Yes,One year,Yes,Electronic check,25.51,611.1,No
CUST-04616,Male,0,No,No,61,Yes,Yes,Fiber optic,No,No,No,No,Yes,No,Month-to-month,No,Electronic check,106.2,5742.62,No
CUST-04617,Female,0,Yes,No,30,No,No phone service,No,No internet service,No internet service,No internet service,No internet service,No internet service,No internet service,Month-to-month,Yes,Bank transfer (automatic),99.5,2791.25,No
CUST-04618,Male,0,Yes,No,69,Yes,No,Fiber optic,No,No,No,No,No,Yes,Two year,Yes,Mailed check,114.77,6800.7,No
CUST-04619,Male,1,No,Yes,60,Yes,Yes,Fiber optic,No,No,Yes,Yes,No,No,Month-to-month,Yes,Mailed check,59.41,3347.9,Yes
CUST-04620,Male,0,Yes,No,6,Yes,No,DSL,No,Yes,Yes,Yes,No,Yes,Month-to-month,Yes,Bank transfer (automatic),87.66,576.11,Yes
CUST-04621,Male,0,Yes,No,11,Yes,No,Fiber optic,No,No,No,No,Yes,No,One year,No,Bank transfer (automatic),34.2,369.86,No
CUST-04622,Male,0,Yes,Yes,24,Yes,No,Fiber optic,No,Yes,Yes,No,No,No,Two year,No,Electronic check,110.46,2419.32,No
CUST-04623,Male,0,Yes,No,51,Yes,No,Fiber optic,No,No,Yes,Yes,Yes,No,One year,No,Credit card (automatic),88.55,4488.48,No
CUST-04624,Male,0,No,No,19,Yes,No,Fiber optic,No,No,No,No,No,Yes,Month-to-month,Yes,Electronic check,90.82,1468.46,Yes
CUST-04625,Male,0,No,Yes,50,Yes,No,DSL,Yes,No,Yes,No,Yes,No,Month-to-month,No,Bank transfer (automatic),85.95,4556.29,No
CUST-04626,Female,0,Yes,No,3,Yes,No,Fiber optic,Yes,No,No,No,Yes,Yes,Month-to-month,Yes,Credit card (automatic),90.64,231.57,No
CUST-04627,Male,0,Yes,No,3,Yes,Yes,No,No internet service,No internet service,No internet service,No internet service,No internet service,No internet service,Two year,Yes,Mailed check,33.51,94.92,No
CUST-04628,Female,0,No,Yes,31,Yes,Yes,Fiber optic,No,No,Yes,No,No,Yes,One year,Yes,Mailed check,86.24,2419.06,No
CUST-04629,Male,0,Yes,Yes,47,Yes,No,Fiber optic,Yes,No,No,No,Yes,Yes,Month-to-month,Yes,Bank transfer (automatic),57.75,3076.76,No
CUST-04630,Male,0,No,Yes,8,Yes,No,Fiber optic,No,Yes,Yes,Yes,No,No,Month-to-month,Yes,Electronic check,51.93,368.65,Yes
CUST-04631,Male,0,No,No,17,Yes,No,Fiber optic,No,Yes,Yes,Yes,No,Yes,Month-to-month,Yes,Mailed check,44.32,778.7,No
CUST-04632,Male,1,No,Yes,45,No,No phone service,DSL,No,No,No,Yes,Yes,Yes,Month-to-month,No,Bank transfer (automatic),105.13,4550.46,Yes
CUST-04633,Female,0,No,No,60,No,No phone service,DSL,Yes,No,No,No,No,No,Month-to-month,Yes,Electronic check,92.5,5918.77,No
CUST-04634,Male,0,Yes,No,21,Yes,Yes,Fiber optic,No,No,No,No,No,No,Two year,Yes,Electronic check,48.07,959.77,No
CUST-04635,Male,0,No,No,70,Yes,Yes,DSL,No,No,Yes,Yes,Yes,Yes,Month-to-month,Yes,Credit card (automatic),29.23,1803.79,No
CUST-04636,Female,1,Yes,No,21,No,No phone service,Fiber optic,No,No,No,No,No,No,Two year,No,Electronic check,61.0,1104.45,No
CUST-04637,Female,0,Yes,No,58,Yes,No,Fiber optic,No,No,No,No,Yes,No,Two year,Yes,Electronic check,80.15,5332.69,No
CUST-04638,Male,0,Yes,No,55,Yes,Yes,DSL,No,Yes,No,No,Yes,Yes,Two year,Yes,Electronic check,19.26,1206.53,No
CUST-04639,Female,0,Yes,No,28,Yes,No,DSL,No,No,No,No,Yes,Yes,Month-to-month,Yes,Bank transfer (automatic),70.61,1808.12,Yes
CUST-04640,Female,0,Yes,No,46,Yes,No,No,No internet service,No internet service,No internet service,No internet service,No internet service,No internet service,Month-to-month,No,Electronic check,28.66,1155.57,Yes
CUST-04641,Female,0,Yes,No,44,Yes,No,No,No internet service,No internet service,No internet service,No internet service,No internet service,No internet service,Two year,Yes,Bank transfer (automatic),100.52,4565.83,No
CUST-04642,Male,0,No,No,25,Yes,Yes,Fiber optic,No,No,No,Yes,Yes,No,Month-to-month,No,Electronic check,85.68,2264.52,No
CUST-04643,Male,1,No,No,71,Yes,No,Fiber optic,No,Yes,Yes,No,No,Yes,Month-to-month,No,Electronic check,56.44,4289.05,No
CUST-04644,Male,0,Yes,No,49,Yes,Yes,DSL,No,Yes,Yes,No,Yes,No,Month-to-month,Yes,Bank transfer (automatic),40.68,2240.17,Yes
CUST-04645,Female,0,No,No,46,Yes,Yes,DSL,No,Yes,Yes,Yes,No,No,Two year,No,Mailed check,56.78,2419.04,No
CUST-04646,Male,0,Yes,No,63,No,No phone service,No,No internet service,No internet service,No internet service,No internet service,No internet service,No internet service,Two year,Yes,Bank transfer (automatic),108.18,6246.18,No
CUST-04647,Female,0,No,No,12,Yes,Yes,No,No internet service,No internet service,No internet service,No internet service,No internet service,No internet service,Month-to-month,No,Electronic check,25.04,262.11,Yes
CUST-04648,Male,1,Yes,Yes,57,Yes,No,Fiber optic,Yes,No,No,No,No,No,One year,Yes,Bank transfer (automatic),110.6,5642.46,No
CUST-04649,Male,0,No,No,64,Yes,No,DSL,No,No,No,No,Yes,Yes,Month-to-month,Yes,Credit card (automatic),25.77,1723.24,No
CUST-04650,Female,0,Yes,Yes,31,Yes,No,Fiber optic,No,Yes,No,No,No,Yes,Month-to-month,Yes,Electronic check,21.94,677.33,No
CUST-04651,Male,0,No,Yes,4,Yes,No,Fiber optic,No,Yes,No,No,No,Yes,Two year,Yes,Electronic check,38.3,163.18,Yes
CUST-04652,Female,0,Yes,No,54,Yes,Yes,No,No internet service,No internet service,No internet service,No internet service,No internet service,No internet service,Month-to-month,No,Credit card (automatic),32.95,1844.53,No
CUST-04653,Female,0,Yes,No,65,No,No phone service,Fiber optic,Yes,Yes,No,No,No,No,Month-to-month,No,Bank transfer (automatic),111.91,7724.78,Yes
CUST-04654,Male,1,Yes,No,6,Yes,No,DSL,No,No,Yes,No,Yes,No,Month-to-month,Yes,Electronic check,42.83,259.35,Yes
CUST-04655,Female,1,Yes,No,65,Yes,No,DSL,No,Yes,No,No,No,No,Two year,Yes,Electronic check,101.15,7458.94,Yes
CUST-04656,Male,0,No,Yes,22,Yes,Yes,DSL,No,Yes,No,No,Yes,Yes,Month-to-month,Yes,Credit card (automatic),50.45,1168.0,No
CUST-04657,Male,0,No,No,17,Yes,Yes,DSL,No,No,No,No,No,No,Month-to-month,No,Mailed check,33.14,598.18,No
CUST-04658,Female,0,Yes,No,59,Yes,No,DSL,Yes,No,Yes,Yes,No,Yes,Month-to-month,No,Electronic check,60.55,3983.11,No
CUST-04659,Male,1,No,Yes,29,Yes,No,Fiber optic,No,Yes,No,No,Yes,No,Two year,Yes,Bank transfer (automatic),28.08,841.05,Yes
CUST-04660,Female,0,Yes,No,67,Yes,Yes,DSL,No,No,No,No,No,No,Month-to-month,Yes,Mailed check,78.86,4852.74,No
CUST-04661,Male,0,No,No,17,Yes,Yes,No,No internet service,No internet service,No internet service,No internet service,No internet service,No internet service,Month-to-month,Yes,Bank transfer (automatic),34.36,571.13,No
CUST-04662,Male,0,Yes,No,2,No,No phone service,Fiber optic,No,No,Yes,Yes,No,No,One year,No,Electronic check,74.59,159.26,No
CUST-04663,Male,0,No,No,32,Yes,No,No,No internet service,No internet service,No internet service,No internet service,No internet service,No internet service,Month-to-month,Yes,Electronic check,41.97,1514.75,No
CUST-04664,Male,1,Yes,No,22,Yes,No,DSL,Yes,Yes,Yes,No,Yes,No,One year,No,Mailed check,110.44,2415.02,No
CUST-04665,Male,0,No,No,58,Yes,Yes,No,No internet service,No internet service,No internet service,No internet service,No internet service,No internet service,Month-to-month,No,Bank transfer (automatic),40.15,2135.77,No
CUST-04666,Female,0,Yes,No,53,Yes,Yes,Fiber optic,No,No,No,Yes,No,No,Two year,No,Electronic check,65.23,3264.87,No
CUST-04667,Female,0,No,No,47,Yes,Yes,DSL,Yes,No,No,Yes,No,Yes,One year,Yes,Electronic check,20.0,919.29,No
CUST-04668,Female,0,No,No,4,Yes,Yes,Fiber optic,No,No,Yes,No,Yes,Yes,Two year,No,Bank transfer (automatic),30.4,130.01,No
CUST-04669,Female,0,Yes,No,38,Yes,Yes,DSL,No,No,Yes,Yes,No,Yes,Month-to-month,Yes,Electronic check,34.5,1155.87,No
CUST-04670,Female,0,No,Yes,13,Yes,No,DSL,No,No,No,No,No,No,Month-to-month,Yes,Mailed check,101.43,1139.6,No
CUST-04671,Female,0,No,No,61,Yes,Yes,Fiber optic,No,No,No,No,Yes,No,One year,Yes,Mailed check,80.94,5674.56,No
CUST-04672,Male,0,No,No,64,Yes,No,Fiber optic,Yes,Yes,No,Yes,No,Yes,Two year,Yes,Electronic check,22.27,1361.58,No
CUST-04673,Male,0,No,No,33,Yes,Yes,No,No internet service,No internet service,No internet service,No internet service,No internet service,No internet service,Two year,Yes,Credit card (automatic),36.4,1112.94,Yes
CUST-04674,Female,0,No,No,38,Yes,Yes,No,No internet service,No internet service,No internet service,No internet service,No internet service,No internet service,Two year,Yes,Mailed check,105.53,4165.21,No
CUST-04675,Female,0,No,No,29,Yes,Yes,Fiber optic,No,No,Yes,No,Yes,No,Month-to-month,Yes,Mailed check,49.06,1606.87,Yes
CUST-04676,Male,0,No,No,61,Yes,No,No,No internet service,No internet service,No internet service,No internet service,No internet service,No internet service,Month-to-month,Yes,Bank transfer (automatic),39.26,2351.53,No
CUST-04677,Male,0,Yes,No,32,Yes,Yes,DSL,No,Yes,No,No,Yes,Yes,One year,Yes,Electronic check,98.3,3438.91,Yes
CUST-04678,Male,0,No,No,11,Yes,No,DSL,No,Yes,No,No,No,Yes,Month-to-month,No,Credit card (automatic),58.1,595.99,Yes
CUST-04679,Female,0,No,No,18,Yes,Yes,DSL,No,No,No,No,Yes,No,Two year,No,Credit card (automatic),66.88,1216.49,No
CUST-04680,Female,0,No,No,45,Yes,No,DSL,Yes,No,No,Yes,Yes,Yes,Month-to-month,Yes,Electronic check,89.11,4070.31,No
CUST-04681,Female,1,Yes,No,21,Yes,No,Fiber optic,No,No,No,Yes,Yes,No,One year,Yes,Credit card (automatic),109.51,2117.07,Yes
CUST-04682,Male,0,Yes,No,12,Yes,No,No,No internet service,No internet service,No internet service,No internet service,No internet service,No internet service,Two year,Yes,Electronic check,88.45,1084.42,No
CUST-04683,Male,0,No,No,20,Yes,No,DSL,No,Yes,Yes,Yes,No,No,Month-to-month,No,Electronic check,57.82,1182.88,Yes
CUST-04684,Female,0,No,Yes,7,Yes,Yes,Fiber optic,No,No,No,No,No,No,One year,Yes,Bank transfer (automatic),115.15,825.11,No
CUST-04685,Female,0,Yes,Yes,71,Yes,No,DSL,No,No,No,No,No,Yes,Month-to-month,No,Credit card (automatic),73.35,5053.88,No
CUST-04686,Male,1,Yes,No,2,Yes,No,Fiber optic,No,Yes,No,Yes,No,No,Month-to-month,Yes,Electronic check,108.93,226.7,Yes
CUST-04687,Male,0,Yes,No,43,Yes,Yes,DSL,No,No,No,No,No,No,Month-to-month,No,Credit card (automatic),107.46,4399.71,No
CUST-04688,Male,1,No,No,21,No,No phone service,Fiber optic,No,No,Yes,No,No,No,Month-to-month,No,Electronic check,69.59,1413.79,Yes
CUST-04689,Male,0,Yes,No,29,No,No phone service,DSL,No,Yes,No,No,No,No,Two year,Yes,Mailed check,39.19,980.09,No
CUST-04690,Female,1,No,No,32,Yes,Yes,No,No internet service,No internet service,No internet service,No internet service,No internet service,No internet service,Month-to-month,No,Bank transfer (automatic),55.63,2023.69,Yes
CUST-04691,Male,1,No,No,45,Yes,No,DSL,Yes,Yes,No,Yes,Yes,No,One year,Yes,Mailed check,35.87,1719.56,No
CUST-04692,Male,1,No,Yes,59,Yes,Yes,DSL,Yes,Yes,No,No,No,No,Month-to-month,Yes,Credit card (automatic),34.2,2162.7,No
CUST-04693,Male,0,Yes,No,3,Yes,No,No,No internet service,No internet service,No internet service,No internet service,No internet service,No internet service,Two year,No,Credit card (automatic),108.19,352.47,Yes
CUST-04694,Female,0,No,No,39,Yes,Yes,Fiber optic,Yes,No,Yes,No,No,No,Month-to-month,No,Mailed check,32.4,1346.22,No
CUST-04695,Female,0,No,No,51,No,No phone service,Fiber optic,No,No,Yes,No,Yes,Yes,Month-to-month,Yes,Electronic check,116.22,6581.23,No
CUST-04696,Male,0,Yes,No,8,Yes,Yes,No,No internet service,No internet service,No internet service,No internet service,No internet service,No internet service,Month-to-month,Yes,Credit card (automatic),46.19,316.62,Yes
CUST-04697,Male,1,No,Yes,46,Yes,No,Fiber optic,Yes,No,Yes,No,No,Yes,Two year,No,Mailed check,64.34,2608.51,No
CUST-04698,Male,0,No,No,66,Yes,No,DSL,No,No,No,Yes,No,Yes,Month-to-month,No,Bank transfer (automatic),36.89,2376.07,No
CUST-04699,Female,1,No,Yes,6,Yes,No,Fiber optic,No,No,No,No,Yes,Yes,One year,No,Mailed check,55.77,370.94,No
CUST-04700,Female,0,No,No,58,No,No phone service,Fiber optic,Yes,Yes,No,No,No,Yes,Month-to-month,Yes,Electronic check,78.46,4262.97,Yes
CUST-04701,Female,0,Yes,No,41,Yes,No,Fiber optic,No,Yes,Yes,No,No,No,One year,Yes,Credit card (automatic),110.31,4858.26,No
CUST-04702,Male,0,Yes,No,54,Yes,No,Fiber optic,Yes,No,Yes,No,Yes,Yes,Month-to-month,Yes,Mailed check,112.96,5676.08,No
CUST-04703,Female,0,Yes,No,41,Yes,No,No,No internet service,No internet service,No internet service,No internet service,No internet service,No internet service,One year,No,Electronic check,23.6,1112.35,No
CUST-04704,Male,0,No,No,48,Yes,No,DSL,Yes,No,Yes,No,Yes,Yes,Two year,No,Electronic check,71.7,3793.77,No
CUST-04705,Male,0,No,Yes,70,Yes,Yes,DSL,No,Yes,No,No,No,Yes,Month-to-month,No,Bank transfer (automatic),31.92,2208.49,No
CUST-04706,Male,1,Yes,No,27,Yes,Yes,Fiber optic,No,No,No,Yes,Yes,No,Two year,No,Credit card (automatic),32.84,989.71,No
CUST-04707,Female,0,Yes,No,47,Yes,No,DSL,No,No,No,No,No,No,Month-to-month,No,Electronic check,100.75,4884.63,Yes
CUST-04708,Male,0,No,Yes,23,No,No phone service,Fiber optic,No,No,No,No,No,Yes,Month-to-month,Yes,Electronic check,51.03,1043.41,No
CUST-04709,Female,0,No,No,14,Yes,No,Fiber optic,Yes,Yes,No,No,Yes,No,One year,Yes,Electronic check,117.2,1718.84,No
CUST-04710,Female,0,Yes,No,61,Yes,No,No,No internet service,No internet service,No internet service,No internet service,No internet service,No internet service,Month-to-month,No,Mailed check,98.44,6034.54,Yes
CUST-04711,Male,0,No,No,67,Yes,No,Fiber optic,No,No,Yes,No,Yes,No,Two year,Yes,Credit card (automatic),73.22,4467.77,No
CUST-04712,Male,0,No,No,25,Yes,Yes,Fiber optic,No,No,No,No,Yes,No,Month-to-month,Yes,Electronic check,21.83,477.12,No
CUST-04713,Female,0,Yes,No,65,Yes,No,DSL,No,No,Yes,No,Yes,Yes,One year,Yes,Bank transfer (automatic),25.51,1849.02,No
CUST-04714,Male,0,Yes,Yes,24,Yes,Yes,DSL,No,No,No,No,No,No,Month-to-month,Yes,Electronic check,79.08,1832.01,No
CUST-04715,Female,0,Yes,Yes,53,Yes,No,DSL,No,No,No,Yes,Yes,No,Month-to-month,Yes,Electronic check,102.68,6070.94,No
CUST-04716,Male,1,Yes,No,50,Yes,Yes,DSL,No,No,Yes,Yes,No,No,Month-to-month,No,Electronic check,70.16,3765.34,No
CUST-04717,Female,0,No,No,1,Yes,Yes,No,No internet service,No internet service,No internet service,No internet service,No internet service,No internet service,Month-to-month,Yes,Bank transfer (automatic),105.93,90.99,No
CUST-04718,Female,0,Yes,Yes,39,Yes,Yes,DSL,No,No,No,No,No,No,Month-to-month,Yes,Mailed check,58.63,2502.03,No
CUST-04719,Female,0,Yes,Yes,44,Yes,Yes,No,No internet service,No internet service,No internet service,No internet service,No internet service,No internet service,Month-to-month,No,Credit card (automatic),110.76,4480.95,No
CUST-04720,Female,0,No,No,5,Yes,No,No,No internet service,No internet service,No internet service,No internet service,No internet service,No internet service,One year,Yes,Electronic check,107.73,525.43,No
CUST-04721,Male,0,Yes,No,68,Yes,No,Fiber optic,Yes,Yes,No,No,No,No,One year,No,Electronic check,81.42,5297.58,No
CUST-04722,Male,0,No,No,72,Yes,No,No,No internet service,No internet service,No internet service,No internet service,No internet service,No internet service,Two year,Yes,Electronic check,108.56,6676.14,No
CUST-04723,Female,0,Yes,Yes,65,No,No phone service,No,No internet service,No internet service,No internet service,No internet service,No internet service,No internet service,Two year,Yes,Mailed check,72.26,5196.64,No
CUST-04724,Female,0,No,No,15,Yes,Yes,Fiber optic,No,Yes,No,No,Yes,Yes,Month-to-month,No,Bank transfer (automatic),28.6,455.44,No
CUST-04725,Male,0,No,No,50,Yes,No,Fiber optic,No,Yes,No,Yes,No,Yes,One year,Yes,Electronic check,92.6,4585.3,Yes
CUST-04726,Male,0,Yes,No,6,Yes,No,No,No internet service,No internet service,No internet service,No internet service,No internet service,No internet service,Month-to-month,Yes,Electronic check,82.87,480.59,No
CUST-04727,Male,0,No,No,66,Yes,No,No,No internet service,No internet service,No internet service,No internet service,No internet service,No internet service,One year,Yes,Bank transfer (automatic),86.55,6499.01,No
CUST-04728,Male,0,Yes,Yes,69,No,No phone service,DSL,No,Yes,Yes,No,No,No,Month-to-month,No,Mailed check,22.41,1720.27,No
CUST-04729,Male,0,No,No,39,No,No phone service,Fiber optic,Yes,No,No,No,No,Yes,Month-to-month,No,Bank transfer (automatic),28.47,1271.91,No
CUST-04730,Male,0,No,No,29,Yes,No,Fiber optic,No,Yes,No,No,Yes,Yes,One year,No,Electronic check,118.54,3254.65,No
CUST-04731,Female,0,Yes,No,46,Yes,No,Fiber optic,Yes,Yes,No,No,No,Yes,Month-to-month,No,Credit card (automatic),95.35,4559.76,No
CUST-04732,Male,0,No,Yes,31,No,No phone service,Fiber optic,No,No,Yes,No,Yes,No,One year,Yes,Credit card (automatic),65.29,1902.3,No
CUST-04733,Male,0,Yes,No,24,Yes,Yes,Fiber optic,Yes,No,Yes,No,No,Yes,One year,Yes,Bank transfer (automatic),85.62,1784.43,No
CUST-04734,Female,1,No,No,15,Yes,Yes,DSL,No,No,Yes,Yes,Yes,Yes,Two year,Yes,Credit card (automatic),101.97,1687.85,Yes
CUST-04735,Male,0,Yes,Yes,20,Yes,No,Fiber optic,Yes,No,No,Yes,No,No,Month-to-month,No,Mailed check,109.66,2149.5,No
CUST-04736,Male,0,No,No,4,Yes,No,Fiber optic,No,Yes,No,No,No,Yes,One year,Yes,Credit card (automatic),104.53,465.12,No
CUST-04737,Male,0,Yes,No,58,Yes,No,No,No internet service,No internet service,No internet service,No internet service,No internet service,No internet service,One year,Yes,Credit card (automatic),72.93,4155.77,No
CUST-04738,Male,0,No,No,61,No,No phone service,Fiber optic,No,No,Yes,No,Yes,Yes,Two year,No,Credit card (automatic),109.76,5782.78,No
CUST-04739,Male,0,No,Yes,10,Yes,No,DSL,No,No,Yes,Yes,Yes,No,Month-to-month,Yes,Credit card (automatic),97.57,843.28,No
CUST-04740,Female,0,No,No,41,Yes,No,Fiber optic,Yes,No,Yes,No,Yes,No,One year,No,Credit card (automatic),25.71,1115.75,No
CUST-04741,Male,0,Yes,Yes,53,Yes,Yes,Fiber optic,Yes,No,No,No,No,No,One year,No,Mailed check,28.59,1619.19,No
CUST-04742,Female,1,No,Yes,71,Yes,Yes,DSL,Yes,Yes,No,No,Yes,Yes,Two year,No,Credit card (automatic),91.9,7473.96,No
CUST-04743,Female,0,Yes,No,48,Yes,Yes,Fiber optic,No,No,Yes,Yes,No,Yes,Month-to-month,Yes,Bank transfer (automatic),103.76,4872.13,Yes
CUST-04744,Male,0,Yes,No,15,Yes,Yes,No,No internet service,No internet service,No internet service,No internet service,No internet service,No internet service,Month-to-month,Yes,Credit card (automatic),62.77,1030.18,Yes
CUST-04745,Female,0,Yes,Yes,7,Yes,No,DSL,No,Yes,No,No,No,No,One year,No,Credit card (automatic),95.07,624.9,No
CUST-04746,Male,0,Yes,No,72,Yes,Yes,DSL,Yes,No,Yes,Yes,Yes,No,Month-to-month,Yes,Bank transfer (automatic),93.26,6193.32,No
CUST-04747,Female,0,No,Yes,71,Yes,No,Fiber optic,No,No,Yes,Yes,No,No,Month-to-month,No,Mailed check,65.8,4010.35,No
CUST-04748,Female,0,Yes,No,43,Yes,No,Fiber optic,No,No,No,No,No,No,Month-to-month,Yes,Mailed check,58.88,2556.28,No
CUST-04749,Male,0,No,Yes,4,Yes,No,DSL,No,Yes,Yes,Yes,No,No,One year,No,Electronic check,25.74,94.92,No
CUST-04750,Male,0,Yes,No,51,Yes,Yes,DSL,No,No,No,No,No,Yes,Month-to-month,Yes,Bank transfer (automatic),116.75,6132.42,Yes
CUST-04751,Male,0,Yes,No,71,Yes,Yes,DSL,No,No,Yes,Yes,No,No,One year,Yes,Electronic check,38.78,2609.74,No
CUST-04752,Male,0,No,No,59,Yes,No,Fiber optic,No,No,Yes,No,Yes,No,One year,Yes,Electronic check,33.25,2093.81,No
CUST-04753,Male,1,Yes,No,41,Yes,No,No,No internet service,No internet service,No internet service,No internet service,No internet service,No internet service,Month-to-month,No,Electronic check,26.38,1129.2,No
CUST-04754,Female,0,Yes,No,61,Yes,Yes,No,No internet service,No internet service,No internet service,No internet service,No internet service,No internet service,Month-to-month,No,Mailed check,69.55,4802.23,No
CUST-04755,Female,0,Yes,No,30,Yes,Yes,Fiber optic,Yes,No,Yes,Yes,No,No,One year,Yes,Electronic check,25.04,747.13,No
CUST-04756,Female,0,No,Yes,18,No,No phone service,Fiber optic,Yes,Yes,No,No,No,No,Month-to-month,Yes,Mailed check,106.46,1777.4,Yes
CUST-04757,Female,0,No,Yes,30,Yes,No,DSL,Yes,No,No,No,No,No,One year,Yes,Bank transfer (automatic),38.51,1133.11,No
CUST-04758,Female,0,Yes,No,7,Yes,No,No,No internet service,No internet service,No internet service,No internet service,No internet service,No internet service,Month-to-month,Yes,Electronic check,110.42,877.94,Yes
CUST-04759,Female,0,Yes,Yes,52,Yes,Yes,Fiber optic,Yes,No,Yes,Yes,Yes,No,Month-to-month,Yes,Electronic check,104.46,5596.51,No
CUST-04760,Female,0,No,No,48,Yes,No,Fiber optic,Yes,No,No,No,Yes,No,Month-to-month,No,Electronic check,22.26,1106.06,No
CUST-04761,Male,0,No,No,23,Yes,Yes,Fiber optic,No,No,Yes,Yes,No,No,Month-to-month,Yes,Electronic check,76.12,1988.34,Yes
CUST-04762,Male,0,Yes,No,37,Yes,No,DSL,Yes,No,No,No,No,No,Two year,No,Electronic check,36.57,1544.44,No
CUST-04763,Female,0,No,No,71,No,No phone service,Fiber optic,Yes,No,Yes,No,No,No,Month-to-month,No,Credit card (automatic),31.94,2566.58,No
CUST-04764,Female,0,Yes,Yes,53,Yes,No,No,No internet service,No internet service,No internet service,No internet service,No internet service,No internet service,Two year,Yes,Electronic check,70.08,3736.46,No
CUST-04765,Male,0,Yes,Yes,45,No,No phone service,Fiber optic,Yes,Yes,Yes,No,No,No,Two year,Yes,Bank transfer (automatic),37.44,1794.53,No
CUST-04766,Male,1,Yes,Yes,49,No,No phone service,Fiber optic,No,No,Yes,Yes,No,Yes,Month-to-month,No,Electronic check,63.64,2996.67,No
CUST-04767,Male,0,No,Yes,49,Yes,No,DSL,No,No,No,No,Yes,No,Two year,No,Mailed check,23.55,1300.2,No
CUST-04768,Male,1,Yes,No,47,Yes,No,No,No internet service,No internet service,No internet service,No internet service,No internet service,No internet service,One year,Yes,Electronic check,65.54,3434.48,No
CUST-04769,Female,0,No,No,25,Yes,No,No,No internet service,No internet service,No internet service,No internet service,No internet service,No internet service,Month-to-month,No,Credit card (automatic),35.37,937.0,No
CUST-04770,Male,0,Yes,No,27,Yes,Yes,Fiber optic,No,No,Yes,No,No,No,Month-to-month,Yes,Mailed check,29.9,721.9,No
CUST-04771,Female,0,Yes,No,12,Yes,Yes,Fiber optic,Yes,No,No,No,No,No,Month-to-month,Yes,Mailed check,26.65,306.18,Yes
CUST-04772,Female,0,No,Yes,23,Yes,Yes,DSL,Yes,No,Yes,No,Yes,No,Month-to-month,No,Credit card (automatic),82.38,2141.33,No
CUST-04773,Female,0,Yes,Yes,17,Yes,Yes,DSL,No,No,No,No,No,No,One year,No,Electronic check,24.74,459.47,No
CUST-04774,Male,0,Yes,No,44,Yes,Yes,Fiber optic,No,No,No,No,Yes,No,Month-to-month,No,Electronic check,76.76,2999.74,Yes
CUST-04775,Male,0,Yes,Yes,71,Yes,Yes,Fiber optic,Yes,No,Yes,No,No,Yes,Month-to-month,No,Mailed check,26.16,2112.43,No
CUST-04776,Female,1,Yes,No,24,Yes,No,Fiber optic,Yes,Yes,Yes,Yes,No,No,Month-to-month,Yes,Mailed check,67.71,1435.75,No
CUST-04777,Female,0,Yes,No,71,Yes,No,Fiber optic,No,No,No,Yes,No,No,Month-to-month,Yes,Credit card (automatic),41.34,2508.56,No
CUST-04778,Female,0,Yes,No,60,No,No phone service,Fiber optic,No,Yes,No,No,No,No,One year,Yes,Mailed check,32.47,1930.6,No
CUST-04779,Male,0,Yes,No,53,Yes,Yes,No,No internet service,No internet service,No internet service,No internet service,No internet service,No internet service,Month-to-month,No,Electronic check,114.77,6825.05,Yes
CUST-04780,Female,0,Yes,Yes,16,Yes,No,DSL,No,No,Yes,Yes,No,No,Month-to-month,No,Electronic check,53.27,757.27,No
CUST-04781,Male,0,No,No,25,No,No phone service,Fiber optic,No,No,Yes,No,No,No,Two year,No,Electronic check,50.83,1100.41,No
CUST-04782,Female,0,Yes,No,66,Yes,No,DSL,Yes,No,No,No,No,No,Two year,Yes,Electronic check,115.93,8319.54,No
CUST-04783,Female,0,Yes,Yes,50,Yes,No,Fiber optic,No,No,No,No,No,No,Month-to-month,Yes,Electronic check,94.06,4668.86,No
CUST-04784,Female,0,No,No,69,Yes,Yes,Fiber optic,Yes,No,No,Yes,No,No,Month-to-month,No,Electronic check,78.17,6202.47,No
CUST-04785,Male,0,No,Yes,40,Yes,No,DSL,No,No,Yes,Yes,No,Yes,Month-to-month,No,Electronic check,38.01,1348.54,No
CUST-04786,Male,1,Yes,No,6,No,No phone service,DSL,Yes,No,Yes,No,No,No,Month-to-month,Yes,Electronic check,81.02,420.13,Yes
CUST-04787,Female,0,Yes,No,64,Yes,No,Fiber optic,Yes,Yes,No,No,Yes,Yes,Month-to-month,No,Mailed check,98.01,5873.41,No
CUST-04788,Male,0,No,Yes,28,Yes,No,DSL,No,Yes,Yes,Yes,Yes,No,Two year,No,Credit card (automatic),105.17,2594.25,No
CUST-04789,Female,0,Yes,Yes,9,Yes,No,DSL,No,No,Yes,No,Yes,No,Month-to-month,No,Mailed check,105.27,826.42,Yes
CUST-04790,Male,1,No,Yes,6,Yes,No,DSL,No,No,No,No,No,No,Two year,Yes,Mailed check,27.64,190.54,No
CUST-04791,Male,0,No,Yes,17,Yes,No,DSL,No,No,No,Yes,No,No,Two year,Yes,Electronic check,46.43,885.7,No
CUST-04792,Male,1,No,Yes,40,Yes,No,Fiber optic,No,No,No,No,No,No,One year,Yes,Electronic check,66.59,2685.6,Yes
CUST-04793,Female,1,Yes,Yes,45,Yes,No,Fiber optic,Yes,No,Yes,Yes,Yes,No,Two year,No,Bank transfer (automatic),65.92,2553.47,No
CUST-04794,Male,1,No,Yes,43,Yes,No,No,No internet service,No internet service,No internet service,No internet service,No internet service,No internet service,Two year,No,Electronic check,67.15,3187.24,No
CUST-04795,Male,0,No,No,46,Yes,No,DSL,No,Yes,No,No,Yes,Yes,Month-to-month,No,Electronic check,112.48,4968.55,Yes
CUST-04796,Female,0,No,No,63,Yes,Yes,No,No internet service,No internet service,No internet service,No internet service,No internet service,No internet service,One year,Yes,Bank transfer (automatic),58.27,3922.58,No
CUST-04797,Female,0,Yes,No,1,Yes,No,DSL,No,No,Yes,No,Yes,Yes,Two year,Yes,Bank transfer (automatic),100.09,107.37,No
CUST-04798,Female,0,No,Yes,59,Yes,Yes,DSL,Yes,No,Yes,Yes,No,Yes,Month-to-month,No,Credit card (automatic),66.14,4349.83,No
CUST-04799,Female,0,No,Yes,63,Yes,Yes,No,No internet service,No internet service,No internet service,No internet service,No internet service,No internet service,Two year,Yes,Electronic check,62.01,4491.34,No
CUST-04800,Male,0,No,No,18,Yes,Yes,Fiber optic,No,Yes,Yes,No,No,Yes,One year,Yes,Bank transfer (automatic),113.1,2287.78,No
CUST-04801,Male,0,No,No,65,Yes,Yes,Fiber optic,Yes,No,No,Yes,Yes,No,One year,No,Electronic check,48.3,3394.58,No
CUST-04802,Male,0,Yes,No,20,Yes,Yes,No,No internet service,No internet service,No internet service,No internet service,No internet service,No internet service,Month-to-month,No,Electronic check,48.43,923.37,Yes
CUST-04803,Male,0,No,Yes,56,Yes,Yes,Fiber optic,No,No,Yes,No,Yes,Yes,Two year,Yes,Credit card (automatic),103.07,6462.38,No
CUST-04804,Male,0,Yes,No,54,Yes,No,No,No internet service,No internet service,No internet service,No internet service,No internet service,No internet service,Month-to-month,No,Electronic check,63.12,3195.09,Yes
CUST-04805,Female,0,No,No,48,Yes,Yes,DSL,No,No,No,No,No,Yes,Month-to-month,No,Electronic check,79.56,3989.65,No
CUST-04806,Male,0,Yes,No,54,Yes,Yes,No,No internet service,No internet service,No internet service,No internet service,No internet service,No internet service,Month-to-month,Yes,Mailed check,24.98,1546.02,No
CUST-04807,Male,0,Yes,No,16,No,No phone service,Fiber optic,No,Yes,Yes,Yes,No,Yes,Month-to-month,No,Electronic check,70.88,1270.06,Yes
CUST-04808,Male,1,No,No,20,Yes,No,Fiber optic,Yes,Yes,Yes,No,No,No,One year,Yes,Credit card (automatic),72.95,1484.58,No
CUST-04809,Female,0,Yes,No,47,Yes,Yes,DSL,No,No,Yes,No,Yes,No,Month-to-month,Yes,Credit card (automatic),81.2,3379.06,No
CUST-04810,Female,0,No,No,7,Yes,No,DSL,No,No,Yes,No,Yes,Yes,One year,No,Electronic check,26.78,203.65,No
CUST-04811,Male,0,No,Yes,23,Yes,No,Fiber optic,Yes,No,Yes,No,Yes,Yes,Month-to-month,No,Electronic check,104.9,2460.71,Yes
CUST-04812,Female,0,Yes,Yes,33,Yes,Yes,Fiber optic,Yes,Yes,Yes,Yes,No,No,Month-to-month,Yes,Mailed check,60.47,2044.38,No
CUST-04813,Female,0,Yes,No,40,Yes,No,Fiber optic,Yes,No,Yes,Yes,Yes,Yes,Month-to-month,Yes,Bank transfer (automatic),48.01,1944.71,No
CUST-04814,Female,0,No,Yes,5,Yes,No,Fiber optic,Yes,Yes,Yes,No,No,No,One year,No,Mailed check,76.13,361.21,No
CUST-04815,Female,0,Yes,No,45,Yes,No,Fiber optic,Yes,No,Yes,No,No,No,One year,No,Bank transfer (automatic),72.85,2901.76,No
CUST-04816,Female,0,No,No,41,Yes,Yes,Fiber optic,Yes,No,No,No,No,No,Month-to-month,Yes,Credit card (automatic),37.02,1420.03,No
CUST-04817,Female,0,No,No,8,Yes,Yes,Fiber optic,No,Yes,No,No,No,Yes,Month-to-month,Yes,Electronic check,48.93,426.61,Yes
CUST-04818,Female,0,No,No,50,Yes,Yes,DSL,No,Yes,No,No,No,No,One year,Yes,Credit card (automatic),87.77,3825.63,No
CUST-04819,Male,0,No,No,31,Yes,Yes,Fiber optic,No,No,No,No,No,No,Two year,Yes,Mailed check,39.45,1281.16,Yes
CUST-04820,Male,0,No,No,4,Yes,Yes,Fiber optic,No,Yes,Yes,No,Yes,Yes,Month-to-month,Yes,Bank transfer (automatic),65.63,248.18,No
CUST-04821,Female,0,No,No,66,Yes,No,No,No internet service,No internet service,No internet service,No internet service,No internet service,No internet service,One year,Yes,Credit card (automatic),106.07,6626.14,No
CUST-04822,Male,0,No,No,56,Yes,No,Fiber optic,No,Yes,Yes,Yes,No,No,Month-to-month,No,Electronic check,20.81,1173.36,No
CUST-04823,Male,0,No,No,5,Yes,No,No,No internet service,No internet service,No internet service,No internet service,No internet service,No internet service,Two year,Yes,Mailed check,102.55,496.57,No
CUST-04824,Female,1,Yes,No,54,Yes,Yes,DSL,No,No,No,No,No,No,One year,Yes,Electronic check,105.19,6242.2,Yes
CUST-04825,Male,0,Yes,No,1,Yes,Yes,DSL,No,No,No,No,No,No,Two year,Yes,Bank transfer (automatic),90.66,100.88,No
CUST-04826,Female,0,No,No,61,Yes,Yes,Fiber optic,No,No,Yes,No,No,No,Month-to-month,Yes,Electronic check,78.83,5246.75,No
CUST-04827,Female,1,No,No,7,Yes,No,Fiber optic,No,Yes,No,Yes,Yes,Yes,Month-to-month,No,Mailed check,64.68,509.27,No
CUST-04828,Female,0,Yes,No,30,Yes,No,Fiber optic,No,No,Yes,No,No,Yes,Month-to-month,Yes,Credit card (automatic),85.25,2574.9,Yes
CUST-04829,Male,0,Yes,No,15,Yes,No,Fiber optic,Yes,Yes,No,No,Yes,No,One year,No,Electronic check,99.31,1417.81,No
CUST-04830,Male,1,No,Yes,4,Yes,Yes,Fiber optic,Yes,Yes,No,No,No,No,Two year,No,Credit card (automatic),41.74,154.77,No
CUST-04831,Male,0,Yes,No,63,Yes,Yes,DSL,No,No,Yes,Yes,No,No,Month-to-month,Yes,Mailed check,109.68,7580.5,No
CUST-04832,Male,0,Yes,No,70,Yes,No,DSL,No,No,No,No,Yes,No,Month-to-month,Yes,Electronic check,46.92,3059.39,No
CUST-04833,Female,0,Yes,No,38,Yes,No,No,No internet service,No internet service,No internet service,No internet service,No internet service,No internet service,Month-to-month,Yes,Electronic check,19.62,789.24,Yes
CUST-04834,Female,0,No,No,47,Yes,Yes,No,No internet service,No internet service,No internet service,No internet service,No internet service,No internet service,One year,Yes,Electronic check,87.51,3927.12,No
CUST-04835,Male,0,No,No,60,Yes,Yes,No,No internet service,No internet service,No internet service,No internet service,No internet service,No internet service,Month-to-month,Yes,Electronic check,110.43,6683.44,No
CUST-04836,Female,1,Yes,No,2,Yes,Yes,Fiber optic,Yes,Yes,Yes,No,No,No,Two year,Yes,Mailed check,105.43,233.02,Yes
CUST-04837,Female,0,Yes,No,69,Yes,Yes,Fiber optic,No,No,Yes,No,No,Yes,One year,No,Mailed check,37.38,2319.53,No
CUST-04838,Male,0,No,Yes,8,No,No phone service,No,No internet service,No internet service,No internet service,No internet service,No internet service,No internet service,Month-to-month,Yes,Electronic check,113.97,858.66,Yes
CUST-04839,Female,1,No,No,51,Yes,Yes,No,No internet service,No internet service,No internet service,No internet service,No internet service,No internet service,Two year,No,Bank transfer (automatic),112.76,5017.49,No
CUST-04840,Male,1,No,Yes,19,Yes,No,No,No internet service,No internet service,No internet service,No internet service,No internet service,No internet service,Month-to-month,Yes,Mailed check,83.86,1526.46,No
CUST-04841,Female,0,Yes,No,31,Yes,No,Fiber optic,No,Yes,Yes,Yes,Yes,No,Two year,Yes,Bank transfer (automatic),43.94,1442.93,No
CUST-04842,Male,0,Yes,Yes,22,Yes,Yes,DSL,Yes,No,Yes,No,No,No,Month-to-month,No,Credit card (automatic),60.3,1349.11,No
CUST-04843,Female,0,No,No,33,Yes,No,Fiber optic,No,No,Yes,No,No,No,Month-to-month,Yes,Electronic check,72.07,2265.85,No
CUST-04844,Female,0,Yes,Yes,72,Yes,Yes,Fiber optic,No,No,Yes,No,No,No,One year,Yes,Mailed check,71.21,5031.07,No
CUST-04845,Male,0,No,No,37,Yes,No,No,No internet service,No internet service,No internet service,No internet service,No internet service,No internet service,One year,Yes,Credit card (automatic),76.5,2600.64,No
CUST-04846,Male,1,Yes,No,12,Yes,Yes,DSL,No,Yes,No,Yes,Yes,Yes,One year,Yes,Bank transfer (automatic),43.98,549.34,No
CUST-04847,Male,1,Yes,No,69,Yes,Yes,DSL,No,No,No,No,No,No,Month-to-month,Yes,Electronic check,37.44,2322.37,Yes
CUST-04848,Male,0,Yes,No,64,Yes,No,DSL,Yes,No,No,Yes,No,Yes,Month-to-month,Yes,Bank transfer (automatic),116.2,6941.79,No
CUST-04849,Female,0,No,No,25,No,No phone service,DSL,Yes,Yes,No,Yes,No,No,Two year,No,Mailed check,30.6,814.73,No
CUST-04850,Female,0,Yes,Yes,54,Yes,Yes,Fiber optic,Yes,Yes,No,No,No,Yes,Month-to-month,Yes,Credit card (automatic),50.9,2595.97,No
CUST-04851,Male,0,Yes,Yes,29,Yes,No,No,No internet service,No internet service,No internet service,No internet service,No internet service,No internet service,Month-to-month,No,Electronic check,115.78,3604.57,No
CUST-04852,Female,0,Yes,Yes,13,No,No phone service,Fiber optic,Yes,No,No,No,Yes,No,Month-to-month,No,Electronic check,90.79,1050.77,No
CUST-04853,Male,0,Yes,No,26,Yes,No,DSL,Yes,Yes,No,No,No,No,Month-to-month,No,Credit card (automatic),74.8,2065.52,No
CUST-04854,Male,0,Yes,Yes,22,Yes,No,Fiber optic,No,No,No,No,No,Yes,Month-to-month,Yes,Mailed check,19.64,428.56,Yes
CUST-04855,Female,0,Yes,Yes,10,Yes,Yes,Fiber optic,Yes,No,No,Yes,Yes,No,Month-to-month,No,Bank transfer (automatic),105.85,1062.26,No
CUST-04856,Female,0,Yes,No,48,Yes,Yes,Fiber optic,No,Yes,Yes,No,No,No,Month-to-month,Yes,Credit card (automatic),94.99,4514.5,Yes
CUST-04857,Male,0,No,Yes,42,Yes,No,Fiber optic,No,No,No,No,Yes,No,Month-to-month,No,Electronic check,28.4,1107.27,Yes
CUST-04858,Male,0,No,Yes,59,Yes,No,DSL,Yes,No,No,No,Yes,No,Month-to-month,No,Electronic check,99.63,6130.07,No
CUST-04859,Male,0,Yes,No,53,Yes,Yes,No,No internet service,No internet service,No internet service,No internet service,No internet service,No internet service,One year,Yes,Electronic check,44.58,2232.44,No
CUST-04860,Female,0,Yes,No,40,Yes,No,Fiber optic,No,Yes,No,No,Yes,No,Month-to-month,Yes,Electronic check,99.56,3918.55,No
CUST-04861,Female,0,No,No,62,Yes,No,Fiber optic,No,Yes,No,No,No,No,Two year,Yes,Credit card (automatic),102.95,5963.74,No
CUST-04862,Female,0,Yes,Yes,6,Yes,No,No,No internet service,No internet service,No internet service,No internet service,No internet service,No internet service,Month-to-month,Yes,Bank transfer (automatic),61.83,357.63,Yes
CUST-04863,Female,0,Yes,No,4,Yes,No,No,No internet service,No internet service,No internet service,No internet service,No internet service,No internet service,Month-to-month,No,Bank transfer (automatic),26.29,89.47,No
CUST-04864,Male,0,No,Yes,55,No,No phone service,No,No internet service,No internet service,No internet service,No internet service,No internet service,No internet service,Month-to-month,No,Credit card (automatic),74.53,4101.9,No
CUST-04865,Male,0,No,No,69,Yes,No,DSL,Yes,Yes,No,No,Yes,Yes,Month-to-month,No,Credit card (automatic),73.88,5113.52,No
CUST-04866,Male,0,Yes,No,3,No,No phone service,No,No internet service,No internet service,No internet service,No internet service,No internet service,No internet service,Two year,Yes,Credit card (automatic),99.13,299.58,Yes
CUST-04867,Male,0,Yes,No,7,Yes,No,Fiber optic,No,No,No,No,No,No,One year,Yes,Bank transfer (automatic),27.55,191.85,No
CUST-04868,Male,0,No,No,12,Yes,No,DSL,Yes,Yes,No,Yes,No,No,Two year,Yes,Mailed check,88.53,1038.78,No
CUST-04869,Male,1,Yes,No,17,Yes,No,No,No internet service,No internet service,No internet service,No internet service,No internet service,No internet service,Month-to-month,No,Electronic check,103.03,1838.18,Yes
CUST-04870,Female,0,No,No,67,Yes,Yes,DSL,No,No,No,No,Yes,No,One year,Yes,Credit card (automatic),71.28,4348.19,No
CUST-04871,Female,1,Yes,No,70,Yes,Yes,No,No internet service,No internet service,No internet service,No internet service,No internet service,No internet service,Month-to-month,Yes,Electronic check,49.58,3548.3,No
CUST-04872,Male,0,Yes,No,36,Yes,No,DSL,No,No,No,No,No,Yes,One year,Yes,Electronic check,42.9,1729.85,No
CUST-04873,Male,0,No,Yes,17,Yes,Yes,Fiber optic,No,No,Yes,No,No,No,Two year,No,Bank transfer (automatic),49.78,749.64,No
CUST-04874,Female,0,No,No,1,Yes,Yes,DSL,No,No,No,No,No,No,Month-to-month,Yes,Credit card (automatic),108.21,96.92,Yes
CUST-04875,Female,0,No,Yes,67,No,No phone service,No,No internet service,No internet service,No internet service,No internet service,No internet service,No internet service,Month-to-month,No,Bank transfer (automatic),88.34,6569.13,No
CUST-04876,Female,0,Yes,No,49,Yes,No,DSL,No,No,Yes,No,No,No,One year,Yes,Mailed check,85.07,4676.83,No
CUST-04877,Female,0,No,No,51,Yes,No,Fiber optic,No,No,Yes,No,No,No,Two year,Yes,Credit card (automatic),25.39,1399.56,No
CUST-04878,Male,0,No,No,71,Yes,Yes,Fiber optic,Yes,No,No,No,Yes,Yes,Month-to-month,Yes,Electronic check,79.85,4938.02,No
CUST-04879,Male,0,No,No,43,Yes,Yes,Fiber optic,No,No,No,No,Yes,No,One year,Yes,Electronic check,104.64,3964.37,No
CUST-04880,Male,0,No,No,31,No,No phone service,Fiber optic,No,No,No,No,Yes,No,Month-to-month,Yes,Mailed check,37.5,1293.01,No
CUST-04881,Male,1,Yes,Yes,24,Yes,No,DSL,No,Yes,No,Yes,Yes,No,Month-to-month,Yes,Credit card (automatic),44.35,1223.34,Yes
CUST-04882,Male,1,Yes,No,37,Yes,No,Fiber optic,Yes,No,Yes,No,No,No,Month-to-month,No,Electronic check,116.27,4732.0,Yes
CUST-04883,Female,0,No,No,65,Yes,Yes,DSL,No,Yes,Yes,No,No,No,Two year,No,Mailed check,73.12,5378.64,No
CUST-04884,Male,0,No,No,63,Yes,Yes,No,No internet service,No internet service,No internet service,No internet service,No internet service,No internet service,Two year,No,Electronic check,89.53,6353.71,No
CUST-04885,Female,1,Yes,No,56,Yes,Yes,Fiber optic,Yes,No,No,Yes,No,No,One year,No,Electronic check,52.19,2723.32,No
CUST-04886,Male,0,Yes,Yes,18,No,No phone service,Fiber optic,No,No,Yes,Yes,No,No,Month-to-month,Yes,Credit card (automatic),45.39,800.59,No
CUST-04887,Male,0,No,No,65,Yes,Yes,Fiber optic,Yes,No,No,No,No,Yes,Month-to-month,No,Electronic check,23.56,1695.18,No
CUST-04888,Male,0,No,No,29,No,No phone service,No,No internet service,No internet service,No internet service,No internet service,No internet service,No internet service,One year,No,Electronic check,39.06,1103.49,No
CUST-04889,Male,0,No,Yes,4,Yes,Yes,DSL,No,No,No,Yes,Yes,Yes,Month-to-month,Yes,Electronic check,82.68,312.34,Yes
CUST-04890,Male,0,Yes,No,12,Yes,No,DSL,No,Yes,Yes,No,No,No,Month-to-month,No,Mailed check,49.51,518.91,No
CUST-04891,Female,1,No,No,56,Yes,Yes,Fiber optic,No,Yes,Yes,Yes,No,No,Month-to-month,No,Mailed check,33.57,1761.03,No
CUST-04892,Female,0,Yes,Yes,48,Yes,Yes,Fiber optic,No,No,Yes,No,No,No,Month-to-month,No,Electronic check,27.14,1491.88,Yes
CUST-04893,Female,0,Yes,No,19,Yes,Yes,Fiber optic,Yes,No,No,Yes,No,Yes,Month-to-month,Yes,Credit card (automatic),104.91,2250.03,No
CUST-04894,Male,1,Yes,Yes,26,Yes,Yes,Fiber optic,Yes,No,Yes,No,No,Yes,Month-to-month,No,Credit card (automatic),66.94,1919.35,No
CUST-04895,Male,1,No,Yes,38,Yes,No,DSL,No,No,No,No,No,No,Month-to-month,Yes,Mailed check,56.91,2330.73,Yes
CUST-04896,Female,0,No,No,25,Yes,Yes,DSL,No,No,Yes,No,No,Yes,Month-to-month,No,Electronic check,37.68,876.83,No
CUST-04897,Male,0,No,No,56,Yes,No,DSL,No,No,Yes,No,No,No,Month-to-month,Yes,Electronic check,66.58,3458.76,Yes
CUST-04898,Male,0,Yes,Yes,28,Yes,No,Fiber optic,Yes,No,Yes,No,Yes,Yes,Month-to-month,Yes,Mailed check,110.52,3092.16,Yes
CUST-04899,Female,0,No,No,61,Yes,No,No,No internet service,No internet service,No internet service,No internet service,No internet service,No internet service,Two year,Yes,Credit card (automatic),57.8,3593.08,No
CUST-04900,Male,0,No,Yes,51,Yes,Yes,Fiber optic,No,Yes,Yes,No,No,Yes,Month-to-month,No,Mailed check,25.19,1247.49,No
CUST-04901,Female,0,No,No,12,Yes,Yes,No,No internet service,No internet service,No internet service,No internet service,No internet service,No internet service,Month-to-month,Yes,Mailed check,94.78,1157.82,No
CUST-04902,Male,1,No,No,8,Yes,No,DSL,No,Yes,Yes,Yes,No,No,Month-to-month,Yes,Credit card (automatic),41.38,328.96,No
CUST-04903,Female,0,Yes,No,58,Yes,No,DSL,No,No,Yes,No,Yes,No,Month-to-month,Yes,Credit card (automatic),89.77,5389.42,No
CUST-04904,Male,0,No,Yes,23,Yes,No,DSL,No,Yes,No,Yes,Yes,Yes,One year,No,Mailed check,92.84,2152.5,No
CUST-04905,Male,0,No,No,37,Yes,No,Fiber optic,Yes,Yes,No,No,No,No,Month-to-month,No,Credit card (automatic),99.23,3360.19,Yes
CUST-04906,Female,0,No,Yes,11,Yes,No,DSL,No,Yes,Yes,No,Yes,No,One year,No,Electronic check,40.1,444.8,No
CUST-04907,Male,0,No,No,17,Yes,Yes,No,No internet service,No internet service,No internet service,No internet service,No internet service,No internet service,One year,Yes,Electronic check,33.67,577.3,No
CUST-04908,Male,1,Yes,No,56,Yes,Yes,DSL,No,No,Yes,No,Yes,No,Month-to-month,Yes,Mailed check,50.83,2473.01,No
CUST-04909,Female,0,No,Yes,53,Yes,No,Fiber optic,No,No,No,Yes,No,No,Two year,Yes,Mailed check,87.05,4283.31,No
CUST-04910,Male,0,No,No,67,Yes,No,Fiber optic,No,No,No,No,No,No,Month-to-month,No,Electronic check,113.62,7839.86,No
CUST-04911,Female,0,Yes,Yes,2,Yes,No,DSL,No,Yes,No,Yes,Yes,No,Month-to-month,No,Mailed check,85.77,167.41,No
CUST-04912,Male,0,No,No,29,Yes,No,Fiber optic,Yes,Yes,Yes,No,Yes,No,One year,No,Bank transfer (automatic),116.85,3695.99,Yes
CUST-04913,Male,0,Yes,Yes,57,Yes,No,Fiber optic,Yes,No,Yes,Yes,No,No,Two year,Yes,Electronic check,80.84,4002.51,No
CUST-04914,Male,0,Yes,No,34,Yes,No,DSL,Yes,Yes,No,No,No,No,Month-to-month,Yes,Mailed check,114.99,3472.34,No
CUST-04915,Male,0,No,No,2,Yes,Yes,No,No internet service,No internet service,No internet service,No internet service,No internet service,No internet service,One year,No,Electronic check,91.02,208.38,No
CUST-04916,Female,0,No,No,31,Yes,No,Fiber optic,No,No,No,No,Yes,Yes,Month-to-month,Yes,Credit card (automatic),52.61,1693.87,Yes
CUST-04917,Male,0,Yes,Yes,44,Yes,Yes,DSL,Yes,No,Yes,Yes,Yes,No,Month-to-month,Yes,Bank transfer (automatic),86.64,3933.27,No
CUST-04918,Female,0,Yes,Yes,56,Yes,No,Fiber optic,No,No,Yes,No,No,Yes,Month-to-month,No,Electronic check,35.87,2169.59,No
CUST-04919,Male,0,Yes,Yes,54,Yes,Yes,DSL,No,No,No,No,Yes,No,Month-to-month,Yes,Electronic check,60.03,3069.4,No
CUST-04920,Male,0,Yes,Yes,53,Yes,No,No,No internet service,No internet service,No internet service,No internet service,No internet service,No internet service,Month-to-month,No,Mailed check,53.07,2945.32,No
CUST-04921,Male,0,Yes,Yes,46,Yes,No,Fiber optic,Yes,No,No,No,No,No,Two year,No,Electronic check,98.32,4461.21,No
CUST-04922,Male,0,Yes,No,54,No,No phone service,Fiber optic,No,No,No,No,Yes,Yes,Two year,Yes,Mailed check,104.54,5410.89,No
CUST-04923,Female,0,Yes,No,31,Yes,Yes,DSL,Yes,Yes,Yes,Yes,No,No,Month-to-month,Yes,Mailed check,94.37,2636.31,No
CUST-04924,Female,0,No,No,24,Yes,Yes,No,No internet service,No internet service,No internet service,No internet service,No internet service,No internet service,One year,No,Mailed check,102.62,2155.35,No
CUST-04925,Female,0,No,No,25,Yes,Yes,DSL,Yes,Yes,No,No,No,Yes,Month-to-month,No,Mailed check,26.03,556.19,No
CUST-04926,Female,1,No,No,35,Yes,No,Fiber optic,No,No,Yes,No,Yes,No,One year,No,Electronic check,102.35,3369.49,Yes
CUST-04927,Male,0,No,No,57,Yes,No,Fiber optic,No,Yes,Yes,Yes,No,Yes,Two year,No,Bank transfer (automatic),40.19,1958.95,No
CUST-04928,Female,0,Yes,No,72,Yes,No,Fiber optic,No,Yes,No,No,No,No,Month-to-month,Yes,Bank transfer (automatic),94.8,6362.85,No
CUST-04929,Female,0,No,No,69,Yes,Yes,No,No internet service,No internet service,No internet service,No internet service,No internet service,No internet service,Month-to-month,Yes,Bank transfer (automatic),66.95,4793.12,No
CUST-04930,Male,1,No,No,28,No,No phone service,No,No internet service,No internet service,No internet service,No internet service,No internet service,No internet service,Month-to-month,Yes,Electronic check,43.05,1080.22,Yes
CUST-04931,Male,0,Yes,No,33,Yes,Yes,DSL,No,Yes,No,No,No,No,Month-to-month,Yes,Credit card (automatic),97.27,3163.03,Yes
CUST-04932,Male,0,Yes,No,53,Yes,Yes,Fiber optic,Yes,No,No,Yes,No,Yes,Month-to-month,No,Mailed check,20.79,985.27,No
CUST-04933,Male,1,Yes,No,16,Yes,Yes,DSL,No,No,No,No,No,No,Month-to-month,No,Electronic check,117.76,1806.17,No
CUST-04934,Female,1,No,No,26,Yes,Yes,Fiber optic,No,No,No,Yes,Yes,No,Month-to-month,Yes,Electronic check,69.9,2017.55,No
CUST-04935,Female,0,Yes,No,12,Yes,Yes,Fiber optic,No,No,No,No,No,Yes,Month-to-month,Yes,Bank transfer (automatic),60.83,771.2,No
CUST-04936,Male,0,No,No,31,Yes,No,Fiber optic,No,No,No,No,No,No,Two year,Yes,Credit card (automatic),74.74,2482.92,No
CUST-04937,Male,1,Yes,No,27,Yes,Yes,No,No internet service,No internet service,No internet service,No internet service,No internet service,No internet service,Two year,No,Electronic check,107.17,2872.8,No
CUST-04938,Male,0,Yes,No,36,Yes,Yes,Fiber optic,No,No,Yes,No,No,No,Two year,No,Bank transfer (automatic),46.74,1890.63,No
CUST-04939,Female,0,No,No,59,Yes,Yes,Fiber optic,No,No,Yes,Yes,No,No,Two year,Yes,Electronic check,43.51,2295.89,No
CUST-04940,Female,0,No,Yes,3,Yes,No,Fiber optic,No,Yes,Yes,No,No,No,Month-to-month,Yes,Bank transfer (automatic),91.63,243.53,No
CUST-04941,Male,0,Yes,No,32,Yes,Yes,DSL,No,No,Yes,Yes,No,No,Two year,Yes,Electronic check,61.82,1870.08,No
CUST-04942,Male,0,No,No,15,Yes,No,Fiber optic,No,No,No,No,No,No,Month-to-month,Yes,Credit card (automatic),68.15,899.16,No
CUST-04943,Female,0,Yes,Yes,66,No,No phone service,DSL,No,No,No,No,Yes,No,Month-to-month,Yes,Electronic check,67.24,4173.71,No
CUST-04944,Male,1,No,No,63,Yes,No,Fiber optic,No,No,No,No,No,Yes,Month-to-month,Yes,Mailed check,99.06,6365.96,No
CUST-04945,Male,0,No,No,1,Yes,No,Fiber optic,No,No,No,No,No,No,One year,Yes,Mailed check,40.47,39.31,No
CUST-04946,Female,0,No,No,5,Yes,No,DSL,Yes,Yes,Yes,Yes,Yes,Yes,Two year,Yes,Bank transfer (automatic),49.48,242.72,No
CUST-04947,Male,0,Yes,No,6,Yes,No,DSL,No,No,Yes,No,Yes,No,Month-to-month,Yes,Electronic check,65.34,352.25,Yes
CUST-04948,Female,1,Yes,No,5,Yes,No,Fiber optic,Yes,No,No,No,Yes,Yes,Month-to-month,Yes,Credit card (automatic),29.2,143.6,No
CUST-04949,Male,0,No,No,28,Yes,No,Fiber optic,No,Yes,No,Yes,No,No,Month-to-month,Yes,Electronic check,43.47,1370.9,No
CUST-04950,Male,0,Yes,No,69,Yes,No,No,No internet service,No internet service,No internet service,No internet service,No internet service,No internet service,Month-to-month,Yes,Mailed check,97.86,5867.05,Yes
CUST-04951,Female,0,No,No,44,Yes,No,DSL,No,Yes,Yes,Yes,No,No,Month-to-month,Yes,Mailed check,71.82,3332.65,No
CUST-04952,Female,0,No,Yes,16,Yes,No,Fiber optic,No,No,No,Yes,Yes,No,Month-to-month,No,Electronic check,80.03,1332.05,Yes
CUST-04953,Male,1,Yes,No,71,Yes,No,Fiber optic,Yes,Yes,No,Yes,Yes,No,One year,Yes,Credit card (automatic),51.97,4027.85,No
CUST-04954,Female,0,No,No,22,Yes,Yes,Fiber optic,No,No,No,Yes,No,No,One year,No,Bank transfer (automatic),78.63,1783.28,No
CUST-04955,Male,0,Yes,No,23,Yes,No,Fiber optic,No,No,No,Yes,No,Yes,Month-to-month,Yes,Mailed check,54.27,1209.76,Yes
CUST-04956,Male,0,No,Yes,43,Yes,No,Fiber optic,No,No,Yes,No,No,Yes,Month-to-month,Yes,Bank transfer (automatic),45.78,2140.86,No
CUST-04957,Female,0,No,Yes,68,Yes,No,Fiber optic,No,No,No,Yes,Yes,No,Month-to-month,No,Mailed check,54.1,3523.51,No
CUST-04958,Male,0,No,No,43,Yes,No,Fiber optic,No,No,No,No,No,Yes,Month-to-month,Yes,Bank transfer (automatic),111.3,4430.8,Yes
CUST-04959,Male,0,Yes,No,26,Yes,No,Fiber optic,No,No,No,No,No,No,Month-to-month,No,Electronic check,76.62,2016.69,No
CUST-04960,Female,0,No,No,41,Yes,No,Fiber optic,No,No,No,No,Yes,No,One year,Yes,Credit card (automatic),61.93,2878.75,Yes
CUST-04961,Female,0,No,No,70,Yes,No,Fiber optic,No,Yes,Yes,No,No,Yes,Month-to-month,No,Electronic check,96.63,6864.21,No
CUST-04962,Male,0,Yes,Yes,31,Yes,No,DSL,Yes,Yes,No,Yes,Yes,No,Month-to-month,Yes,Mailed check,28.91,1029.24,No
CUST-04963,Female,0,Yes,No,17,Yes,No,Fiber optic,No,No,Yes,Yes,No,No,Month-to-month,Yes,Credit card (automatic),74.38,1380.27,No
CUST-04964,Female,0,Yes,No,9,Yes,No,Fiber optic,No,No,No,No,Yes,Yes,Two year,Yes,Electronic check,48.43,483.07,Yes
CUST-04965,Female,0,No,No,55,Yes,No,DSL,Yes,No,No,No,No,No,Month-to-month,No,Electronic check,53.68,3144.61,No
CUST-04966,Female,0,No,No,6,Yes,Yes,Fiber optic,No,No,Yes,No,No,Yes,One year,Yes,Bank transfer (automatic),73.04,419.32,No
CUST-04967,Male,0,No,No,70,Yes,Yes,Fiber optic,No,Yes,Yes,Yes,No,Yes,One year,No,Credit card (automatic),90.49,6303.96,No
CUST-04968,Male,1,No,Yes,64,Yes,Yes,DSL,No,Yes,Yes,No,No,No,Two year,No,Credit card (automatic),104.32,7100.9,No
CUST-04969,Male,0,Yes,No,4,No,No phone service,DSL,No,No,No,No,No,No,Month-to-month,No,Electronic check,118.54,445.35,Yes
CUST-04970,Female,0,Yes,No,67,Yes,No,DSL,No,No,Yes,No,Yes,Yes,One year,Yes,Electronic check,50.5,3743.31,No
CUST-04971,Female,1,Yes,No,56,No,No phone service,Fiber optic,Yes,No,No,Yes,No,Yes,Month-to-month,Yes,Bank transfer (automatic),51.35,2865.5,No
CUST-04972,Female,1,Yes,No,18,Yes,Yes,DSL,Yes,No,Yes,No,No,No,Month-to-month,Yes,Electronic check,117.88,2235.53,Yes
CUST-04973,Female,1,No,No,32,Yes,Yes,Fiber optic,Yes,No,Yes,No,Yes,No,Two year,Yes,Electronic check,60.46,1932.37,No
CUST-04974,Female,0,No,Yes,48,Yes,Yes,Fiber optic,No,Yes,Yes,No,Yes,No,Two year,No,Mailed check,73.17,4002.81,No
CUST-04975,Female,0,No,No,29,Yes,Yes,Fiber optic,No,No,No,Yes,No,No,Month-to-month,Yes,Electronic check,88.29,2512.69,No
CUST-04976,Female,0,Yes,No,32,Yes,No,No,No internet service,No internet service,No internet service,No internet service,No internet service,No internet service,One year,No,Electronic check,99.73,3116.27,No
CUST-04977,Male,0,No,No,25,Yes,No,No,No internet service,No internet service,No internet service,No internet service,No internet service,No internet service,Two year,No,Electronic check,73.48,1909.88,No
CUST-04978,Male,0,No,Yes,63,Yes,No,Fiber optic,No,Yes,No,Yes,No,No,Month-to-month,Yes,Credit card (automatic),43.4,2421.82,Yes
CUST-04979,Female,1,No,No,9,Yes,No,DSL,No,Yes,No,No,No,No,Two year,Yes,Mailed check,29.57,283.09,No
CUST-04980,Female,0,No,No,71,Yes,No,DSL,No,Yes,No,No,No,Yes,Month-to-month,Yes,Credit card (automatic),96.15,5900.84,Yes
CUST-04981,Female,0,Yes,Yes,14,Yes,Yes,No,No internet service,No internet service,No internet service,No internet service,No internet service,No internet service,Two year,Yes,Mailed check,26.89,424.72,No
CUST-04982,Male,1,No,Yes,20,Yes,No,DSL,No,No,No,No,No,No,Month-to-month,Yes,Credit card (automatic),37.35,754.61,Yes
CUST-04983,Male,0,No,No,10,Yes,No,No,No internet service,No internet service,No internet service,No internet service,No internet service,No internet service,Month-to-month,Yes,Electronic check,38.99,365.7,No
CUST-04984,Female,0,No,No,11,Yes,No,Fiber optic,No,No,Yes,No,No,No,One year,Yes,Electronic check,21.76,222.01,No
CUST-04985,Female,0,Yes,No,39,No,No phone service,DSL,Yes,Yes,Yes,No,No,Yes,Two year,Yes,Mailed check,103.7,4324.62,No
CUST-04986,Male,0,Yes,Yes,19,Yes,Yes,No,No internet service,No internet service,No internet service,No internet service,No internet service,No internet service,Month-to-month,No,Electronic check,99.78,1659.93,No
CUST-04987,Male,0,Yes,No,19,Yes,No,No,No internet service,No internet service,No internet service,No internet service,No internet service,No internet service,One year,Yes,Mailed check,45.4,973.14,No
CUST-04988,Male,1,No,No,43,Yes,Yes,Fiber optic,No,No,No,No,No,No,Two year,Yes,Bank transfer (automatic),97.4,4196.09,No
CUST-04989,Male,1,No,No,61,Yes,No,Fiber optic,No,No,No,Yes,No,No,Month-to-month,Yes,Electronic check,55.91,3598.21,No
CUST-04990,Female,1,Yes,Yes,70,Yes,No,Fiber optic,No,No,No,No,No,No,Month-to-month,No,Mailed check,26.8,1636.74,No
CUST-04991,Male,0,No,No,72,Yes,Yes,Fiber optic,No,No,No,No,No,Yes,Month-to-month,Yes,Credit card (automatic),70.0,4653.73,Yes
CUST-04992,Male,1,Yes,Yes,65,Yes,Yes,Fiber optic,No,Yes,Yes,Yes,Yes,Yes,Two year,Yes,Mailed check,45.35,2510.04,No
CUST-04993,Female,0,Yes,Yes,23,Yes,No,Fiber optic,No,No,No,No,No,No,One year,Yes,Mailed check,28.52,594.13,No
CUST-04994,Male,0,No,No,60,Yes,No,DSL,Yes,No,Yes,No,No,No,Two year,No,Bank transfer (automatic),42.74,2605.62,No
CUST-04995,Male,0,No,No,10,Yes,No,DSL,No,Yes,Yes,Yes,No,No,Month-to-month,Yes,Credit card (automatic),44.95,449.35,Yes
CUST-04996,Male,0,Yes,No,63,Yes,Yes,DSL,No,No,No,Yes,No,No,Month-to-month,Yes,Credit card (automatic),74.36,5078.47,No
CUST-04997,Female,0,Yes,Yes,2,Yes,No,Fiber optic,Yes,No,No,No,No,Yes,One year,Yes,Electronic check,79.38,165.53,No
CUST-04998,Male,0,No,No,36,Yes,Yes,Fiber optic,No,No,No,No,Yes,Yes,Two year,No,Electronic check,33.24,1275.74,No
CUST-04999,Female,0,Yes,No,57,Yes,Yes,DSL,Yes,No,No,Yes,No,No,Month-to-month,No,Electronic check,96.62,5087.23,Yes
CUST-05000,Female,0,No,No,66,Yes,No,Fiber optic,Yes,No,Yes,No,Yes,Yes,Month-to-month,No,Credit card (automatic),112.21,7430.31,No
CUST-05001,Male,0,No,Yes,20,Yes,No,DSL,No,Yes,No,No,No,Yes,Month-to-month,Yes,Mailed check,41.41,931.84,No
CUST-05002,Male,0,Yes,Yes,42,Yes,No,Fiber optic,No,Yes,Yes,No,Yes,Yes,Month-to-month,Yes,Bank transfer (automatic),21.44,897.79,No
CUST-05003,Male,0,Yes,Yes,21,Yes,Yes,No,No internet service,No internet service,No internet service,No internet service,No internet service,No internet service,One year,Yes,Bank transfer (automatic),102.1,1963.48,Yes
CUST-05004,Male,0,No,No,66,Yes,No,No,No internet service,No internet service,No internet service,No internet service,No internet service,No internet service,Month-to-month,Yes,Bank transfer (automatic),92.23,6249.53,No
CUST-05005,Female,0,No,No,38,Yes,No,No,No internet service,No internet service,No internet service,No internet service,No internet service,No internet service,Month-to-month,No,Electronic check,46.65,1586.08,No
CUST-05006,Male,0,No,No,69,Yes,No,Fiber optic,Yes,No,No,No,Yes,Yes,Month-to-month,Yes,Mailed check,69.93,5071.64,No
CUST-05007,Male,0,Yes,No,24,Yes,No,Fiber optic,No,No,No,Yes,No,Yes,Month-to-month,No,Mailed check,90.41,2140.55,No
CUST-05008,Male,0,No,No,26,Yes,No,No,No internet service,No internet service,No internet service,No internet service,No internet service,No internet service,Month-to-month,No,Bank transfer (automatic),40.08,987.1,No
CUST-05009,Female,1,Yes,No,2,Yes,Yes,DSL,No,No,No,No,No,Yes,Two year,Yes,Credit card (automatic),46.47,85.66,Yes
CUST-05010,Male,0,No,No,46,Yes,No,No,No internet service,No internet service,No internet service,No internet service,No internet service,No internet service,One year,Yes,Electronic check,84.19,4024.19,No
CUST-05011,Male,0,No,Yes,34,Yes,Yes,Fiber optic,No,Yes,Yes,No,Yes,No,One year,No,Electronic check,62.77,2072.47,No
CUST-05012,Female,0,Yes,No,62,Yes,No,Fiber optic,Yes,Yes,No,Yes,No,No,Month-to-month,No,Bank transfer (automatic),24.78,1692.37,No
CUST-05013,Female,0,No,No,41,No,No phone service,Fiber optic,No,Yes,No,No,No,Yes,One year,Yes,Credit card (automatic),72.04,2562.34,No
CUST-05014,Male,0,Yes,No,15,Yes,No,Fiber optic,No,No,Yes,Yes,Yes,No,One year,No,Electronic check,105.21,1519.23,Yes
CUST-05015,Male,0,No,Yes,55,Yes,No,No,No internet service,No internet service,No internet service,No internet service,No internet service,No internet service,One year,No,Mailed check,52.46,2536.91,No
CUST-05016,Male,0,Yes,Yes,3,Yes,No,DSL,Yes,Yes,No,No,No,Yes,Two year,No,Mailed check,49.79,164.89,No
CUST-05017,Male,1,No,No,38,Yes,No,Fiber optic,No,Yes,No,Yes,Yes,Yes,Month-to-month,No,Bank transfer (automatic),23.31,840.41,No
CUST-05018,Male,0,Yes,Yes,51,Yes,No,Fiber optic,No,No,Yes,Yes,No,Yes,Month-to-month,Yes,Mailed check,32.82,1716.5,No
CUST-05019,Female,0,No,No,17,Yes,Yes,Fiber optic,No,Yes,Yes,No,Yes,Yes,One year,Yes,Bank transfer (automatic),27.78,488.14,No
CUST-05020,Female,0,No,Yes,49,Yes,Yes,Fiber optic,No,Yes,No,No,No,No,Two year,Yes,Mailed check,74.02,3975.67,No
CUST-05021,Male,0,No,Yes,21,Yes,No,No,No internet service,No internet service,No internet service,No internet service,No internet service,No internet service,One year,No,Electronic check,56.15,1346.67,No
CUST-05022,Male,1,No,Yes,24,No,No phone service,Fiber optic,No,Yes,Yes,No,No,No,Month-to-month,Yes,Mailed check,64.8,1454.7,No
CUST-05023,Female,0,Yes,Yes,40,Yes,Yes,Fiber optic,No,Yes,No,No,Yes,No,Month-to-month,Yes,Electronic check,94.49,3734.54,No
CUST-05024,Male,0,Yes,Yes,20,No,No phone service,Fiber optic,Yes,No,Yes,No,Yes,Yes,Month-to-month,Yes,Electronic check,118.59,2403.04,Yes
CUST-05025,Male,0,Yes,No,35,Yes,No,Fiber optic,No,No,No,No,No,No,One year,Yes,Bank transfer (automatic),112.59,3619.47,No
CUST-05026,Male,0,No,No,48,Yes,No,Fiber optic,No,No,No,No,No,No,Month-to-month,Yes,Mailed check,34.64,1496.8,No
CUST-05027,Male,1,Yes,No,33,Yes,No,No,No internet service,No internet service,No internet service,No internet service,No internet service,No internet service,Two year,Yes,Credit card (automatic),86.33,2428.93,No
CUST-05028,Male,0,Yes,Yes,56,No,No phone service,DSL,No,No,No,No,Yes,No,Month-to-month,No,Electronic check,59.56,2887.57,No
CUST-05029,Female,1,Yes,No,41,No,No phone service,DSL,No,Yes,Yes,No,Yes,No,Month-to-month,Yes,Bank transfer (automatic),25.59,1130.58,Yes
CUST-05030,Male,1,No,No,54,Yes,No,Fiber optic,No,No,No,Yes,No,Yes,One year,Yes,Bank transfer (automatic),74.37,4280.95,No
CUST-05031,Male,0,Yes,Yes,44,Yes,Yes,Fiber optic,No,Yes,No,No,Yes,No,Two year,Yes,Bank transfer (automatic),51.19,1932.44,No
CUST-05032,Male,0,Yes,No,72,No,No phone service,Fiber optic,No,No,No,No,No,No,Month-to-month,Yes,Mailed check,73.97,5283.2,Yes
CUST-05033,Female,0,Yes,Yes,11,Yes,No,No,No internet service,No internet service,No internet service,No internet service,No internet service,No internet service,Month-to-month,No,Mailed check,65.18,639.19,Yes
CUST-05034,Female,1,No,No,14,Yes,No,DSL,No,No,Yes,Yes,No,No,Month-to-month,Yes,Bank transfer (automatic),47.75,610.86,No
CUST-05035,Female,0,No,Yes,42,Yes,No,Fiber optic,Yes,No,Yes,Yes,No,Yes,One year,Yes,Credit card (automatic),56.1,2649.7,No
CUST-05036,Female,0,Yes,No,12,Yes,No,No,No internet service,No internet service,No internet service,No internet service,No internet service,No internet service,Two year,No,Electronic check,100.72,1268.73,Yes
CUST-05037,Male,0,No,No,17,Yes,No,No,No internet service,No internet service,No internet service,No internet service,No internet service,No internet service,One year,Yes,Electronic check,106.7,1728.4,Yes
CUST-05038,Female,0,Yes,No,25,Yes,Yes,Fiber optic,Yes,Yes,No,No,Yes,No,Month-to-month,Yes,Mailed check,49.33,1399.31,No
CUST-05039,Male,0,Yes,No,26,Yes,No,Fiber optic,No,No,No,No,No,No,One year,Yes,Bank transfer (automatic),80.58,2367.59,No
CUST-05040,Male,0,Yes,No,47,Yes,Yes,No,No internet service,No internet service,No internet service,No internet service,No internet service,No internet service,Month-to-month,Yes,Credit card (automatic),103.89,4743.99,No
CUST-05041,Female,1,No,No,25,Yes,No,No,No internet service,No internet service,No internet service,No internet service,No internet service,No internet service,Month-to-month,Yes,Bank transfer (automatic),97.7,2272.01,No
CUST-05042,Female,0,No,No,60,Yes,No,Fiber optic,No,No,Yes,No,Yes,Yes,Two year,No,Electronic check,51.37,3494.98,No
CUST-05043,Female,0,Yes,No,60,Yes,No,Fiber optic,No,No,No,No,No,Yes,Two year,Yes,Electronic check,32.16,2129.62,No
CUST-05044,Female,0,No,No,27,No,No phone service,DSL,No,No,No,Yes,Yes,No,Two year,Yes,Mailed check,80.7,2121.51,No
CUST-05045,Female,0,Yes,No,43,Yes,Yes,Fiber optic,No,No,Yes,No,No,No,One year,Yes,Bank transfer (automatic),25.07,1033.41,No
CUST-05046,Male,0,No,Yes,20,Yes,No,Fiber optic,No,No,Yes,No,No,Yes,Month-to-month,Yes,Mailed check,100.77,2102.39,Yes
CUST-05047,Female,0,No,No,63,Yes,Yes,DSL,No,Yes,No,Yes,Yes,Yes,Month-to-month,No,Mailed check,64.74,4491.87,No
CUST-05048,Female,0,No,Yes,25,Yes,Yes,No,No internet service,No internet service,No internet service,No internet service,No internet service,No internet service,Month-to-month,Yes,Electronic check,90.52,1999.52,Yes
CUST-05049,Female,1,No,No,27,Yes,No,Fiber optic,No,No,Yes,No,Yes,No,Two year,Yes,Bank transfer (automatic),36.09,1000.55,No
CUST-05050,Male,0,No,Yes,52,Yes,No,Fiber optic,No,Yes,No,No,Yes,Yes,Month-to-month,Yes,Bank transfer (automatic),35.16,1737.5,Yes
CUST-05051,Female,0,No,No,10,Yes,No,DSL,Yes,No,Yes,No,No,Yes,Month-to-month,No,Credit card (automatic),39.15,374.05,No
CUST-05052,Male,0,No,Yes,50,Yes,Yes,DSL,No,No,No,Yes,Yes,No,Month-to-month,Yes,Bank transfer (automatic),95.93,4916.03,Yes
CUST-05053,Female,0,Yes,Yes,30,Yes,No,DSL,No,No,Yes,No,Yes,Yes,Month-to-month,No,Mailed check,45.88,1559.94,No
CUST-05054,Female,1,Yes,Yes,1,Yes,Yes,Fiber optic,No,No,No,Yes,No,No,Month-to-month,Yes,Credit card (automatic),113.28,117.14,Yes
CUST-05055,Male,0,Yes,No,54,Yes,Yes,DSL,No,Yes,Yes,Yes,No,No,One year,Yes,Electronic check,25.39,1372.36,Yes
CUST-05056,Female,0,No,Yes,4,Yes,No,DSL,Yes,Yes,No,No,No,No,Two year,Yes,Electronic check,82.5,346.38,No
CUST-05057,Male,0,Yes,No,7,Yes,Yes,No,No internet service,No internet service,No internet service,No internet service,No internet service,No internet service,One year,No,Bank transfer (automatic),98.37,630.2,No
CUST-05058,Male,0,No,No,30,Yes,Yes,DSL,No,Yes,No,No,No,Yes,Month-to-month,No,Mailed check,73.53,2270.46,No
CUST-05059,Male,0,No,No,65,Yes,No,No,No internet service,No internet service,No internet service,No internet service,No internet service,No internet service,Month-to-month,No,Bank transfer (automatic),19.1,1134.51,No
CUST-05060,Female,0,No,Yes,29,Yes,Yes,DSL,No,No,No,Yes,Yes,No,One year,No,Credit card (automatic),111.71,3240.6,No
CUST-05061,Female,0,Yes,No,25,Yes,Yes,No,No internet service,No internet service,No internet service,No internet service,No internet service,No internet service,Two year,Yes,Credit card (automatic),80.78,2089.09,No
CUST-05062,Female,0,No,No,40,Yes,No,Fiber optic,No,No,Yes,No,No,Yes,One year,Yes,Credit card (automatic),115.35,4502.42,No
CUST-05063,Male,0,Yes,Yes,26,Yes,No,DSL,No,No,No,No,No,No,Month-to-month,No,Mailed check,42.43,1145.47,No
CUST-05064,Female,0,No,No,17,Yes,No,No,No internet service,No internet service,No internet service,No internet service,No internet service,No internet service,Month-to-month,Yes,Bank transfer (automatic),61.43,1163.59,Yes
CUST-05065,Male,0,No,No,31,Yes,Yes,DSL,No,No,No,No,No,No,One year,No,Bank transfer (automatic),53.89,1442.73,No
CUST-05066,Female,0,Yes,No,61,Yes,No,Fiber optic,Yes,No,Yes,No,Yes,No,One year,No,Electronic check,95.88,6470.42,No
CUST-05067,Male,0,No,Yes,8,Yes,No,Fiber optic,Yes,Yes,No,No,No,No,Month-to-month,Yes,Mailed check,67.23,547.86,Yes
CUST-05068,Male,0,Yes,No,69,Yes,Yes,DSL,No,No,No,Yes,No,Yes,One year,No,Mailed check,49.72,3650.77,No
CUST-05069,Male,0,No,No,1,Yes,No,DSL,No,No,No,Yes,No,Yes,Two year,No,Bank transfer (automatic),33.78,36.78,No
CUST-05070,Female,0,Yes,Yes,71,Yes,No,DSL,No,No,No,Yes,Yes,Yes,Month-to-month,Yes,Bank transfer (automatic),64.74,4117.5,No
CUST-05071,Male,0,No,No,46,Yes,No,No,No internet service,No internet service,No internet service,No internet service,No internet service,No internet service,One year,No,Credit card (automatic),111.24,4430.72,No
CUST-05072,Male,0,Yes,No,20,Yes,No,Fiber optic,Yes,No,No,No,No,Yes,Month-to-month,Yes,Electronic check,71.37,1442.07,No
CUST-05073,Male,0,No,No,40,Yes,No,DSL,No,No,No,No,Yes,No,One year,Yes,Bank transfer (automatic),25.36,992.63,No
CUST-05074,Male,0,Yes,No,2,Yes,No,DSL,Yes,No,No,No,No,Yes,One year,Yes,Bank transfer (automatic),92.63,188.88,No
CUST-05075,Male,1,Yes,No,61,No,No phone service,DSL,No,No,Yes,No,Yes,No,Two year,Yes,Electronic check,91.39,6085.68,No
CUST-05076,Male,0,No,No,71,Yes,Yes,DSL,No,Yes,No,Yes,Yes,Yes,Month-to-month,Yes,Bank transfer (automatic),22.06,1522.65,No
CUST-05077,Female,0,Yes,No,30,Yes,Yes,Fiber optic,No,Yes,No,No,No,No,Month-to-month,Yes,Bank transfer (automatic),80.59,2551.23,Yes
CUST-05078,Female,0,No,No,30,Yes,No,No,No internet service,No internet service,No internet service,No internet service,No internet service,No internet service,Month-to-month,Yes,Electronic check,112.66,3302.19,Yes
CUST-05079,Male,0,Yes,No,45,Yes,No,DSL,No,No,No,No,Yes,Yes,One year,No,Credit card (automatic),102.18,4942.88,No
CUST-05080,Female,0,Yes,No,24,Yes,Yes,Fiber optic,Yes,Yes,No,No,No,Yes,Month-to-month,Yes,Mailed check,113.81,3093.43,No
CUST-05081,Female,0,No,No,56,Yes,No,Fiber optic,No,No,No,No,No,No,Month-to-month,No,Electronic check,30.37,1564.81,No
CUST-05082,Male,0,No,No,61,Yes,Yes,DSL,Yes,No,Yes,No,No,No,Two year,No,Mailed check,39.45,2093.38,No
CUST-05083,Male,1,No,No,13,Yes,No,DSL,No,No,No,No,Yes,No,Month-to-month,Yes,Mailed check,39.75,513.62,No
CUST-05084,Male,0,No,No,56,Yes,No,DSL,No,Yes,No,Yes,No,No,Month-to-month,Yes,Electronic check,110.07,6028.49,No
CUST-05085,Female,0,Yes,No,15,Yes,No,No,No internet service,No internet service,No internet service,No internet service,No internet service,No internet service,Month-to-month,No,Electronic check,52.82,729.4,Yes
CUST-05086,Male,0,Yes,Yes,11,Yes,Yes,Fiber optic,No,No,No,No,Yes,Yes,One year,No,Bank transfer (automatic),58.39,676.87,No
CUST-05087,Female,0,Yes,No,12,No,No phone service,DSL,No,No,Yes,Yes,No,Yes,Month-to-month,Yes,Electronic check,105.95,1104.46,Yes
CUST-05088,Male,0,No,No,3,Yes,No,No,No internet service,No internet service,No internet service,No internet service,No internet service,No internet service,Month-to-month,Yes,Bank transfer (automatic),81.67,253.56,No
CUST-05089,Female,0,No,No,24,Yes,No,No,No internet service,No internet service,No internet service,No internet service,No internet service,No internet service,Month-to-month,Yes,Electronic check,57.68,1210.35,No
CUST-05090,Male,0,Yes,Yes,9,Yes,Yes,Fiber optic,Yes,No,Yes,Yes,No,Yes,Month-to-month,Yes,Electronic check,25.57,257.32,No
CUST-05091,Male,0,Yes,No,46,Yes,No,Fiber optic,No,No,No,No,Yes,No,One year,No,Bank transfer (automatic),22.27,1046.34,No
CUST-05092,Female,0,Yes,No,71,Yes,No,Fiber optic,No,No,Yes,No,No,No,Two year,No,Electronic check,49.63,3588.52,No
CUST-05093,Female,1,No,Yes,60,Yes,Yes,DSL,Yes,No,No,No,Yes,No,Month-to-month,No,Credit card (automatic),47.73,3100.36,Yes
CUST-05094,Female,0,No,No,11,Yes,Yes,No,No internet service,No internet service,No internet service,No internet service,No internet service,No internet service,One year,Yes,Electronic check,84.78,1001.24,No
CUST-05095,Female,1,Yes,No,10,Yes,No,Fiber optic,No,No,No,No,Yes,No,Month-to-month,No,Electronic check,63.11,539.38,Yes
CUST-05096,Female,0,No,No,3,Yes,Yes,Fiber optic,No,No,No,No,Yes,Yes,Month-to-month,No,Bank transfer (automatic),86.82,291.09,Yes
CUST-05097,Female,0,Yes,No,19,Yes,Yes,DSL,No,No,No,No,No,Yes,Month-to-month,No,Electronic check,51.62,1003.32,No
CUST-05098,Male,0,No,No,2,Yes,No,Fiber optic,Yes,Yes,No,Yes,No,Yes,Month-to-month,Yes,Mailed check,110.4,243.06,No
CUST-05099,Female,0,No,No,17,Yes,No,Fiber optic,No,No,No,No,No,No,Two year,Yes,Electronic check,27.82,505.51,No
CUST-05100,Male,1,Yes,No,2,Yes,No,DSL,No,Yes,No,No,No,Yes,Month-to-month,Yes,Electronic check,68.44,117.64,Yes
CUST-05101,Male,0,No,Yes,53,Yes,Yes,DSL,No,No,No,Yes,No,No,Month-to-month,No,Electronic check,109.9,5162.52,Yes
CUST-05102,Female,1,No,Yes,16,Yes,No,Fiber optic,Yes,Yes,Yes,No,No,No,One year,No,Credit card (automatic),86.95,1257.88,No
CUST-05103,Male,0,Yes,No,10,Yes,No,Fiber optic,No,No,No,Yes,Yes,Yes,Month-to-month,Yes,Bank transfer (automatic),25.81,246.49,No
CUST-05104,Female,0,No,No,68,Yes,Yes,DSL,No,No,No,No,Yes,Yes,Two year,Yes,Credit card (automatic),104.37,6933.2,No
CUST-05105,Female,0,Yes,No,43,Yes,No,DSL,No,No,No,Yes,No,Yes,Month-to-month,Yes,Credit card (automatic),41.83,1924.48,No
CUST-05106,Male,0,No,No,58,Yes,No,No,No internet service,No internet service,No internet service,No internet service,No internet service,No internet service,One year,No,Mailed check,69.8,3891.32,No
CUST-05107,Male,0,Yes,Yes,60,Yes,Yes,DSL,Yes,No,No,No,No,No,Two year,No,Credit card (automatic),48.47,3195.94,No
CUST-05108,Female,0,Yes,No,24,Yes,Yes,DSL,Yes,Yes,No,No,No,No,Two year,No,Electronic check,60.0,1433.34,No
CUST-05109,Female,0,No,Yes,16,Yes,No,Fiber optic,Yes,No,Yes,No,No,No,One year,No,Electronic check,113.4,1731.33,No
CUST-05110,Male,0,No,No,9,No,No phone service,DSL,Yes,No,Yes,No,No,Yes,Month-to-month,Yes,Mailed check,32.59,320.7,No
CUST-05111,Male,1,Yes,Yes,6,Yes,No,Fiber optic,Yes,No,No,No,No,Yes,Month-to-month,Yes,Electronic check,43.51,233.37,Yes
CUST-05112,Male,0,No,No,65,Yes,No,Fiber optic,No,Yes,No,No,Yes,Yes,Month-to-month,Yes,Credit card (automatic),51.8,3459.39,Yes
CUST-05113,Male,1,Yes,Yes,24,Yes,No,DSL,No,Yes,No,Yes,Yes,No,Month-to-month,No,Mailed check,85.04,1751.27,Yes
CUST-05114,Female,0,Yes,No,10,Yes,Yes,DSL,No,Yes,No,No,Yes,No,Two year,Yes,Credit card (automatic),95.07,1020.5,No
CUST-05115,Female,0,No,No,27,Yes,No,DSL,No,No,No,No,Yes,No,Month-to-month,No,Electronic check,72.53,2023.11,Yes
CUST-05116,Female,1,Yes,Yes,3,Yes,No,Fiber optic,No,No,No,No,No,Yes,One year,Yes,Bank transfer (automatic),78.13,256.96,No
CUST-05117,Female,0,Yes,Yes,38,Yes,Yes,Fiber optic,Yes,No,Yes,Yes,No,No,Two year,Yes,Electronic check,65.25,2306.45,No
CUST-05118,Male,1,No,Yes,17,No,No phone service,Fiber optic,Yes,No,No,No,Yes,Yes,Month-to-month,Yes,Mailed check,47.89,883.28,No
CUST-05119,Male,0,Yes,No,48,No,No phone service,Fiber optic,Yes,No,No,Yes,No,Yes,Month-to-month,Yes,Credit card (automatic),76.79,3462.65,No
CUST-05120,Female,0,No,No,49,Yes,Yes,DSL,No,Yes,Yes,No,No,No,Month-to-month,No,Electronic check,50.83,2384.0,Yes
CUST-05121,Female,0,Yes,No,43,Yes,Yes,No,No internet service,No internet service,No internet service,No internet service,No internet service,No internet service,Month-to-month,No,Mailed check,62.5,3043.91,Yes
CUST-05122,Female,0,No,Yes,7,Yes,Yes,Fiber optic,Yes,No,No,No,Yes,No,Two year,Yes,Mailed check,108.19,747.76,Yes
CUST-05123,Female,0,Yes,No,68,Yes,No,Fiber optic,Yes,No,No,Yes,No,No,One year,Yes,Bank transfer (automatic),110.41,7558.65,No
CUST-05124,Female,0,Yes,No,21,Yes,No,DSL,No,No,Yes,Yes,Yes,No,Two year,Yes,Credit card (automatic),47.73,1133.5,No
CUST-05125,Female,0,No,No,25,Yes,Yes,DSL,No,Yes,Yes,No,No,Yes,Two year,No,Electronic check,59.94,1700.03,No
CUST-05126,Female,1,No,No,61,No,No phone service,No,No internet service,No internet service,No internet service,No internet service,No internet service,No internet service,Two year,No,Mailed check,104.48,6072.94,No
CUST-05127,Female,0,No,Yes,28,Yes,Yes,Fiber optic,No,No,No,No,Yes,Yes,Month-to-month,No,Electronic check,112.52,3112.99,No
CUST-05128,Female,0,Yes,No,52,Yes,No,Fiber optic,Yes,Yes,No,Yes,Yes,No,Month-to-month,Yes,Electronic check,118.68,6228.48,No
CUST-05129,Male,0,No,No,13,Yes,Yes,DSL,No,No,No,No,No,No,One year,Yes,Mailed check,59.27,726.22,No
CUST-05130,Female,0,Yes,No,34,Yes,Yes,Fiber optic,No,No,No,No,Yes,Yes,One year,Yes,Electronic check,60.07,2152.73,Yes
CUST-05131,Male,1,No,Yes,67,Yes,No,No,No internet service,No internet service,No internet service,No internet service,No internet service,No internet service,Month-to-month,No,Electronic check,74.45,4626.81,No
CUST-05132,Male,0,No,No,4,Yes,No,No,No internet service,No internet service,No internet service,No internet service,No internet service,No internet service,Month-to-month,No,Electronic check,34.45,123.65,Yes
CUST-05133,Female,0,Yes,No,44,Yes,No,Fiber optic,No,Yes,No,No,Yes,No,Month-to-month,No,Mailed check,88.41,4394.76,No
CUST-05134,Female,0,No,No,15,Yes,No,Fiber optic,Yes,Yes,No,Yes,No,No,Two year,Yes,Electronic check,98.64,1262.86,No
CUST-05135,Male,0,Yes,No,8,Yes,No,No,No internet service,No internet service,No internet service,No internet service,No internet service,No internet service,One year,No,Mailed check,100.98,836.03,No
CUST-05136,Male,1,No,No,5,Yes,No,No,No internet service,No internet service,No internet service,No internet service,No internet service,No internet service,Month-to-month,No,Credit card (automatic),18.93,100.16,No
CUST-05137,Female,0,No,No,66,Yes,Yes,No,No internet service,No internet service,No internet service,No internet service,No internet service,No internet service,Month-to-month,No,Credit card (automatic),116.7,8273.24,Yes
CUST-05138,Male,1,Yes,Yes,46,Yes,No,No,No internet service,No internet service,No internet service,No internet service,No internet service,No internet service,Two year,Yes,Mailed check,77.1,3561.11,No
CUST-05139,Female,0,No,No,65,Yes,Yes,Fiber optic,No,No,No,No,No,No,Month-to-month,No,Credit card (automatic),19.17,1152.12,No
CUST-05140,Female,1,Yes,Yes,66,Yes,Yes,Fiber optic,No,No,Yes,Yes,Yes,Yes,One year,Yes,Bank transfer (automatic),85.21,6136.11,No
CUST-05141,Female,0,No,Yes,26,Yes,No,Fiber optic,Yes,No,Yes,Yes,Yes,No,Two year,Yes,Electronic check,48.25,1098.01,No
CUST-05142,Male,1,Yes,No,31,Yes,No,Fiber optic,Yes,No,No,Yes,No,Yes,Month-to-month,Yes,Bank transfer (automatic),41.04,1446.29,No
CUST-05143,Male,1,No,No,51,Yes,Yes,Fiber optic,Yes,No,Yes,No,No,Yes,Month-to-month,No,Bank transfer (automatic),118.19,5691.01,No
CUST-05144,Female,1,Yes,No,41,Yes,No,DSL,No,No,No,No,No,No,Month-to-month,Yes,Credit card (automatic),21.09,753.74,No
CUST-05145,Male,0,Yes,Yes,51,Yes,Yes,DSL,No,No,No,Yes,Yes,No,Month-to-month,Yes,Mailed check,105.66,4745.18,Yes
CUST-05146,Male,0,No,No,19,Yes,No,DSL,No,No,No,No,No,Yes,Month-to-month,No,Bank transfer (automatic),113.3,2469.45,No
CUST-05147,Male,0,Yes,Yes,3,Yes,No,Fiber optic,No,Yes,No,No,No,Yes,One year,Yes,Mailed check,55.04,170.49,No
CUST-05148,Male,0,Yes,No,38,Yes,No,DSL,No,Yes,Yes,No,No,No,One year,Yes,Electronic check,65.09,2555.22,No
CUST-05149,Male,0,No,No,70,Yes,No,Fiber optic,No,No,No,No,No,Yes,Two year,No,Bank transfer (automatic),82.55,6339.84,No
CUST-05150,Male,0,No,No,45,Yes,No,No,No internet service,No internet service,No internet service,No internet service,No internet service,No internet service,Month-to-month,Yes,Credit card (automatic),20.58,923.53,No
CUST-05151,Male,0,No,No,71,Yes,No,No,No internet service,No internet service,No internet service,No internet service,No internet service,No internet service,Month-to-month,No,Electronic check,83.97,5517.13,No
CUST-05152,Female,0,Yes,No,41,Yes,Yes,Fiber optic,No,Yes,Yes,No,No,No,Month-to-month,No,Electronic check,29.7,1089.82,Yes
CUST-05153,Male,0,No,No,25,No,No phone service,Fiber optic,No,Yes,Yes,No,No,No,One year,No,Mailed check,19.34,429.7,No
CUST-05154,Male,0,Yes,Yes,50,Yes,No,No,No internet service,No internet service,No internet service,No internet service,No internet service,No internet service,Two year,Yes,Credit card (automatic),24.33,1323.82,No
CUST-05155,Male,0,No,No,1,Yes,No,No,No internet service,No internet service,No internet service,No internet service,No internet service,No internet service,Month-to-month,Yes,Bank transfer (automatic),40.22,44.7,Yes
CUST-05156,Male,0,No,No,54,No,No phone service,Fiber optic,No,Yes,Yes,No,Yes,Yes,Month-to-month,Yes,Mailed check,58.96,3504.97,No
CUST-05157,Male,0,No,No,13,Yes,No,Fiber optic,No,No,No,Yes,No,No,One year,Yes,Credit card (automatic),106.86,1584.42,Yes
CUST-05158,Male,0,Yes,No,40,Yes,No,Fiber optic,No,No,No,No,Yes,No,Month-to-month,Yes,Electronic check,63.71,2833.84,Yes
CUST-05159,Male,1,No,No,21,Yes,Yes,DSL,No,Yes,No,No,Yes,No,Month-to-month,No,Credit card (automatic),57.37,1172.74,No
CUST-05160,Male,1,No,No,41,Yes,No,No,No internet service,No internet service,No internet service,No internet service,No internet service,No internet service,One year,Yes,Credit card (automatic),38.97,1437.02,No
CUST-05161,Female,1,No,Yes,61,Yes,No,DSL,Yes,Yes,Yes,No,Yes,Yes,Two year,Yes,Credit card (automatic),118.6,7854.74,No
CUST-05162,Male,1,Yes,No,33,Yes,No,Fiber optic,Yes,Yes,No,Yes,No,Yes,One year,No,Electronic check,85.26,2819.71,Yes
CUST-05163,Male,0,No,No,29,Yes,Yes,DSL,No,No,Yes,Yes,Yes,Yes,One year,Yes,Mailed check,63.73,1765.95,No
CUST-05164,Male,0,No,No,55,Yes,Yes,DSL,No,No,No,No,Yes,No,One year,Yes,Mailed check,50.68,2388.49,No
CUST-05165,Male,0,Yes,Yes,32,Yes,No,Fiber optic,No,Yes,No,No,No,No,Month-to-month,Yes,Electronic check,65.92,2296.88,Yes
CUST-05166,Female,0,Yes,Yes,11,Yes,Yes,Fiber optic,Yes,No,Yes,No,No,No,One year,No,Electronic check,94.16,1152.54,No
CUST-05167,Female,0,Yes,No,52,No,No phone service,DSL,No,No,Yes,No,No,Yes,Month-to-month,Yes,Electronic check,50.91,2701.5,No
CUST-05168,Female,0,Yes,No,36,Yes,Yes,DSL,No,No,Yes,No,No,No,One year,No,Bank transfer (automatic),45.84,1875.21,No
CUST-05169,Female,0,Yes,No,31,Yes,Yes,No,No internet service,No internet service,No internet service,No internet service,No internet service,No internet service,Two year,Yes,Credit card (automatic),40.87,1093.49,No
CUST-05170,Female,0,Yes,No,14,Yes,Yes,Fiber optic,No,No,No,No,Yes,No,Month-to-month,No,Electronic check,56.4,689.51,Yes
CUST-05171,Female,0,No,No,63,Yes,No,Fiber optic,No,Yes,No,No,No,Yes,Month-to-month,Yes,Bank transfer (automatic),21.34,1191.13,No
CUST-05172,Female,0,No,No,52,Yes,No,DSL,Yes,No,Yes,No,Yes,Yes,One year,Yes,Electronic check,93.22,4652.25,No
CUST-05173,Female,0,Yes,Yes,54,Yes,No,DSL,No,No,Yes,No,No,Yes,Month-to-month,Yes,Bank transfer (automatic),114.14,5892.68,No
CUST-05174,Female,0,No,No,50,Yes,No,Fiber optic,No,Yes,No,No,No,Yes,One year,No,Mailed check,109.23,5655.62,No
CUST-05175,Female,0,No,No,54,No,No phone service,Fiber optic,Yes,No,No,No,No,Yes,Month-to-month,No,Electronic check,95.28,5686.36,No
CUST-05176,Female,0,Yes,No,35,Yes,Yes,No,No internet service,No internet service,No internet service,No internet service,No internet service,No internet service,One year,No,Mailed check,88.36,2718.34,No
CUST-05177,Female,1,Yes,No,30,Yes,Yes,DSL,No,Yes,No,Yes,No,Yes,Month-to-month,Yes,Bank transfer (automatic),48.32,1457.56,No
CUST-05178,Female,0,No,No,55,Yes,No,No,No internet service,No internet service,No internet service,No internet service,No internet service,No internet service,Month-to-month,No,Electronic check,29.14,1395.57,No
CUST-05179,Female,0,No,No,1,Yes,No,Fiber optic,No,No,No,Yes,No,No,Month-to-month,Yes,Mailed check,62.71,55.61,No
CUST-05180,Female,0,No,No,15,Yes,No,Fiber optic,No,No,Yes,No,Yes,Yes,Month-to-month,No,Electronic check,103.05,1668.99,No
CUST-05181,Female,0,No,No,25,Yes,No,Fiber optic,No,Yes,No,No,No,No,Month-to-month,No,Credit card (automatic),72.72,1846.44,No
CUST-05182,Male,0,Yes,No,20,Yes,Yes,No,No internet service,No internet service,No internet service,No internet service,No internet service,No internet service,Month-to-month,Yes,Credit card (automatic),89.74,1682.86,Yes
CUST-05183,Female,0,No,Yes,71,Yes,Yes,DSL,No,Yes,No,Yes,No,No,Month-to-month,Yes,Bank transfer (automatic),110.71,7423.14,No
CUST-05184,Male,0,Yes,Yes,16,Yes,No,No,No internet service,No internet service,No internet service,No internet service,No internet service,No internet service,One year,Yes,Bank transfer (automatic),86.7,1391.42,No
CUST-05185,Female,1,Yes,No,52,Yes,Yes,DSL,Yes,No,No,Yes,No,No,Month-to-month,Yes,Mailed check,25.12,1278.07,No
CUST-05186,Female,1,Yes,No,65,Yes,Yes,No,No internet service,No internet service,No internet service,No internet service,No internet service,No internet service,Month-to-month,No,Bank transfer (automatic),27.61,1571.61,No
CUST-05187,Male,0,Yes,Yes,70,Yes,Yes,Fiber optic,No,No,No,No,No,No,Month-to-month,Yes,Credit card (automatic),26.39,1770.7,Yes
CUST-05188,Female,0,No,Yes,1,No,No phone service,No,No internet service,No internet service,No internet service,No internet service,No internet service,No internet service,One year,Yes,Credit card (automatic),54.2,55.36,No
CUST-05189,Male,0,No,No,16,No,No phone service,Fiber optic,No,Yes,No,No,No,No,Month-to-month,Yes,Credit card (automatic),47.16,834.08,Yes
CUST-05190,Male,0,No,No,27,No,No phone service,DSL,Yes,Yes,No,Yes,Yes,No,Two year,Yes,Electronic check,29.27,746.99,No
CUST-05191,Male,0,Yes,No,18,Yes,No,DSL,Yes,No,No,No,Yes,No,Month-to-month,No,Credit card (automatic),57.62,953.27,Yes
CUST-05192,Female,0,No,Yes,44,Yes,Yes,DSL,No,Yes,Yes,No,No,No,Two year,No,Bank transfer (automatic),37.71,1565.55,No
CUST-05193,Female,0,No,Yes,50,No,No phone service,Fiber optic,No,Yes,No,Yes,Yes,Yes,Month-to-month,Yes,Mailed check,57.02,2782.65,No
CUST-05194,Female,1,Yes,No,14,No,No phone service,Fiber optic,No,No,No,Yes,No,No,Month-to-month,Yes,Mailed check,62.91,904.69,Yes
CUST-05195,Male,0,No,No,52,Yes,Yes,DSL,No,Yes,Yes,No,No,No,Month-to-month,Yes,Electronic check,18.75,1076.34,No
CUST-05196,Male,0,No,No,50,Yes,No,DSL,Yes,No,No,No,No,Yes,Month-to-month,No,Electronic check,88.3,3954.31,No
CUST-05197,Female,0,Yes,No,17,Yes,Yes,Fiber optic,No,No,No,No,Yes,No,One year,No,Mailed check,55.61,1008.36,No
CUST-05198,Female,1,No,No,3,No,No phone service,DSL,No,No,No,Yes,Yes,No,Month-to-month,No,Bank transfer (automatic),96.37,313.1,Yes
CUST-05199,Female,0,No,No,62,Yes,Yes,Fiber optic,Yes,No,No,No,No,No,Two year,No,Bank transfer (automatic),29.77,1938.0,No
CUST-05200,Female,0,No,Yes,21,Yes,No,DSL,Yes,No,No,No,No,No,Month-to-month,Yes,Mailed check,47.45,1116.36,No
CUST-05201,Female,0,No,No,33,Yes,No,No,No internet service,No internet service,No internet service,No internet service,No internet service,No internet service,Month-to-month,Yes,Credit card (automatic),45.33,1660.15,No
CUST-05202,Male,0,Yes,Yes,1,Yes,No,DSL,No,No,No,No,Yes,No,Month-to-month,Yes,Credit card (automatic),19.26,21.74,No
CUST-05203,Male,1,No,No,70,Yes,No,No,No internet service,No internet service,No internet service,No internet service,No internet service,No internet service,Month-to-month,Yes,Electronic check,66.45,4817.66,Yes
CUST-05204,Male,0,No,Yes,56,Yes,Yes,DSL,Yes,No,No,Yes,Yes,No,Month-to-month,No,Bank transfer (automatic),115.1,5497.08,No
CUST-05205,Female,0,Yes,Yes,4,Yes,No,DSL,No,No,Yes,No,Yes,Yes,Two year,No,Electronic check,19.64,87.04,No
CUST-05206,Male,0,Yes,No,22,Yes,No,No,No internet service,No internet service,No internet service,No internet service,No internet service,No internet service,Two year,Yes,Credit card (automatic),80.71,1836.87,Yes
CUST-05207,Male,0,No,No,58,Yes,No,DSL,No,Yes,Yes,No,No,No,One year,Yes,Mailed check,104.35,5954.52,No
CUST-05208,Male,0,Yes,No,44,Yes,Yes,No,No internet service,No internet service,No internet service,No internet service,No internet service,No internet service,One year,Yes,Mailed check,97.92,4574.21,No
CUST-05209,Male,0,No,No,57,Yes,Yes,Fiber optic,Yes,Yes,Yes,No,Yes,Yes,Two year,No,Bank transfer (automatic),47.14,2752.44,No
CUST-05210,Male,0,No,No,40,Yes,No,Fiber optic,No,No,No,No,Yes,Yes,Month-to-month,Yes,Electronic check,35.85,1345.57,No
CUST-05211,Female,0,Yes,Yes,56,Yes,No,No,No internet service,No internet service,No internet service,No internet service,No internet service,No internet service,Month-to-month,Yes,Mailed check,39.79,2494.13,Yes
CUST-05212,Male,0,Yes,No,63,Yes,No,DSL,No,No,No,Yes,Yes,No,Month-to-month,No,Mailed check,53.07,3107.29,No
CUST-05213,Female,1,Yes,No,39,No,No phone service,No,No internet service,No internet service,No internet service,No internet service,No internet service,No internet service,Month-to-month,Yes,Credit card (automatic),28.63,959.71,No
CUST-05214,Female,0,No,Yes,7,Yes,Yes,Fiber optic,No,No,No,Yes,No,No,Month-to-month,No,Electronic check,45.71,287.0,No
CUST-05215,Female,0,No,No,14,Yes,No,Fiber optic,No,No,No,No,Yes,No,Two year,No,Electronic check,41.25,521.84,Yes
CUST-05216,Female,0,No,Yes,18,Yes,No,Fiber optic,Yes,Yes,No,Yes,No,No,Two year,No,Electronic check,115.91,2391.62,No
CUST-05217,Female,0,Yes,No,55,Yes,No,Fiber optic,No,Yes,No,No,No,Yes,Month-to-month,Yes,Mailed check,85.63,4628.69,No
CUST-05218,Male,0,No,No,56,No,No phone service,DSL,No,Yes,No,Yes,No,Yes,One year,Yes,Electronic check,81.23,4633.02,No
CUST-05219,Male,0,No,No,57,Yes,No,DSL,No,No,No,No,No,No,Month-to-month,Yes,Credit card (automatic),107.13,6936.25,No
CUST-05220,Female,0,Yes,Yes,58,Yes,Yes,Fiber optic,No,No,Yes,No,Yes,No,Month-to-month,Yes,Electronic check,35.92,2016.1,No
CUST-05221,Female,0,No,No,25,Yes,No,Fiber optic,No,Yes,No,Yes,No,No,Month-to-month,Yes,Mailed check,25.46,613.46,No
CUST-05222,Female,0,Yes,No,70,Yes,No,Fiber optic,No,Yes,Yes,No,Yes,Yes,Month-to-month,Yes,Electronic check,106.5,6473.15,No
CUST-05223,Male,0,No,Yes,3,Yes,No,Fiber optic,Yes,No,No,No,No,No,Month-to-month,Yes,Electronic check,53.65,164.08,Yes
CUST-05224,Female,0,Yes,No,21,No,No phone service,Fiber optic,Yes,No,Yes,Yes,No,No,One year,No,Credit card (automatic),56.93,1219.75,No
CUST-05225,Male,0,Yes,Yes,32,Yes,No,Fiber optic,No,No,No,No,Yes,Yes,Month-to-month,No,Credit card (automatic),21.33,712.38,No
CUST-05226,Female,0,No,Yes,2,Yes,No,Fiber optic,No,No,No,Yes,Yes,Yes,Month-to-month,No,Electronic check,19.76,35.23,No
CUST-05227,Male,0,No,Yes,20,Yes,Yes,Fiber optic,No,No,Yes,No,No,No,One year,Yes,Credit card (automatic),88.48,1812.2,No
CUST-05228,Female,1,Yes,No,18,Yes,No,No,No internet service,No internet service,No internet service,No internet service,No internet service,No internet service,One year,Yes,Electronic check,83.0,1277.62,No
CUST-05229,Male,0,No,Yes,54,Yes,No,No,No internet service,No internet service,No internet service,No internet service,No internet service,No internet service,Month-to-month,Yes,Electronic check,46.7,2492.29,No
CUST-05230,Female,0,No,No,36,Yes,Yes,DSL,No,No,No,Yes,No,No,Month-to-month,Yes,Electronic check,39.73,1485.91,No
CUST-05231,Male,0,Yes,Yes,61,Yes,No,Fiber optic,No,No,No,Yes,Yes,Yes,Month-to-month,Yes,Credit card (automatic),98.49,5759.52,Yes
CUST-05232,Male,0,No,Yes,60,Yes,Yes,Fiber optic,No,Yes,No,Yes,No,No,One year,Yes,Bank transfer (automatic),26.41,1732.16,No
CUST-05233,Male,0,No,Yes,36,No,No phone service,No,No internet service,No internet service,No internet service,No internet service,No internet service,No internet service,One year,Yes,Bank transfer (automatic),81.3,2622.55,No
CUST-05234,Male,0,No,No,44,Yes,Yes,Fiber optic,Yes,No,Yes,No,Yes,No,Two year,Yes,Electronic check,28.38,1336.11,No
CUST-05235,Male,0,Yes,Yes,68,Yes,No,Fiber optic,No,No,Yes,No,Yes,No,Month-to-month,Yes,Mailed check,116.58,7256.08,No
CUST-05236,Male,0,No,Yes,66,Yes,No,Fiber optic,No,No,Yes,No,No,No,Month-to-month,No,Credit card (automatic),117.06,8877.45,No
CUST-05237,Male,0,No,No,44,Yes,No,DSL,No,No,No,No,Yes,Yes,One year,No,Credit card (automatic),45.7,2109.91,No
CUST-05238,Female,0,No,No,29,Yes,Yes,Fiber optic,Yes,No,Yes,Yes,No,Yes,Two year,Yes,Credit card (automatic),82.21,2104.43,No
CUST-05239,Female,0,Yes,Yes,48,Yes,Yes,Fiber optic,No,No,Yes,Yes,No,No,Two year,Yes,Electronic check,19.9,877.39,No
CUST-05240,Female,0,No,No,36,Yes,No,Fiber optic,Yes,Yes,Yes,No,No,No,Month-to-month,Yes,Mailed check,51.51,2046.57,Yes
CUST-05241,Female,0,Yes,Yes,8,Yes,Yes,Fiber optic,Yes,Yes,No,No,No,No,One year,Yes,Electronic check,42.1,293.89,Yes
CUST-05242,Female,0,No,No,5,No,No phone service,No,No internet service,No internet service,No internet service,No internet service,No internet service,No internet service,Month-to-month,Yes,Electronic check,47.69,230.14,Yes
CUST-05243,Male,0,No,No,47,Yes,No,DSL,No,No,No,No,No,Yes,One year,No,Electronic check,59.65,2451.07,No
CUST-05244,Male,0,Yes,Yes,43,Yes,No,Fiber optic,Yes,No,Yes,Yes,No,No,Month-to-month,No,Bank transfer (automatic),60.11,2637.58,No
CUST-05245,Male,0,Yes,Yes,10,Yes,No,Fiber optic,No,Yes,Yes,Yes,No,Yes,Month-to-month,Yes,Credit card (automatic),57.68,503.88,Yes
CUST-05246,Male,0,No,No,10,Yes,Yes,DSL,No,No,No,No,No,Yes,Month-to-month,Yes,Electronic check,100.91,1079.76,Yes
CUST-05247,Male,0,No,No,6,Yes,No,Fiber optic,Yes,No,Yes,No,No,No,Month-to-month,Yes,Mailed check,23.86,159.88,No
CUST-05248,Female,0,Yes,Yes,16,No,No phone service,Fiber optic,No,Yes,No,Yes,Yes,No,Month-to-month,Yes,Electronic check,50.82,770.23,No
CUST-05249,Female,1,No,Yes,60,Yes,No,DSL,No,Yes,No,No,Yes,Yes,Two year,No,Electronic check,20.71,1152.56,No
CUST-05250,Female,1,No,No,26,Yes,No,Fiber optic,No,Yes,Yes,Yes,Yes,No,Month-to-month,No,Electronic check,26.36,732.58,No
CUST-05251,Female,0,No,No,21,Yes,No,No,No internet service,No internet service,No internet service,No internet service,No internet service,No internet service,Month-to-month,No,Credit card (automatic),97.8,1761.06,No
CUST-05252,Male,0,No,Yes,58,No,No phone service,DSL,Yes,No,Yes,No,Yes,Yes,Two year,Yes,Mailed check,34.84,1821.95,No
CUST-05253,Male,0,Yes,Yes,41,Yes,No,No,No internet service,No internet service,No internet service,No internet service,No internet service,No internet service,Two year,No,Electronic check,53.08,1877.48,No
CUST-05254,Male,0,No,Yes,30,Yes,No,DSL,No,No,Yes,Yes,Yes,No,Month-to-month,No,Electronic check,102.26,3385.22,No
CUST-05255,Female,0,Yes,Yes,5,Yes,No,DSL,No,No,No,No,No,Yes,Month-to-month,Yes,Bank transfer (automatic),89.02,475.17,Yes
CUST-05256,Male,0,Yes,No,10,Yes,No,DSL,Yes,No,Yes,Yes,No,No,Month-to-month,Yes,Electronic check,38.54,429.78,No
CUST-05257,Female,0,Yes,Yes,11,Yes,No,DSL,No,No,No,No,No,Yes,Month-to-month,Yes,Electronic check,117.9,1163.74,No
CUST-05258,Male,0,No,No,63,No,No phone service,Fiber optic,No,Yes,Yes,No,No,Yes,Month-to-month,Yes,Electronic check,45.14,2679.48,No
CUST-05259,Male,0,No,No,7,No,No phone service,Fiber optic,No,No,No,No,Yes,No,One year,No,Mailed check,46.89,286.54,No
CUST-05260,Female,0,Yes,No,59,Yes,No,DSL,No,No,No,No,No,Yes,One year,No,Credit card (automatic),83.76,5511.28,No
CUST-05261,Male,0,No,No,12,Yes,No,Fiber optic,No,No,No,No,Yes,Yes,One year,No,Electronic check,89.73,991.98,No
CUST-05262,Male,0,No,No,64,Yes,No,Fiber optic,No,No,Yes,Yes,Yes,Yes,Month-to-month,Yes,Mailed check,77.01,5244.98,Yes
CUST-05263,Female,0,No,No,41,Yes,Yes,DSL,No,No,No,No,No,No,Month-to-month,Yes,Bank transfer (automatic),34.56,1269.95,No
CUST-05264,Male,0,No,No,60,Yes,No,DSL,No,Yes,No,No,Yes,No,One year,Yes,Electronic check,25.87,1319.89,No
CUST-05265,Female,0,Yes,No,72,Yes,No,DSL,No,No,No,No,No,No,Month-to-month,Yes,Electronic check,112.01,8917.05,No
CUST-05266,Male,0,Yes,No,28,Yes,Yes,DSL,No,Yes,No,No,Yes,Yes,Month-to-month,Yes,Mailed check,53.22,1685.89,Yes
CUST-05267,Male,0,No,Yes,63,Yes,Yes,Fiber optic,No,No,No,No,No,No,Month-to-month,Yes,Credit card (automatic),103.51,7293.31,No
CUST-05268,Male,0,No,No,3,Yes,No,DSL,No,No,Yes,No,No,Yes,Two year,No,Mailed check,35.5,95.64,No
CUST-05269,Male,0,Yes,No,32,Yes,No,Fiber optic,Yes,Yes,No,No,Yes,No,Month-to-month,Yes,Mailed check,69.16,2444.64,No
CUST-05270,Male,1,No,Yes,21,Yes,Yes,DSL,No,Yes,Yes,Yes,No,No,Month-to-month,No,Mailed check,106.46,2336.02,Yes
CUST-05271,Male,0,No,No,55,Yes,No,Fiber optic,No,No,No,No,No,No,Two year,Yes,Mailed check,56.67,3555.6,No
CUST-05272,Male,0,No,No,18,Yes,Yes,Fiber optic,No,No,No,Yes,No,No,One year,No,Credit card (automatic),19.89,324.5,No
CUST-05273,Male,0,Yes,No,53,No,No phone service,Fiber optic,Yes,No,No,No,Yes,No,Month-to-month,No,Bank transfer (automatic),113.09,5500.03,No
CUST-05274,Female,0,No,No,61,Yes,Yes,Fiber optic,No,No,No,Yes,No,No,One year,No,Electronic check,82.07,5614.97,No
CUST-05275,Female,0,No,Yes,50,Yes,No,Fiber optic,Yes,Yes,No,Yes,No,Yes,Month-to-month,Yes,Electronic check,40.13,2280.68,No
CUST-05276,Male,0,Yes,Yes,8,Yes,Yes,DSL,No,No,No,Yes,No,Yes,Two year,No,Credit card (automatic),94.53,735.36,No
CUST-05277,Male,0,Yes,No,12,Yes,Yes,Fiber optic,Yes,No,No,No,No,Yes,One year,Yes,Bank transfer (automatic),42.84,588.35,No
CUST-05278,Female,0,Yes,No,51,Yes,Yes,Fiber optic,No,No,No,No,Yes,Yes,Month-to-month,No,Electronic check,25.65,1141.21,Yes
CUST-05279,Male,0,No,No,66,Yes,Yes,DSL,No,No,No,Yes,No,Yes,Month-to-month,Yes,Mailed check,19.71,1372.98,No
CUST-05280,Male,0,Yes,Yes,41,Yes,Yes,Fiber optic,No,Yes,Yes,No,Yes,No,Month-to-month,Yes,Mailed check,18.97,848.34,No
CUST-05281,Female,0,Yes,No,22,Yes,Yes,Fiber optic,No,No,No,No,No,No,Two year,No,Credit card (automatic),28.94,710.05,Yes
CUST-05282,Male,0,Yes,Yes,9,Yes,No,No,No internet service,No internet service,No internet service,No internet service,No internet service,No internet service,Month-to-month,Yes,Credit card (automatic),63.19,544.86,No
CUST-05283,Male,0,Yes,No,11,Yes,No,Fiber optic,No,No,No,Yes,Yes,No,One year,No,Electronic check,115.78,1340.05,No
CUST-05284,Female,0,Yes,No,13,Yes,Yes,DSL,No,No,Yes,No,No,No,Two year,Yes,Bank transfer (automatic),69.18,1009.93,No
CUST-05285,Male,0,No,Yes,56,Yes,No,No,No internet service,No internet service,No internet service,No internet service,No internet service,No internet service,Two year,No,Credit card (automatic),41.63,2677.01,No
CUST-05286,Male,0,No,No,28,Yes,Yes,DSL,Yes,No,Yes,Yes,Yes,No,Month-to-month,Yes,Electronic check,97.27,3063.35,Yes
CUST-05287,Female,0,No,No,64,No,No phone service,No,No internet service,No internet service,No internet service,No internet service,No internet service,No internet service,Month-to-month,Yes,Mailed check,101.15,6943.19,No
CUST-05288,Male,0,Yes,No,64,Yes,Yes,DSL,No,No,No,No,Yes,No,Two year,Yes,Electronic check,79.04,5263.31,No
CUST-05289,Female,0,Yes,No,70,Yes,No,DSL,Yes,No,No,Yes,No,Yes,Month-to-month,Yes,Electronic check,53.72,4035.58,No
CUST-05290,Male,0,Yes,Yes,55,Yes,Yes,DSL,No,No,No,No,No,No,Month-to-month,Yes,Credit card (automatic),59.05,3088.48,No
CUST-05291,Male,0,Yes,Yes,37,Yes,No,Fiber optic,No,Yes,Yes,No,No,Yes,Two year,Yes,Bank transfer (automatic),87.08,3439.48,No
CUST-05292,Female,0,Yes,No,33,Yes,Yes,DSL,Yes,Yes,No,No,Yes,No,Two year,Yes,Bank transfer (automatic),33.92,974.82,No
CUST-05293,Female,0,Yes,No,25,No,No phone service,Fiber optic,No,No,No,Yes,Yes,Yes,Month-to-month,Yes,Electronic check,28.75,823.58,Yes
CUST-05294,Male,0,No,No,23,Yes,No,DSL,No,No,No,No,Yes,No,One year,No,Mailed check,45.27,1125.14,No
CUST-05295,Female,0,Yes,No,60,Yes,No,DSL,No,No,No,No,No,Yes,Month-to-month,No,Bank transfer (automatic),83.22,5190.6,No
CUST-05296,Female,0,No,Yes,56,Yes,No,DSL,No,No,Yes,No,Yes,Yes,Two year,No,Mailed check,54.88,2997.0,No
CUST-05297,Male,0,Yes,Yes,63,Yes,No,DSL,No,No,No,No,Yes,Yes,Two year,Yes,Bank transfer (automatic),34.62,1904.1,No
CUST-05298,Male,0,Yes,No,8,Yes,Yes,Fiber optic,No,No,Yes,No,Yes,Yes,Month-to-month,Yes,Credit card (automatic),77.63,590.94,Yes
CUST-05299,Male,0,No,No,17,No,No phone service,Fiber optic,Yes,No,Yes,No,No,Yes,Month-to-month,No,Bank transfer (automatic),62.9,1180.17,No
CUST-05300,Female,0,Yes,No,57,Yes,No,Fiber optic,No,No,No,Yes,No,No,One year,Yes,Credit card (automatic),91.43,5038.26,No
CUST-05301,Female,0,Yes,No,62,Yes,Yes,Fiber optic,No,No,Yes,No,Yes,No,One year,No,Mailed check,89.74,6324.49,No
CUST-05302,Female,1,No,No,11,Yes,No,DSL,No,No,Yes,No,Yes,No,Month-to-month,Yes,Credit card (automatic),112.82,1249.07,Yes
CUST-05303,Female,0,No,No,67,Yes,No,DSL,Yes,No,Yes,No,Yes,Yes,Month-to-month,No,Credit card (automatic),87.11,6505.92,No
CUST-05304,Male,0,Yes,No,40,Yes,Yes,No,No internet service,No internet service,No internet service,No internet service,No internet service,No internet service,Month-to-month,No,Mailed check,88.87,3926.91,No
CUST-05305,Female,0,Yes,Yes,40,Yes,Yes,DSL,No,No,Yes,Yes,No,Yes,One year,Yes,Electronic check,31.81,1174.24,No
CUST-05306,Male,0,No,No,56,No,No phone service,Fiber optic,No,Yes,No,No,No,No,Month-to-month,No,Electronic check,33.97,1791.01,Yes
CUST-05307,Female,0,No,No,53,No,No phone service,Fiber optic,No,No,Yes,No,Yes,No,Month-to-month,No,Mailed check,94.59,4563.49,Yes
CUST-05308,Male,1,Yes,No,28,Yes,No,Fiber optic,No,No,No,Yes,No,No,Month-to-month,No,Bank transfer (automatic),89.32,2244.87,No
CUST-05309,Male,0,Yes,Yes,42,Yes,No,No,No internet service,No internet service,No internet service,No internet service,No internet service,No internet service,Two year,Yes,Bank transfer (automatic),40.84,1572.19,No
CUST-05310,Male,0,No,Yes,46,Yes,No,No,No internet service,No internet service,No internet service,No internet service,No internet service,No internet service,Month-to-month,No,Bank transfer (automatic),39.1,1956.93,No
CUST-05311,Female,0,Yes,Yes,18,Yes,Yes,No,No internet service,No internet service,No internet service,No internet service,No internet service,No internet service,Month-to-month,Yes,Bank transfer (automatic),37.56,592.54,Yes
CUST-05312,Male,0,Yes,Yes,23,Yes,Yes,Fiber optic,Yes,No,Yes,No,No,No,Two year,Yes,Mailed check,37.46,923.3,No
CUST-05313,Male,0,No,No,26,Yes,No,No,No internet service,No internet service,No internet service,No internet service,No internet service,No internet service,Month-to-month,Yes,Credit card (automatic),23.11,555.18,No
CUST-05314,Female,0,Yes,Yes,29,No,No phone service,Fiber optic,No,No,Yes,No,Yes,Yes,One year,Yes,Bank transfer (automatic),88.04,2553.85,No
CUST-05315,Male,0,No,No,52,Yes,Yes,DSL,No,No,No,Yes,No,Yes,Month-to-month,No,Bank transfer (automatic),65.92,2954.77,No
CUST-05316,Female,0,No,Yes,46,Yes,Yes,DSL,No,No,No,No,No,No,Two year,Yes,Bank transfer (automatic),23.79,1162.32,No
CUST-05317,Female,0,No,Yes,1,Yes,Yes,DSL,No,Yes,No,No,No,No,One year,Yes,Electronic check,72.35,64.77,Yes
CUST-05318,Male,0,Yes,No,63,Yes,Yes,Fiber optic,No,No,No,No,No,No,Two year,Yes,Electronic check,22.91,1572.63,No
CUST-05319,Male,0,Yes,No,16,Yes,Yes,DSL,No,Yes,No,No,No,Yes,One year,Yes,Electronic check,82.49,1161.8,Yes
CUST-05320,Female,0,Yes,Yes,25,Yes,Yes,Fiber optic,No,No,No,No,No,No,One year,Yes,Electronic check,87.92,1994.43,No
CUST-05321,Male,0,Yes,No,62,Yes,Yes,No,No internet service,No internet service,No internet service,No internet service,No internet service,No internet service,Month-to-month,Yes,Electronic check,93.2,6510.79,No
CUST-05322,Female,0,No,Yes,16,Yes,No,No,No internet service,No internet service,No internet service,No internet service,No internet service,No internet service,One year,Yes,Mailed check,69.64,1178.55,No
CUST-05323,Female,0,Yes,No,69,No,No phone service,Fiber optic,No,No,Yes,No,Yes,No,Two year,Yes,Electronic check,89.24,5405.84,No
CUST-05324,Female,0,Yes,No,70,Yes,No,DSL,No,No,No,Yes,Yes,No,Month-to-month,Yes,Electronic check,88.45,5692.65,No
CUST-05325,Male,0,Yes,No,34,No,No phone service,DSL,No,Yes,Yes,No,No,Yes,One year,No,Bank transfer (automatic),102.45,3661.74,No
CUST-05326,Female,0,Yes,No,53,Yes,No,DSL,No,No,No,No,No,No,Month-to-month,No,Electronic check,86.98,4398.5,No
CUST-05327,Male,1,No,No,23,Yes,No,DSL,No,Yes,No,No,No,No,Month-to-month,Yes,Electronic check,22.27,556.91,Yes
CUST-05328,Male,0,No,No,43,Yes,Yes,Fiber optic,Yes,No,No,No,No,Yes,One year,No,Credit card (automatic),40.54,1988.48,No
CUST-05329,Male,0,No,No,44,Yes,No,DSL,No,No,Yes,Yes,Yes,No,Month-to-month,No,Mailed check,53.75,2495.35,No
CUST-05330,Male,0,No,No,32,Yes,Yes,DSL,Yes,Yes,Yes,No,Yes,No,One year,Yes,Electronic check,36.89,1214.16,No
CUST-05331,Female,0,No,Yes,23,No,No phone service,DSL,Yes,No,Yes,No,Yes,Yes,Two year,No,Mailed check,93.37,2008.13,No
CUST-05332,Male,0,Yes,No,20,Yes,No,Fiber optic,No,Yes,No,No,Yes,No,Month-to-month,Yes,Mailed check,45.94,1022.88,No
CUST-05333,Female,1,Yes,Yes,19,Yes,Yes,Fiber optic,No,No,No,No,No,No,One year,Yes,Credit card (automatic),70.94,1187.55,No
CUST-05334,Female,0,No,No,72,No,No phone service,No,No internet service,No internet service,No internet service,No internet service,No internet service,No internet service,Month-to-month,No,Electronic check,48.95,3300.99,No
CUST-05335,Male,1,Yes,No,29,Yes,No,DSL,No,No,No,Yes,Yes,Yes,Month-to-month,No,Bank transfer (automatic),86.49,2459.74,No
CUST-05336,Female,0,Yes,No,18,Yes,Yes,Fiber optic,Yes,No,No,No,Yes,Yes,Month-to-month,No,Credit card (automatic),86.15,1368.95,Yes
CUST-05337,Female,0,No,No,69,Yes,Yes,Fiber optic,No,No,No,No,No,Yes,Month-to-month,Yes,Bank transfer (automatic),116.0,7268.74,Yes
CUST-05338,Male,0,Yes,Yes,12,Yes,Yes,No,No internet service,No internet service,No internet service,No internet service,No internet service,No internet service,Two year,Yes,Mailed check,79.84,967.43,No
CUST-05339,Female,0,No,Yes,10,Yes,No,Fiber optic,No,Yes,No,No,Yes,No,Month-to-month,No,Bank transfer (automatic),101.67,895.95,Yes
CUST-05340,Female,0,No,No,37,Yes,Yes,Fiber optic,No,No,No,No,No,No,Month-to-month,No,Electronic check,91.19,3248.23,Yes
CUST-05341,Female,0,Yes,No,55,No,No phone service,Fiber optic,Yes,No,No,No,No,No,One year,Yes,Bank transfer (automatic),19.4,1199.23,No
CUST-05342,Female,0,Yes,No,4,Yes,Yes,DSL,No,Yes,Yes,Yes,No,No,Two year,Yes,Bank transfer (automatic),45.8,181.76,No
CUST-05343,Male,0,No,Yes,63,Yes,Yes,Fiber optic,No,No,No,No,Yes,No,Month-to-month,Yes,Mailed check,23.54,1528.5,No
CUST-05344,Female,0,Yes,No,12,Yes,No,No,No internet service,No internet service,No internet service,No internet service,No internet service,No internet service,Two year,No,Mailed check,21.11,230.64,No
CUST-05345,Female,0,Yes,Yes,18,Yes,Yes,Fiber optic,No,No,Yes,No,Yes,No,Two year,Yes,Mailed check,77.46,1537.74,No
CUST-05346,Female,0,No,Yes,8,Yes,No,No,No internet service,No internet service,No internet service,No internet service,No internet service,No internet service,One year,No,Mailed check,37.24,307.36,No
CUST-05347,Female,0,Yes,No,32,Yes,No,DSL,No,No,No,Yes,Yes,No,Month-to-month,Yes,Electronic check,78.43,2857.91,No
CUST-05348,Male,0,Yes,No,49,Yes,No,DSL,No,Yes,No,No,No,Yes,Month-to-month,Yes,Bank transfer (automatic),55.77,2534.96,No
CUST-05349,Female,0,Yes,Yes,63,Yes,No,Fiber optic,Yes,No,No,No,No,Yes,Month-to-month,No,Mailed check,112.02,7268.01,Yes
CUST-05350,Male,0,No,No,59,Yes,No,DSL,Yes,Yes,Yes,No,No,No,Two year,Yes,Electronic check,37.79,2288.25,No
CUST-05351,Female,0,Yes,Yes,67,Yes,No,DSL,Yes,Yes,Yes,Yes,Yes,Yes,One year,No,Electronic check,69.01,5161.06,No
CUST-05352,Male,0,Yes,Yes,39,Yes,No,Fiber optic,Yes,Yes,No,No,No,No,Month-to-month,No,Credit card (automatic),65.03,2719.72,No
CUST-05353,Male,1,Yes,No,50,Yes,No,Fiber optic,No,No,No,Yes,No,No,Two year,Yes,Bank transfer (automatic),45.89,2063.76,No
CUST-05354,Male,0,Yes,No,71,Yes,Yes,Fiber optic,No,No,No,No,No,No,Month-to-month,Yes,Credit card (automatic),56.28,4412.02,Yes
CUST-05355,Male,0,No,Yes,26,Yes,No,No,No internet service,No internet service,No internet service,No internet service,No internet service,No internet service,One year,Yes,Mailed check,23.75,686.47,No
CUST-05356,Male,0,No,Yes,23,Yes,Yes,Fiber optic,No,Yes,Yes,No,No,Yes,Month-to-month,No,Bank transfer (automatic),22.58,524.59,No
CUST-05357,Female,1,Yes,Yes,63,Yes,Yes,Fiber optic,No,Yes,No,Yes,No,Yes,Month-to-month,Yes,Electronic check,24.57,1542.9,No
CUST-05358,Female,0,Yes,No,66,Yes,No,No,No internet service,No internet service,No internet service,No internet service,No internet service,No internet service,One year,Yes,Electronic check,84.39,5665.48,No
CUST-05359,Female,0,Yes,No,39,Yes,Yes,Fiber optic,No,No,Yes,No,No,No,Two year,No,Bank transfer (automatic),29.1,981.83,No
CUST-05360,Male,1,No,Yes,66,Yes,No,Fiber optic,No,Yes,No,No,No,Yes,One year,No,Electronic check,59.47,4091.68,No
CUST-05361,Female,1,Yes,No,46,Yes,Yes,DSL,No,No,No,Yes,Yes,No,Two year,Yes,Electronic check,67.16,2710.49,No
CUST-05362,Male,1,Yes,Yes,15,Yes,No,Fiber optic,No,Yes,Yes,No,Yes,No,Two year,No,Electronic check,64.23,1013.19,Yes
CUST-05363,Male,0,No,No,16,Yes,No,No,No internet service,No internet service,No internet service,No internet service,No internet service,No internet service,Month-to-month,No,Mailed check,21.38,387.22,No
CUST-05364,Female,0,Yes,Yes,72,Yes,No,No,No internet service,No internet service,No internet service,No internet service,No internet service,No internet service,One year,No,Credit card (automatic),52.34,3969.92,No
CUST-05365,Female,0,No,No,16,Yes,No,DSL,No,No,Yes,No,No,No,Month-to-month,No,Mailed check,115.51,1834.03,No
CUST-05366,Male,0,Yes,Yes,39,Yes,Yes,Fiber optic,No,No,No,Yes,Yes,No,Month-to-month,No,Bank transfer (automatic),75.7,3111.75,Yes
CUST-05367,Male,0,Yes,No,11,Yes,No,No,No internet service,No internet service,No internet service,No internet service,No internet service,No internet service,Month-to-month,Yes,Mailed check,55.01,635.14,No
CUST-05368,Female,0,No,Yes,36,Yes,Yes,DSL,No,No,Yes,No,No,No,Two year,Yes,Bank transfer (automatic),88.02,3192.93,No
CUST-05369,Female,0,Yes,No,18,Yes,Yes,No,No internet service,No internet service,No internet service,No internet service,No internet service,No internet service,Month-to-month,No,Credit card (automatic),50.75,994.55,No
CUST-05370,Female,0,Yes,No,23,Yes,No,Fiber optic,No,Yes,No,No,No,No,One year,Yes,Credit card (automatic),95.81,2486.49,No
CUST-05371,Female,0,Yes,No,49,Yes,No,DSL,No,Yes,No,No,Yes,No,Month-to-month,Yes,Electronic check,62.47,2643.0,No
CUST-05372,Male,1,No,Yes,42,Yes,Yes,Fiber optic,Yes,No,Yes,No,Yes,Yes,Month-to-month,No,Mailed check,96.41,4554.84,No
CUST-05373,Female,0,Yes,No,44,Yes,No,No,No internet service,No internet service,No internet service,No internet service,No internet service,No internet service,Month-to-month,Yes,Bank transfer (automatic),95.76,4073.72,No
CUST-05374,Female,0,No,No,1,Yes,No,DSL,No,No,Yes,No,No,Yes,One year,No,Mailed check,51.8,46.76,No
CUST-05375,Female,0,No,No,7,Yes,Yes,Fiber optic,No,No,No,Yes,No,No,One year,Yes,Electronic check,55.48,337.5,No
CUST-05376,Male,0,No,Yes,48,No,No phone service,No,No internet service,No internet service,No internet service,No internet service,No internet service,No internet service,One year,Yes,Bank transfer (automatic),66.87,3510.96,No
CUST-05377,Male,1,No,No,16,No,No phone service,DSL,No,No,No,Yes,Yes,No,One year,No,Electronic check,78.41,1397.21,No
CUST-05378,Male,0,Yes,No,48,Yes,No,Fiber optic,No,Yes,Yes,No,Yes,Yes,One year,No,Credit card (automatic),114.58,6249.94,No
CUST-05379,Male,0,Yes,Yes,43,Yes,Yes,Fiber optic,No,Yes,No,No,No,No,Month-to-month,No,Electronic check,85.8,3822.85,No
CUST-05380,Female,0,Yes,No,51,Yes,Yes,DSL,No,Yes,Yes,No,No,No,Month-to-month,Yes,Bank transfer (automatic),49.38,2186.83,Yes
CUST-05381,Male,0,Yes,No,66,Yes,No,DSL,No,No,No,No,No,No,Month-to-month,Yes,Electronic check,87.22,5589.92,No
CUST-05382,Female,0,Yes,Yes,31,Yes,No,Fiber optic,Yes,Yes,Yes,Yes,No,Yes,Month-to-month,Yes,Bank transfer (automatic),36.07,1009.76,No
CUST-05383,Female,0,Yes,No,39,Yes,No,Fiber optic,No,No,No,No,No,No,Month-to-month,Yes,Electronic check,70.7,2976.88,Yes
CUST-05384,Female,0,No,No,9,Yes,No,DSL,Yes,No,No,Yes,Yes,Yes,Month-to-month,Yes,Electronic check,68.87,691.7,No
CUST-05385,Female,1,No,Yes,41,Yes,No,DSL,No,No,No,No,No,Yes,Month-to-month,Yes,Electronic check,31.59,1170.43,Yes
CUST-05386,Male,0,Yes,No,63,Yes,No,No,No internet service,No internet service,No internet service,No internet service,No internet service,No internet service,One year,Yes,Electronic check,69.96,3784.02,No
CUST-05387,Male,0,Yes,No,14,No,No phone service,No,No internet service,No internet service,No internet service,No internet service,No internet service,No internet service,Two year,Yes,Electronic check,90.21,1339.7,No
CUST-05388,Male,0,Yes,Yes,58,Yes,Yes,Fiber optic,No,Yes,No,No,No,No,One year,Yes,Electronic check,67.84,3675.48,No
CUST-05389,Female,0,Yes,Yes,64,Yes,Yes,DSL,Yes,No,No,No,No,No,Month-to-month,Yes,Electronic check,58.49,3774.97,Yes
CUST-05390,Female,0,Yes,No,28,Yes,No,DSL,No,No,No,Yes,Yes,Yes,Two year,No,Mailed check,84.6,2657.21,No
CUST-05391,Female,0,No,No,4,Yes,No,DSL,No,Yes,No,No,No,No,One year,No,Electronic check,67.65,273.89,No
CUST-05392,Female,0,Yes,Yes,34,Yes,No,Fiber optic,No,No,No,No,Yes,No,Month-to-month,No,Electronic check,52.13,1516.3,No
CUST-05393,Female,0,Yes,Yes,4,Yes,No,Fiber optic,No,No,No,No,No,No,One year,Yes,Electronic check,63.07,268.22,No
CUST-05394,Male,0,Yes,No,70,Yes,Yes,DSL,No,No,Yes,No,No,No,One year,No,Credit card (automatic),26.09,2082.5,No
CUST-05395,Female,0,No,No,58,Yes,Yes,DSL,Yes,No,No,No,No,No,Two year,No,Electronic check,99.87,6491.71,No
CUST-05396,Male,1,No,No,4,No,No phone service,Fiber optic,No,Yes,No,No,Yes,No,Month-to-month,Yes,Mailed check,52.74,241.65,No
CUST-05397,Female,0,No,No,50,Yes,Yes,Fiber optic,No,Yes,Yes,Yes,No,No,Two year,Yes,Electronic check,80.43,3529.09,No
CUST-05398,Female,0,Yes,No,5,Yes,No,Fiber optic,No,No,No,No,No,Yes,Two year,Yes,Mailed check,74.18,420.7,No
CUST-05399,Male,0,Yes,No,45,Yes,No,Fiber optic,Yes,No,No,No,No,No,Month-to-month,Yes,Credit card (automatic),37.13,1868.05,No
CUST-05400,Male,1,Yes,No,35,Yes,Yes,Fiber optic,Yes,Yes,No,No,No,No,Two year,No,Mailed check,53.78,1728.7,No
CUST-05401,Female,0,Yes,Yes,27,Yes,Yes,Fiber optic,No,No,No,No,No,No,One year,Yes,Electronic check,115.26,2726.72,Yes
CUST-05402,Female,0,No,No,2,Yes,No,DSL,No,Yes,No,No,Yes,No,One year,Yes,Mailed check,92.2,208.72,No
CUST-05403,Female,0,Yes,No,54,Yes,Yes,DSL,No,No,Yes,No,No,Yes,Two year,No,Mailed check,59.58,2977.27,No
CUST-05404,Female,0,Yes,Yes,72,Yes,No,DSL,Yes,No,No,No,Yes,No,Month-to-month,Yes,Credit card (automatic),108.11,8077.83,No
CUST-05405,Male,0,No,Yes,48,Yes,No,No,No internet service,No internet service,No internet service,No internet service,No internet service,No internet service,Month-to-month,No,Credit card (automatic),77.17,3488.8,No
CUST-05406,Female,0,Yes,No,49,Yes,Yes,DSL,Yes,Yes,Yes,No,No,No,Month-to-month,Yes,Credit card (automatic),103.32,4974.65,No
CUST-05407,Male,1,No,No,1,Yes,No,DSL,No,Yes,No,No,Yes,No,Month-to-month,Yes,Electronic check,71.08,73.39,No
CUST-05408,Female,0,Yes,No,33,Yes,No,DSL,Yes,No,Yes,No,No,No,Month-to-month,Yes,Electronic check,111.86,3296.23,Yes
CUST-05409,Male,0,Yes,No,35,Yes,No,DSL,No,Yes,Yes,No,No,Yes,Month-to-month,No,Electronic check,102.25,3318.68,Yes
CUST-05410,Male,0,Yes,Yes,54,Yes,No,No,No internet service,No internet service,No internet service,No internet service,No internet service,No internet service,Month-to-month,Yes,Mailed check,26.29,1302.56,No
CUST-05411,Female,0,No,No,56,Yes,Yes,DSL,No,No,Yes,Yes,Yes,No,Month-to-month,Yes,Electronic check,86.89,5462.51,Yes
CUST-05412,Male,0,Yes,Yes,15,Yes,No,Fiber optic,No,Yes,No,No,No,No,Two year,No,Bank transfer (automatic),63.04,829.96,No
CUST-05413,Female,0,Yes,Yes,69,Yes,Yes,Fiber optic,Yes,No,No,No,Yes,No,One year,Yes,Credit card (automatic),33.4,2646.81,No
CUST-05414,Male,0,Yes,Yes,4,Yes,No,DSL,No,No,Yes,Yes,No,No,Month-to-month,Yes,Mailed check,98.75,403.83,No
CUST-05415,Female,0,No,No,64,Yes,Yes,No,No internet service,No internet service,No internet service,No internet service,No internet service,No internet service,Month-to-month,Yes,Bank transfer (automatic),67.52,4600.6,No
CUST-05416,Male,0,No,Yes,22,Yes,Yes,DSL,No,No,Yes,No,Yes,No,Month-to-month,Yes,Electronic check,38.57,906.11,Yes
CUST-05417,Female,0,Yes,No,24,Yes,No,DSL,No,No,Yes,No,No,Yes,Month-to-month,Yes,Credit card (automatic),50.91,1374.21,No
CUST-05418,Female,0,Yes,Yes,47,Yes,Yes,DSL,No,No,No,No,No,Yes,Two year,Yes,Credit card (automatic),35.13,1489.44,No
CUST-05419,Male,0,No,No,6,Yes,No,DSL,No,No,No,No,Yes,No,Month-to-month,Yes,Credit card (automatic),79.86,546.76,Yes
CUST-05420,Male,1,No,No,27,Yes,No,Fiber optic,No,No,No,No,No,Yes,Month-to-month,No,Credit card (automatic),82.1,2122.76,Yes
CUST-05421,Male,0,No,No,10,Yes,No,Fiber optic,No,No,Yes,Yes,No,No,Two year,Yes,Electronic check,47.85,468.39,Yes
CUST-05422,Male,0,Yes,No,39,Yes,No,Fiber optic,Yes,Yes,No,No,No,No,Two year,Yes,Mailed check,46.15,1650.89,No
CUST-05423,Female,0,Yes,No,37,Yes,Yes,DSL,Yes,No,No,No,No,No,Month-to-month,Yes,Electronic check,29.4,1028.92,Yes
CUST-05424,Male,0,No,No,54,Yes,No,Fiber optic,No,Yes,No,No,Yes,Yes,Month-to-month,Yes,Credit card (automatic),116.27,5569.35,No
CUST-05425,Female,0,No,No,51,Yes,No,DSL,No,No,Yes,Yes,Yes,No,Month-to-month,No,Credit card (automatic),49.84,2612.31,No
CUST-05426,Male,0,No,No,60,Yes,Yes,No,No internet service,No internet service,No internet service,No internet service,No internet service,No internet service,Two year,Yes,Bank transfer (automatic),78.45,5372.96,No
CUST-05427,Female,1,Yes,Yes,72,No,No phone service,No,No internet service,No internet service,No internet service,No internet service,No internet service,No internet service,One year,Yes,Electronic check,37.24,3000.97,No
CUST-05428,Female,0,No,No,51,Yes,No,DSL,No,Yes,No,No,No,No,Two year,Yes,Electronic check,90.64,4590.23,No
CUST-05429,Female,0,No,No,62,Yes,Yes,Fiber optic,No,No,No,No,No,Yes,Month-to-month,No,Credit card (automatic),84.61,5143.28,No
CUST-05430,Female,0,No,No,49,Yes,No,No,No internet service,No internet service,No internet service,No internet service,No internet service,No internet service,Two year,No,Mailed check,30.64,1526.94,No
CUST-05431,Male,0,Yes,No,51,Yes,Yes,DSL,No,No,Yes,No,Yes,No,Month-to-month,No,Bank transfer (automatic),20.06,1050.25,No
CUST-05432,Male,0,No,No,28,Yes,No,DSL,No,Yes,No,Yes,No,Yes,Month-to-month,Yes,Credit card (automatic),20.45,611.84,No
CUST-05433,Female,0,No,No,36,Yes,Yes,Fiber optic,No,No,Yes,Yes,Yes,Yes,Month-to-month,Yes,Bank transfer (automatic),47.29,1462.48,No
CUST-05434,Male,1,No,Yes,25,Yes,No,DSL,No,No,Yes,Yes,No,Yes,One year,Yes,Credit card (automatic),59.57,1350.87,No
CUST-05435,Male,0,No,Yes,36,Yes,Yes,No,No internet service,No internet service,No internet service,No internet service,No internet service,No internet service,Month-to-month,No,Bank transfer (automatic),118.63,3686.2,Yes
CUST-05436,Female,0,No,No,60,Yes,No,No,No internet service,No internet service,No internet service,No internet service,No internet service,No internet service,Month-to-month,No,Mailed check,114.74,7383.08,No
CUST-05437,Male,0,No,Yes,7,Yes,Yes,No,No internet service,No internet service,No internet service,No internet service,No internet service,No internet service,One year,Yes,Bank transfer (automatic),34.14,232.9,No
CUST-05438,Male,0,Yes,Yes,65,Yes,No,DSL,No,Yes,Yes,Yes,Yes,No,Month-to-month,Yes,Mailed check,84.18,4674.04,No
CUST-05439,Male,0,No,No,36,Yes,Yes,DSL,No,No,Yes,No,Yes,Yes,Two year,No,Bank transfer (automatic),41.18,1638.19,No
CUST-05440,Female,0,No,No,30,Yes,No,Fiber optic,No,No,No,Yes,No,Yes,Month-to-month,Yes,Credit card (automatic),20.91,573.22,No
CUST-05441,Male,0,Yes,No,47,Yes,No,No,No internet service,No internet service,No internet service,No internet service,No internet service,No internet service,Two year,No,Credit card (automatic),81.91,3470.09,No
CUST-05442,Female,0,Yes,No,29,Yes,Yes,Fiber optic,No,No,Yes,No,No,Yes,Two year,Yes,Mailed check,36.17,971.84,No
CUST-05443,Male,1,Yes,No,5,Yes,Yes,No,No internet service,No internet service,No internet service,No internet service,No internet service,No internet service,Month-to-month,No,Credit card (automatic),49.44,250.46,No
CUST-05444,Male,0,No,Yes,65,Yes,No,No,No internet service,No internet service,No internet service,No internet service,No internet service,No internet service,Month-to-month,No,Electronic check,42.95,2802.19,No
CUST-05445,Male,0,Yes,Yes,69,Yes,Yes,Fiber optic,No,No,No,No,Yes,Yes,Two year,Yes,Mailed check,39.43,2813.25,No
CUST-05446,Female,0,No,Yes,63,Yes,No,DSL,Yes,Yes,No,No,No,No,One year,No,Mailed check,21.52,1484.46,No
CUST-05447,Female,0,No,Yes,56,Yes,No,DSL,No,No,Yes,Yes,Yes,No,Two year,No,Electronic check,95.71,4784.75,No
CUST-05448,Male,0,No,No,17,Yes,Yes,Fiber optic,No,No,No,No,No,No,Month-to-month,Yes,Credit card (automatic),44.08,753.86,Yes
CUST-05449,Female,0,Yes,No,51,Yes,No,No,No internet service,No internet service,No internet service,No internet service,No internet service,No internet service,Month-to-month,Yes,Credit card (automatic),116.73,6722.08,Yes
CUST-05450,Male,0,Yes,No,37,Yes,Yes,Fiber optic,No,No,No,No,No,Yes,Month-to-month,Yes,Electronic check,117.56,3889.86,Yes
CUST-05451,Female,0,Yes,No,9,Yes,No,No,No internet service,No internet service,No internet service,No internet service,No internet service,No internet service,Month-to-month,Yes,Mailed check,105.76,1030.9,Yes
CUST-05452,Female,0,Yes,No,38,Yes,No,Fiber optic,No,No,Yes,No,Yes,No,Month-to-month,Yes,Electronic check,109.06,4634.43,No
CUST-05453,Male,0,No,No,53,No,No phone service,DSL,No,Yes,No,No,Yes,Yes,Two year,No,Electronic check,22.41,1026.5,No
CUST-05454,Male,0,No,Yes,13,Yes,Yes,No,No internet service,No internet service,No internet service,No internet service,No internet service,No internet service,Two year,Yes,Electronic check,87.3,1085.5,No
CUST-05455,Male,0,Yes,No,53,Yes,Yes,Fiber optic,No,No,No,No,No,No,Two year,No,Mailed check,28.63,1313.5,No
CUST-05456,Male,0,No,No,49,Yes,No,DSL,No,No,No,No,No,Yes,One year,Yes,Bank transfer (automatic),62.07,3421.16,No
CUST-05457,Female,0,Yes,Yes,70,Yes,Yes,No,No internet service,No internet service,No internet service,No internet service,No internet service,No internet service,Month-to-month,No,Mailed check,64.92,4320.5,No
CUST-05458,Female,0,Yes,No,35,Yes,Yes,Fiber optic,No,No,No,No,No,No,Month-to-month,Yes,Mailed check,22.5,688.87,No
CUST-05459,Female,0,No,No,16,Yes,Yes,Fiber optic,No,No,No,Yes,No,No,Month-to-month,No,Mailed check,57.28,802.39,No
CUST-05460,Male,0,Yes,Yes,13,Yes,No,DSL,No,No,No,No,No,No,Two year,Yes,Bank transfer (automatic),46.66,639.57,No
CUST-05461,Male,0,No,No,11,Yes,Yes,Fiber optic,No,No,Yes,Yes,Yes,Yes,Two year,No,Electronic check,77.59,980.11,No
CUST-05462,Female,0,No,Yes,2,No,No phone service,Fiber optic,Yes,No,Yes,Yes,Yes,No,One year,Yes,Credit card (automatic),63.24,130.17,No
CUST-05463,Male,0,No,No,19,Yes,Yes,DSL,No,No,Yes,No,No,Yes,Two year,No,Mailed check,80.68,1304.49,Yes
CUST-05464,Female,0,Yes,No,45,Yes,No,DSL,No,No,Yes,No,No,Yes,Two year,No,Electronic check,18.46,779.92,No
CUST-05465,Female,0,Yes,Yes,46,Yes,Yes,DSL,No,Yes,Yes,No,Yes,No,Month-to-month,Yes,Electronic check,96.01,3875.6,No
CUST-05466,Female,0,Yes,Yes,47,Yes,Yes,Fiber optic,Yes,Yes,Yes,No,No,Yes,Month-to-month,No,Bank transfer (automatic),69.51,3026.93,No
CUST-05467,Female,0,No,No,49,Yes,No,No,No internet service,No internet service,No internet service,No internet service,No internet service,No internet service,Month-to-month,Yes,Mailed check,34.89,1834.14,No
CUST-05468,Female,0,Yes,No,42,Yes,Yes,Fiber optic,Yes,No,Yes,No,No,No,Month-to-month,Yes,Electronic check,58.52,2383.67,No
CUST-05469,Male,0,Yes,No,33,No,No phone service,DSL,No,Yes,No,No,Yes,No,Month-to-month,Yes,Credit card (automatic),52.59,1603.08,Yes
CUST-05470,Male,0,No,No,41,Yes,No,DSL,Yes,No,No,No,No,No,One year,No,Bank transfer (automatic),104.44,4139.76,No
CUST-05471,Male,0,No,No,69,Yes,Yes,DSL,No,Yes,No,No,Yes,No,One year,Yes,Electronic check,101.51,6720.0,No
CUST-05472,Female,0,No,Yes,19,Yes,Yes,Fiber optic,No,No,No,No,No,No,Two year,No,Electronic check,34.28,598.37,No
CUST-05473,Female,0,No,No,39,Yes,Yes,No,No internet service,No internet service,No internet service,No internet service,No internet service,No internet service,Month-to-month,Yes,Electronic check,103.39,3564.86,No
CUST-05474,Female,0,Yes,No,7,Yes,No,DSL,No,Yes,Yes,No,Yes,Yes,Month-to-month,No,Electronic check,79.44,608.07,No
CUST-05475,Female,1,Yes,No,39,Yes,Yes,Fiber optic,Yes,No,Yes,Yes,Yes,No,One year,Yes,Credit card (automatic),43.38,1775.49,No
CUST-05476,Male,0,Yes,Yes,34,Yes,Yes,DSL,Yes,No,No,Yes,No,No,One year,Yes,Credit card (automatic),111.87,3542.27,No
CUST-05477,Male,0,Yes,Yes,44,Yes,Yes,DSL,No,No,No,Yes,No,No,Month-to-month,Yes,Mailed check,55.57,2126.74,No
CUST-05478,Female,0,No,No,69,Yes,No,DSL,No,No,No,No,No,Yes,Two year,No,Electronic check,97.96,7185.95,No
CUST-05479,Female,0,Yes,Yes,68,Yes,No,Fiber optic,No,No,No,No,Yes,No,Month-to-month,Yes,Mailed check,85.64,5316.91,Yes
CUST-05480,Female,0,No,No,63,Yes,No,DSL,Yes,Yes,Yes,Yes,No,No,Month-to-month,Yes,Mailed check,98.23,6466.98,No
CUST-05481,Male,0,Yes,No,71,Yes,No,DSL,No,Yes,Yes,Yes,Yes,No,One year,No,Electronic check,27.73,1927.49,No
CUST-05482,Male,0,Yes,Yes,48,Yes,No,Fiber optic,No,No,No,No,No,No,One year,Yes,Electronic check,39.21,1773.24,No
CUST-05483,Male,1,No,No,3,No,No phone service,Fiber optic,No,No,Yes,No,No,No,One year,No,Electronic check,90.01,248.37,Yes
CUST-05484,Female,0,Yes,No,34,Yes,No,DSL,Yes,Yes,Yes,No,No,Yes,Month-to-month,No,Credit card (automatic),33.04,1032.2,No
CUST-05485,Female,0,No,Yes,9,Yes,Yes,DSL,No,Yes,No,No,Yes,Yes,Month-to-month,Yes,Credit card (automatic),93.71,742.72,Yes
CUST-05486,Male,0,No,No,61,Yes,Yes,Fiber optic,No,No,No,No,No,No,Two year,No,Electronic check,49.1,3390.8,No
CUST-05487,Female,0,No,Yes,20,Yes,No,Fiber optic,No,Yes,Yes,Yes,No,Yes,Two year,No,Bank transfer (automatic),78.85,1492.12,No
CUST-05488,Male,0,Yes,Yes,40,Yes,Yes,Fiber optic,Yes,No,No,No,No,No,Month-to-month,No,Electronic check,55.01,2510.95,No
CUST-05489,Female,0,No,Yes,12,Yes,No,DSL,No,Yes,No,Yes,No,No,Two year,No,Electronic check,78.54,900.07,No
CUST-05490,Male,1,Yes,No,28,Yes,No,DSL,No,Yes,No,No,No,Yes,Two year,No,Bank transfer (automatic),80.59,2590.02,No
CUST-05491,Female,0,No,No,48,Yes,Yes,Fiber optic,No,Yes,No,No,Yes,Yes,Two year,No,Bank transfer (automatic),61.88,2963.74,No
CUST-05492,Male,0,Yes,No,7,Yes,No,Fiber optic,Yes,Yes,Yes,Yes,No,Yes,One year,Yes,Bank transfer (automatic),111.67,676.41,No
CUST-05493,Male,1,Yes,Yes,14,Yes,No,Fiber optic,No,No,Yes,No,Yes,Yes,Month-to-month,Yes,Mailed check,115.94,1553.66,Yes
CUST-05494,Male,0,No,No,19,No,No phone service,Fiber optic,No,No,No,No,No,Yes,Month-to-month,Yes,Electronic check,109.28,2288.06,Yes
CUST-05495,Male,0,Yes,No,54,Yes,No,Fiber optic,No,No,No,No,No,No,Month-to-month,No,Mailed check,92.12,4501.85,No
CUST-05496,Male,0,No,No,60,Yes,No,Fiber optic,No,No,No,No,No,No,Month-to-month,Yes,Electronic check,30.66,1843.58,No
CUST-05497,Male,0,Yes,Yes,67,No,No phone service,Fiber optic,No,No,No,No,Yes,No,Two year,No,Electronic check,111.45,8259.44,No
CUST-05498,Female,0,No,Yes,34,Yes,No,Fiber optic,No,Yes,Yes,No,No,Yes,Month-to-month,Yes,Electronic check,82.24,3115.33,Yes
CUST-05499,Female,0,No,No,41,Yes,No,DSL,No,Yes,Yes,No,Yes,No,Month-to-month,No,Electronic check,28.07,1081.01,No
CUST-05500,Female,0,Yes,Yes,31,Yes,No,No,No internet service,No internet service,No internet service,No internet service,No internet service,No internet service,One year,Yes,Electronic check,84.81,2237.61,No
CUST-05501,Male,0,No,Yes,39,Yes,No,DSL,No,Yes,No,No,No,No,Two year,Yes,Electronic check,53.94,2096.19,No
CUST-05502,Male,0,No,No,52,Yes,Yes,No,No internet service,No internet service,No internet service,No internet service,No internet service,No internet service,Month-to-month,Yes,Mailed check,109.16,6171.11,No
CUST-05503,Female,0,No,No,47,No,No phone service,Fiber optic,No,No,No,Yes,No,No,Month-to-month,Yes,Credit card (automatic),90.05,3877.72,No
CUST-05504,Male,1,Yes,No,20,Yes,No,Fiber optic,No,No,Yes,No,No,No,Month-to-month,Yes,Credit card (automatic),79.79,1431.07,Yes
CUST-05505,Male,0,No,Yes,52,Yes,No,DSL,No,No,No,No,Yes,No,Month-to-month,Yes,Mailed check,41.19,2076.59,No
CUST-05506,Male,0,Yes,No,71,Yes,No,Fiber optic,No,No,No,No,Yes,No,Two year,No,Bank transfer (automatic),103.65,6901.98,No
CUST-05507,Male,0,Yes,No,62,Yes,Yes,No,No internet service,No internet service,No internet service,No internet service,No internet service,No internet service,Month-to-month,Yes,Electronic check,110.93,6355.56,Yes
CUST-05508,Male,0,Yes,No,5,Yes,No,DSL,No,No,No,Yes,No,No,Month-to-month,Yes,Mailed check,81.66,450.9,Yes
CUST-05509,Female,0,No,Yes,57,Yes,Yes,Fiber optic,Yes,Yes,No,No,No,Yes,Month-to-month,Yes,Credit card (automatic),108.53,5520.9,No
CUST-05510,Female,0,No,No,4,No,No phone service,Fiber optic,No,No,No,No,Yes,No,Month-to-month,Yes,Electronic check,36.83,128.42,Yes
CUST-05511,Female,0,Yes,No,11,No,No phone service,DSL,No,Yes,No,Yes,No,No,Month-to-month,Yes,Bank transfer (automatic),66.86,655.87,Yes
CUST-05512,Female,0,No,No,19,Yes,Yes,Fiber optic,No,Yes,No,Yes,No,No,Two year,Yes,Mailed check,31.27,593.11,No
CUST-05513,Female,0,No,No,27,Yes,Yes,No,No internet service,No internet service,No internet service,No internet service,No internet service,No internet service,Month-to-month,No,Electronic check,93.65,2857.73,Yes
CUST-05514,Male,0,Yes,Yes,29,Yes,No,DSL,No,No,No,Yes,Yes,No,Month-to-month,Yes,Electronic check,61.06,1582.68,No
CUST-05515,Male,0,No,Yes,18,Yes,Yes,Fiber optic,No,No,No,No,Yes,No,One year,Yes,Credit card (automatic),109.62,2215.13,Yes
CUST-05516,Male,0,Yes,Yes,37,Yes,Yes,DSL,Yes,No,No,No,Yes,Yes,Month-to-month,No,Electronic check,110.64,4568.36,Yes
CUST-05517,Male,0,Yes,No,61,Yes,No,No,No internet service,No internet service,No internet service,No internet service,No internet service,No internet service,Month-to-month,No,Credit card (automatic),71.2,4257.89,No
CUST-05518,Female,0,Yes,No,47,Yes,Yes,Fiber optic,Yes,No,No,No,No,Yes,One year,No,Mailed check,28.42,1513.06,No
CUST-05519,Female,1,No,No,20,Yes,Yes,No,No internet service,No internet service,No internet service,No internet service,No internet service,No internet service,Month-to-month,Yes,Credit card (automatic),53.41,1042.16,No
CUST-05520,Female,0,No,Yes,70,Yes,No,DSL,Yes,No,Yes,No,No,Yes,Month-to-month,No,Credit card (automatic),109.04,6986.6,Yes
CUST-05521,Male,0,Yes,No,49,Yes,Yes,No,No internet service,No internet service,No internet service,No internet service,No internet service,No internet service,Two year,Yes,Electronic check,71.73,3846.18,No
CUST-05522,Female,0,Yes,Yes,15,Yes,Yes,Fiber optic,No,Yes,No,No,Yes,No,One year,Yes,Credit card (automatic),31.01,469.61,No
CUST-05523,Male,0,No,No,18,Yes,Yes,DSL,No,No,No,No,Yes,No,Two year,Yes,Mailed check,25.15,457.43,No
CUST-05524,Female,0,No,Yes,38,Yes,Yes,Fiber optic,No,No,No,Yes,Yes,No,Month-to-month,Yes,Credit card (automatic),112.72,4403.35,No
CUST-05525,Female,0,No,No,22,Yes,No,Fiber optic,Yes,Yes,No,Yes,No,No,One year,Yes,Credit card (automatic),93.05,1752.23,No
CUST-05526,Male,0,No,No,60,Yes,No,No,No internet service,No internet service,No internet service,No internet service,No internet service,No internet service,Two year,No,Electronic check,77.74,4093.29,No
CUST-05527,Male,0,No,No,66,Yes,Yes,DSL,No,No,No,No,No,Yes,One year,No,Bank transfer (automatic),23.19,1310.04,No
CUST-05528,Female,1,No,No,26,Yes,No,No,No internet service,No internet service,No internet service,No internet service,No internet service,No internet service,Month-to-month,Yes,Electronic check,85.24,2207.53,No
CUST-05529,Female,1,No,Yes,64,Yes,Yes,Fiber optic,No,No,No,No,Yes,Yes,Month-to-month,No,Bank transfer (automatic),112.25,6972.7,Yes
CUST-05530,Male,0,Yes,No,58,Yes,No,Fiber optic,No,No,Yes,No,No,No,Month-to-month,Yes,Mailed check,57.03,3768.67,No
CUST-05531,Female,0,No,No,3,Yes,No,DSL,No,No,No,Yes,Yes,No,Month-to-month,Yes,Electronic check,95.85,306.22,Yes
CUST-05532,Female,0,Yes,No,30,Yes,Yes,Fiber optic,No,No,No,No,No,No,Two year,No,Electronic check,93.8,3017.37,No
CUST-05533,Male,1,Yes,Yes,19,Yes,Yes,No,No internet service,No internet service,No internet service,No internet service,No internet service,No internet service,Month-to-month,Yes,Electronic check,97.44,1730.87,Yes
CUST-05534,Female,0,Yes,No,10,Yes,No,No,No internet service,No internet service,No internet service,No internet service,No internet service,No internet service,Two year,Yes,Credit card (automatic),58.4,608.99,No
CUST-05535,Male,0,No,Yes,46,Yes,No,Fiber optic,No,No,Yes,No,No,No,Month-to-month,No,Bank transfer (automatic),83.05,3396.3,Yes
CUST-05536,Female,1,No,No,19,Yes,No,No,No internet service,No internet service,No internet service,No internet service,No internet service,No internet service,Two year,No,Electronic check,26.72,504.45,No
CUST-05537,Male,0,No,Yes,58,Yes,No,No,No internet service,No internet service,No internet service,No internet service,No internet service,No internet service,Month-to-month,No,Mailed check,41.79,2583.04,No
CUST-05538,Female,0,Yes,No,6,Yes,No,No,No internet service,No internet service,No internet service,No internet service,No internet service,No internet service,One year,Yes,Bank transfer (automatic),50.54,332.73,No
CUST-05539,Male,0,No,No,51,Yes,Yes,Fiber optic,Yes,No,No,No,No,Yes,Two year,No,Credit card (automatic),98.12,5448.97,No
CUST-05540,Female,1,Yes,Yes,14,Yes,No,No,No internet service,No internet service,No internet service,No internet service,No internet service,No internet service,Month-to-month,No,Bank transfer (automatic),85.71,1067.58,No
CUST-05541,Male,0,No,No,58,No,No phone service,DSL,Yes,No,No,No,Yes,No,One year,Yes,Electronic check,60.96,3404.08,No
CUST-05542,Female,0,Yes,No,8,Yes,No,Fiber optic,No,No,No,No,No,Yes,Month-to-month,No,Credit card (automatic),58.51,445.26,Yes
CUST-05543,Female,0,No,Yes,2,Yes,Yes,DSL,Yes,Yes,Yes,No,No,No,Month-to-month,Yes,Mailed check,63.3,128.03,No
CUST-05544,Female,0,No,Yes,18,Yes,Yes,DSL,Yes,Yes,Yes,No,Yes,No,Month-to-month,No,Bank transfer (automatic),72.58,1241.31,No
CUST-05545,Female,0,No,No,57,Yes,No,Fiber optic,Yes,No,No,No,No,Yes,Month-to-month,Yes,Electronic check,73.5,4150.71,No
CUST-05546,Female,0,No,No,35,No,No phone service,No,No internet service,No internet service,No internet service,No internet service,No internet service,No internet service,One year,Yes,Bank transfer (automatic),67.66,2232.52,No
CUST-05547,Female,1,No,No,66,Yes,No,DSL,No,Yes,No,Yes,No,Yes,Month-to-month,Yes,Mailed check,78.03,4787.69,No
CUST-05548,Female,0,Yes,No,56,Yes,No,DSL,No,No,Yes,No,Yes,No,Two year,No,Electronic check,41.42,2085.9,No
CUST-05549,Female,1,No,No,43,Yes,No,DSL,No,Yes,No,No,No,No,Month-to-month,Yes,Credit card (automatic),76.36,3147.02,No
CUST-05550,Female,0,Yes,Yes,72,Yes,Yes,Fiber optic,Yes,No,No,No,No,No,Month-to-month,No,Bank transfer (automatic),116.68,7775.53,No
CUST-05551,Male,0,Yes,No,8,Yes,No,DSL,No,Yes,No,No,Yes,Yes,Month-to-month,Yes,Electronic check,55.57,418.18,Yes
CUST-05552,Male,0,Yes,No,5,Yes,No,DSL,No,No,No,Yes,Yes,No,Month-to-month,No,Bank transfer (automatic),25.57,121.68,Yes
CUST-05553,Female,0,No,No,13,Yes,Yes,DSL,Yes,No,No,Yes,Yes,Yes,One year,Yes,Credit card (automatic),105.56,1205.93,No
CUST-05554,Male,0,Yes,No,7,Yes,Yes,DSL,No,No,No,No,Yes,Yes,One year,Yes,Mailed check,88.59,553.97,No
CUST-05555,Female,0,Yes,No,21,Yes,Yes,Fiber optic,Yes,Yes,No,Yes,Yes,No,One year,Yes,Mailed check,109.07,2086.27,No
CUST-05556,Female,0,No,Yes,37,Yes,No,DSL,Yes,No,No,No,No,No,Two year,Yes,Bank transfer (automatic),104.63,3951.06,No
CUST-05557,Male,0,No,No,45,Yes,No,Fiber optic,No,No,No,No,No,Yes,Month-to-month,Yes,Mailed check,100.96,4440.66,Yes
CUST-05558,Female,1,Yes,No,52,Yes,No,Fiber optic,Yes,Yes,No,No,No,No,Month-to-month,No,Mailed check,19.28,857.43,Yes
CUST-05559,Female,0,No,No,48,Yes,No,DSL,Yes,Yes,No,No,No,No,Month-to-month,Yes,Mailed check,101.64,5564.55,No
CUST-05560,Male,0,Yes,Yes,62,Yes,Yes,Fiber optic,No,No,No,No,Yes,No,One year,Yes,Electronic check,40.71,2426.68,No
CUST-05561,Male,0,No,No,51,Yes,No,DSL,No,No,No,No,Yes,Yes,Two year,No,Electronic check,27.1,1363.52,No
CUST-05562,Female,0,No,No,4,Yes,No,No,No internet service,No internet service,No internet service,No internet service,No internet service,No internet service,Two year,Yes,Mailed check,41.84,153.57,No
CUST-05563,Male,0,No,Yes,56,Yes,No,No,No internet service,No internet service,No internet service,No internet service,No internet service,No internet service,Two year,Yes,Electronic check,103.1,5579.22,No
CUST-05564,Male,0,No,Yes,34,Yes,Yes,Fiber optic,Yes,No,Yes,Yes,No,No,One year,No,Bank transfer (automatic),102.45,3387.09,No
CUST-05565,Female,0,Yes,No,45,No,No phone service,Fiber optic,Yes,No,No,No,No,Yes,One year,No,Credit card (automatic),58.46,2549.41,No
CUST-05566,Male,1,Yes,Yes,16,Yes,Yes,Fiber optic,No,No,No,No,Yes,No,Month-to-month,No,Mailed check,80.28,1118.82,Yes
CUST-05567,Male,0,No,No,9,Yes,Yes,Fiber optic,No,No,Yes,Yes,No,Yes,One year,Yes,Credit card (automatic),85.99,859.6,No
CUST-05568,Female,0,Yes,No,16,Yes,No,DSL,No,No,No,No,Yes,Yes,Month-to-month,Yes,Credit card (automatic),81.95,1124.54,No
CUST-05569,Male,0,No,No,31,Yes,No,Fiber optic,No,No,Yes,No,Yes,No,Month-to-month,No,Bank transfer (automatic),77.39,2516.32,Yes
CUST-05570,Male,0,Yes,No,13,Yes,No,Fiber optic,No,Yes,No,Yes,Yes,Yes,Month-to-month,No,Bank transfer (automatic),102.14,1202.87,Yes
CUST-05571,Female,0,Yes,No,5,Yes,No,DSL,No,No,Yes,No,Yes,No,Month-to-month,No,Bank transfer (automatic),54.64,310.98,Yes
CUST-05572,Female,0,No,No,47,Yes,No,Fiber optic,No,No,No,Yes,No,Yes,Month-to-month,Yes,Electronic check,52.94,2322.21,No
CUST-05573,Female,1,Yes,No,39,Yes,Yes,Fiber optic,No,No,Yes,No,No,No,Two year,Yes,Bank transfer (automatic),53.65,1981.34,No
CUST-05574,Male,0,Yes,No,18,No,No phone service,Fiber optic,No,Yes,Yes,Yes,Yes,No,Two year,No,Mailed check,44.54,811.89,No
CUST-05575,Female,0,Yes,No,20,Yes,Yes,Fiber optic,Yes,No,No,No,No,Yes,One year,No,Electronic check,110.55,2262.57,No
CUST-05576,Female,1,No,No,2,Yes,Yes,No,No internet service,No internet service,No internet service,No internet service,No internet service,No internet service,Two year,Yes,Bank transfer (automatic),39.51,80.11,No
CUST-05577,Male,0,Yes,No,40,Yes,Yes,DSL,No,Yes,No,No,No,Yes,Month-to-month,Yes,Credit card (automatic),90.15,3243.26,No
CUST-05578,Female,0,Yes,No,30,Yes,No,DSL,No,No,No,No,Yes,Yes,Two year,Yes,Electronic check,87.55,2548.62,No
CUST-05579,Female,0,Yes,No,10,No,No phone service,Fiber optic,Yes,No,No,No,Yes,No,Two year,Yes,Electronic check,93.73,861.93,No
CUST-05580,Female,0,Yes,No,64,Yes,Yes,DSL,No,Yes,No,No,Yes,No,Month-to-month,Yes,Mailed check,84.38,4717.86,No
CUST-05581,Female,0,Yes,No,42,Yes,No,Fiber optic,No,No,No,No,Yes,No,Month-to-month,Yes,Electronic check,24.4,946.85,No
CUST-05582,Male,0,No,No,53,Yes,Yes,Fiber optic,Yes,No,Yes,No,No,No,One year,No,Electronic check,40.3,2212.85,No
CUST-05583,Female,0,No,No,53,Yes,Yes,Fiber optic,No,Yes,Yes,No,No,Yes,Month-to-month,No,Mailed check,114.39,5854.46,No
CUST-05584,Female,0,Yes,Yes,40,No,No phone service,DSL,Yes,No,No,Yes,Yes,Yes,Month-to-month,Yes,Mailed check,39.04,1750.62,No
CUST-05585,Male,1,No,No,16,Yes,No,DSL,No,No,No,Yes,No,Yes,Two year,Yes,Bank transfer (automatic),51.83,859.53,No
CUST-05586,Female,0,No,No,48,Yes,No,No,No internet service,No internet service,No internet service,No internet service,No internet service,No internet service,Month-to-month,No,Mailed check,114.08,5260.32,Yes
CUST-05587,Male,0,Yes,Yes,61,Yes,Yes,Fiber optic,No,Yes,Yes,No,No,Yes,One year,No,Electronic check,111.41,7729.53,Yes
CUST-05588,Male,0,Yes,No,38,Yes,No,DSL,Yes,Yes,No,No,Yes,No,Month-to-month,Yes,Electronic check,45.85,1937.43,No
CUST-05589,Male,0,No,Yes,44,Yes,No,No,No internet service,No internet service,No internet service,No internet service,No internet service,No internet service,Month-to-month,Yes,Mailed check,73.07,3150.22,Yes
CUST-05590,Female,0,No,No,15,Yes,Yes,DSL,Yes,Yes,No,No,Yes,No,Two year,Yes,Bank transfer (automatic),37.55,611.58,No
CUST-05591,Male,0,Yes,No,61,No,No phone service,No,No internet service,No internet service,No internet service,No internet service,No internet service,No internet service,Month-to-month,No,Bank transfer (automatic),74.64,4785.84,No
CUST-05592,Male,0,Yes,Yes,7,Yes,No,No,No internet service,No internet service,No internet service,No internet service,No internet service,No internet service,Month-to-month,Yes,Mailed check,38.73,269.4,No
CUST-05593,Male,0,Yes,Yes,30,Yes,Yes,No,No internet service,No internet service,No internet service,No internet service,No internet service,No internet service,One year,Yes,Electronic check,81.55,2519.55,No
CUST-05594,Female,0,Yes,No,36,Yes,Yes,Fiber optic,No,No,Yes,No,Yes,Yes,Month-to-month,Yes,Mailed check,29.41,1079.64,No
CUST-05595,Female,0,No,Yes,11,Yes,No,Fiber optic,No,No,No,No,No,Yes,Month-to-month,No,Bank transfer (automatic),54.7,553.25,Yes
CUST-05596,Female,0,No,Yes,70,Yes,Yes,DSL,No,No,No,No,No,Yes,One year,Yes,Credit card (automatic),96.36,6139.45,No
CUST-05597,Female,0,No,Yes,29,No,No phone service,Fiber optic,No,No,No,No,Yes,No,One year,Yes,Electronic check,68.32,2069.24,No
CUST-05598,Female,0,Yes,Yes,6,Yes,No,Fiber optic,No,No,No,No,No,No,One year,No,Bank transfer (automatic),113.92,654.42,Yes
CUST-05599,Female,0,Yes,Yes,51,Yes,Yes,DSL,No,No,Yes,No,No,Yes,One year,No,Bank transfer (automatic),57.05,2514.27,No
CUST-05600,Female,0,Yes,No,38,Yes,No,Fiber optic,Yes,No,No,No,Yes,Yes,Two year,Yes,Electronic check,108.75,4452.13,No
CUST-05601,Male,0,No,No,22,Yes,Yes,No,No internet service,No internet service,No internet service,No internet service,No internet service,No internet service,Month-to-month,No,Mailed check,96.88,1990.95,Yes
CUST-05602,Male,1,No,Yes,54,Yes,Yes,Fiber optic,No,No,No,No,No,Yes,Month-to-month,Yes,Bank transfer (automatic),94.26,5646.11,No
CUST-05603,Male,1,Yes,Yes,40,No,No phone service,DSL,No,No,Yes,No,No,No,Two year,No,Credit card (automatic),65.94,2290.43,No
CUST-05604,Male,1,Yes,No,7,Yes,No,DSL,No,No,No,No,No,No,One year,No,Bank transfer (automatic),68.66,486.82,No
CUST-05605,Female,0,No,Yes,40,Yes,No,Fiber optic,No,Yes,No,Yes,No,No,Two year,Yes,Credit card (automatic),48.84,1771.74,No
CUST-05606,Male,0,No,No,24,Yes,No,Fiber optic,No,No,No,No,No,Yes,Month-to-month,No,Credit card (automatic),109.73,2575.53,No
CUST-05607,Male,0,Yes,Yes,41,Yes,No,DSL,No,No,No,No,No,No,Month-to-month,No,Mailed check,40.54,1599.35,No
CUST-05608,Male,1,Yes,Yes,51,Yes,No,Fiber optic,No,No,No,No,Yes,No,Month-to-month,No,Credit card (automatic),58.67,2960.04,No
CUST-05609,Male,0,Yes,Yes,39,Yes,No,Fiber optic,No,No,Yes,No,Yes,Yes,Month-to-month,No,Electronic check,75.12,3013.37,Yes
CUST-05610,Female,0,No,Yes,43,Yes,Yes,Fiber optic,No,No,No,No,Yes,No,Month-to-month,Yes,Bank transfer (automatic),44.73,1900.92,No
CUST-05611,Female,0,No,No,69,Yes,No,No,No internet service,No internet service,No internet service,No internet service,No internet service,No internet service,One year,Yes,Electronic check,45.07,3253.26,No
CUST-05612,Female,0,No,Yes,59,Yes,No,Fiber optic,No,No,No,No,No,Yes,Two year,Yes,Credit card (automatic),55.35,2988.24,Yes
CUST-05613,Male,0,No,No,25,Yes,Yes,DSL,No,Yes,Yes,Yes,No,No,Month-to-month,Yes,Bank transfer (automatic),98.46,2428.37,No
CUST-05614,Female,0,No,No,25,Yes,Yes,No,No internet service,No internet service,No internet service,No internet service,No internet service,No internet service,Month-to-month,No,Bank transfer (automatic),30.36,659.35,No
CUST-05615,Male,0,Yes,No,24,Yes,No,DSL,Yes,Yes,Yes,Yes,No,No,One year,Yes,Bank transfer (automatic),81.43,1969.6,No
CUST-05616,Female,0,Yes,Yes,62,No,No phone service,No,No internet service,No internet service,No internet service,No internet service,No internet service,No internet service,Month-to-month,Yes,Mailed check,115.89,7013.57,Yes
CUST-05617,Female,0,Yes,Yes,43,No,No phone service,No,No internet service,No internet service,No internet service,No internet service,No internet service,No internet service,One year,Yes,Mailed check,84.35,3791.23,No
CUST-05618,Female,0,Yes,No,59,Yes,No,No,No internet service,No internet service,No internet service,No internet service,No internet service,No internet service,Two year,Yes,Electronic check,63.56,3396.07,No
CUST-05619,Female,1,No,Yes,54,Yes,No,No,No internet service,No internet service,No internet service,No internet service,No internet service,No internet service,One year,Yes,Credit card (automatic),75.23,3777.8,No
CUST-05620,Female,0,No,No,26,Yes,Yes,DSL,No,No,Yes,No,No,No,Month-to-month,Yes,Electronic check,27.6,757.57,Yes
CUST-05621,Male,0,No,No,54,Yes,Yes,DSL,No,No,Yes,No,No,No,One year,No,Credit card (automatic),60.59,3125.53,No
CUST-05622,Female,0,Yes,No,61,Yes,No,DSL,Yes,No,No,No,No,No,Month-to-month,No,Bank transfer (automatic),30.63,2090.57,No
CUST-05623,Male,0,Yes,Yes,44,Yes,Yes,No,No internet service,No internet service,No internet service,No internet service,No internet service,No internet service,Month-to-month,Yes,Mailed check,48.51,1916.89,No
CUST-05624,Male,0,Yes,No,9,Yes,Yes,DSL,No,No,No,No,No,Yes,Two year,Yes,Bank transfer (automatic),55.19,527.1,No
CUST-05625,Male,0,No,No,42,Yes,Yes,Fiber optic,No,No,No,No,Yes,No,One year,No,Credit card (automatic),101.39,3801.86,No
CUST-05626,Male,0,Yes,No,29,No,No phone service,DSL,Yes,No,No,No,No,No,Two year,Yes,Electronic check,64.76,1796.25,No
CUST-05627,Male,0,Yes,Yes,58,Yes,Yes,Fiber optic,No,Yes,No,Yes,No,Yes,Two year,No,Electronic check,45.7,2355.2,No
CUST-05628,Female,0,Yes,No,63,Yes,Yes,DSL,Yes,Yes,No,No,No,No,Month-to-month,Yes,Credit card (automatic),81.98,5126.06,No
CUST-05629,Female,0,No,No,49,Yes,Yes,Fiber optic,No,No,No,No,No,Yes,Month-to-month,Yes,Mailed check,86.44,4475.43,Yes
CUST-05630,Female,0,No,No,11,No,No phone service,No,No internet service,No internet service,No internet service,No internet service,No internet service,No internet service,Month-to-month,No,Bank transfer (automatic),55.1,555.31,No
CUST-05631,Female,0,No,No,54,No,No phone service,Fiber optic,Yes,No,No,No,No,No,Month-to-month,Yes,Electronic check,55.8,3458.34,No
CUST-05632,Male,0,No,No,30,Yes,Yes,DSL,No,Yes,Yes,Yes,Yes,Yes,One year,No,Mailed check,102.89,2897.18,No
CUST-05633,Female,0,No,Yes,66,Yes,Yes,No,No internet service,No internet service,No internet service,No internet service,No internet service,No internet service,Two year,Yes,Credit card (automatic),67.35,4635.07,No
CUST-05634,Female,0,Yes,No,65,Yes,Yes,DSL,No,Yes,No,Yes,No,No,One year,No,Mailed check,94.43,5825.36,No
CUST-05635,Male,0,Yes,No,58,Yes,Yes,Fiber optic,Yes,No,No,No,No,No,Month-to-month,No,Credit card (automatic),31.95,1736.57,No
CUST-05636,Male,0,No,Yes,57,Yes,No,Fiber optic,No,Yes,No,No,No,No,One year,No,Electronic check,62.41,3294.05,No
CUST-05637,Female,0,No,No,37,Yes,No,Fiber optic,Yes,Yes,No,No,Yes,No,Month-to-month,Yes,Mailed check,33.56,1224.74,No
CUST-05638,Female,0,Yes,No,54,Yes,No,Fiber optic,No,No,Yes,Yes,Yes,No,Month-to-month,Yes,Credit card (automatic),21.62,1315.11,No
CUST-05639,Male,0,Yes,Yes,69,Yes,No,Fiber optic,No,Yes,No,No,No,Yes,Month-to-month,Yes,Mailed check,88.37,5987.74,Yes
CUST-05640,Female,0,No,Yes,24,Yes,No,DSL,Yes,No,Yes,No,No,No,Month-to-month,Yes,Electronic check,42.36,1088.8,No
CUST-05641,Female,1,Yes,No,63,Yes,Yes,Fiber optic,Yes,No,No,No,Yes,No,Two year,No,Electronic check,76.17,4677.39,No
CUST-05642,Female,0,No,No,51,Yes,No,DSL,No,Yes,No,No,No,No,Month-to-month,No,Mailed check,49.18,2629.31,No
CUST-05643,Female,0,Yes,No,15,Yes,No,Fiber optic,No,Yes,Yes,Yes,No,Yes,Month-to-month,Yes,Bank transfer (automatic),106.02,1473.94,Yes
CUST-05644,Male,0,Yes,Yes,47,Yes,Yes,Fiber optic,No,Yes,No,No,No,No,Two year,Yes,Electronic check,94.62,4986.17,No
CUST-05645,Male,0,Yes,Yes,46,Yes,No,No,No internet service,No internet service,No internet service,No internet service,No internet service,No internet service,Month-to-month,Yes,Bank transfer (automatic),53.62,2815.82,No
CUST-05646,Male,0,No,No,30,Yes,No,Fiber optic,No,No,Yes,No,No,No,One year,Yes,Electronic check,49.56,1555.41,Yes
CUST-05647,Female,0,No,No,20,Yes,No,No,No internet service,No internet service,No internet service,No internet service,No internet service,No internet service,Two year,Yes,Electronic check,36.92,651.61,No
CUST-05648,Female,0,Yes,Yes,57,Yes,No,Fiber optic,No,No,No,No,No,No,Month-to-month,No,Electronic check,54.25,2755.05,No
CUST-05649,Female,0,No,No,49,Yes,Yes,Fiber optic,No,Yes,No,No,No,Yes,Month-to-month,Yes,Mailed check,65.64,3348.04,No
CUST-05650,Female,0,Yes,No,56,Yes,Yes,Fiber optic,No,No,No,No,No,Yes,Two year,Yes,Bank transfer (automatic),93.21,4493.36,No
CUST-05651,Female,0,Yes,Yes,56,Yes,Yes,Fiber optic,Yes,No,No,No,No,Yes,One year,Yes,Electronic check,114.88,5732.31,No
CUST-05652,Male,0,No,Yes,25,No,No phone service,Fiber optic,Yes,No,No,No,Yes,No,Month-to-month,Yes,Bank transfer (automatic),44.59,1137.79,No
CUST-05653,Female,0,Yes,Yes,9,No,No phone service,No,No internet service,No internet service,No internet service,No internet service,No internet service,No internet service,One year,No,Bank transfer (automatic),98.18,975.4,No
CUST-05654,Female,0,No,No,22,No,No phone service,Fiber optic,No,No,No,No,Yes,No,Two year,Yes,Credit card (automatic),50.41,1028.11,No
CUST-05655,Male,0,No,Yes,37,Yes,No,DSL,Yes,No,Yes,No,No,Yes,Two year,No,Electronic check,58.82,2256.89,No
CUST-05656,Female,0,No,No,28,Yes,Yes,DSL,No,No,No,Yes,No,No,Two year,Yes,Electronic check,73.35,1943.36,No
CUST-05657,Male,1,No,No,14,Yes,Yes,Fiber optic,No,Yes,No,No,Yes,No,One year,No,Bank transfer (automatic),63.93,889.6,Yes
CUST-05658,Male,0,No,No,30,Yes,No,DSL,Yes,No,No,No,No,Yes,Two year,Yes,Mailed check,49.34,1272.14,No
CUST-05659,Male,0,Yes,Yes,39,Yes,No,No,No internet service,No internet service,No internet service,No internet service,No internet service,No internet service,Month-to-month,No,Bank transfer (automatic),21.13,908.52,No
CUST-05660,Male,0,Yes,No,57,Yes,No,DSL,No,No,Yes,No,No,No,Month-to-month,Yes,Electronic check,98.64,6390.67,No
CUST-05661,Male,0,Yes,No,5,Yes,No,DSL,No,Yes,No,No,Yes,No,Two year,Yes,Electronic check,66.72,315.83,No
CUST-05662,Female,0,No,No,12,Yes,Yes,Fiber optic,No,No,No,No,Yes,No,Two year,Yes,Bank transfer (automatic),37.09,490.39,No
CUST-05663,Male,0,Yes,No,35,Yes,No,DSL,No,Yes,No,No,No,No,Month-to-month,No,Electronic check,81.05,2502.31,Yes
CUST-05664,Male,0,Yes,No,41,Yes,No,No,No internet service,No internet service,No internet service,No internet service,No internet service,No internet service,Two year,No,Credit card (automatic),95.94,4463.44,Yes
CUST-05665,Female,1,No,No,63,Yes,Yes,No,No internet service,No internet service,No internet service,No internet service,No internet service,No internet service,Month-to-month,Yes,Bank transfer (automatic),87.31,6309.19,No
CUST-05666,Female,0,No,Yes,42,Yes,Yes,Fiber optic,No,Yes,No,Yes,Yes,Yes,Month-to-month,Yes,Credit card (automatic),74.62,2681.26,Yes
CUST-05667,Male,0,No,No,65,No,No phone service,No,No internet service,No internet service,No internet service,No internet service,No internet service,No internet service,Month-to-month,Yes,Bank transfer (automatic),37.35,2166.29,No
CUST-05668,Female,1,No,No,65,Yes,Yes,DSL,No,No,No,No,No,Yes,Month-to-month,Yes,Bank transfer (automatic),44.8,2940.83,No
CUST-05669,Female,0,Yes,No,43,Yes,No,DSL,No,No,No,No,Yes,No,Two year,Yes,Mailed check,28.42,1244.63,No
CUST-05670,Male,0,No,Yes,60,Yes,No,No,No internet service,No internet service,No internet service,No internet service,No internet service,No internet service,Month-to-month,No,Credit card (automatic),40.6,2499.6,No
CUST-05671,Male,0,Yes,Yes,20,Yes,Yes,DSL,No,No,No,Yes,No,No,Month-to-month,Yes,Electronic check,37.16,648.68,No
CUST-05672,Female,1,Yes,No,63,Yes,Yes,Fiber optic,No,No,Yes,No,No,Yes,Month-to-month,Yes,Electronic check,110.36,7669.52,No
CUST-05673,Male,0,No,Yes,24,No,No phone service,Fiber optic,No,No,No,Yes,Yes,No,Month-to-month,Yes,Credit card (automatic),29.45,783.16,No
CUST-05674,Male,0,No,No,72,Yes,No,DSL,No,No,Yes,Yes,Yes,No,Two year,No,Mailed check,113.06,8858.26,No
CUST-05675,Female,0,No,No,35,Yes,Yes,Fiber optic,Yes,Yes,Yes,No,No,No,Month-to-month,Yes,Mailed check,32.6,1217.63,Yes
CUST-05676,Male,0,No,No,41,Yes,No,Fiber optic,No,No,Yes,No,Yes,No,Month-to-month,Yes,Electronic check,76.65,2690.91,Yes
CUST-05677,Male,0,No,Yes,16,Yes,No,Fiber optic,No,No,No,No,No,No,One year,Yes,Credit card (automatic),37.32,656.35,No
CUST-05678,Male,0,Yes,Yes,6,Yes,Yes,No,No internet service,No internet service,No internet service,No internet service,No internet service,No internet service,Month-to-month,Yes,Credit card (automatic),84.31,431.09,No
CUST-05679,Male,0,No,No,20,Yes,No,Fiber optic,Yes,No,Yes,No,No,Yes,Two year,Yes,Credit card (automatic),101.73,1834.1,No
CUST-05680,Male,1,No,No,56,Yes,No,DSL,Yes,No,Yes,No,No,No,Month-to-month,Yes,Bank transfer (automatic),27.58,1370.79,No
CUST-05681,Female,0,No,No,8,Yes,Yes,DSL,No,No,No,No,No,No,Two year,Yes,Electronic check,113.78,969.47,No
CUST-05682,Female,1,Yes,No,6,Yes,No,No,No internet service,No internet service,No internet service,No internet service,No internet service,No internet service,Month-to-month,Yes,Credit card (automatic),33.76,182.42,Yes
CUST-05683,Male,0,Yes,No,8,Yes,No,Fiber optic,No,No,Yes,No,No,Yes,Month-to-month,No,Credit card (automatic),64.47,533.74,Yes
CUST-05684,Female,0,No,Yes,62,Yes,Yes,DSL,Yes,No,No,No,No,Yes,Month-to-month,Yes,Electronic check,112.26,6202.18,No
CUST-05685,Male,0,Yes,No,14,Yes,Yes,Fiber optic,No,Yes,No,No,No,No,Month-to-month,Yes,Bank transfer (automatic),106.82,1578.6,Yes
CUST-05686,Male,0,No,Yes,3,Yes,No,DSL,No,No,No,Yes,Yes,No,Month-to-month,Yes,Electronic check,28.9,97.09,No
CUST-05687,Male,1,Yes,Yes,2,Yes,Yes,DSL,No,No,Yes,No,Yes,Yes,Month-to-month,Yes,Bank transfer (automatic),80.52,174.19,No
CUST-05688,Male,0,Yes,No,22,Yes,No,Fiber optic,No,Yes,No,No,No,No,One year,Yes,Bank transfer (automatic),98.48,2031.9,No
CUST-05689,Male,0,No,No,70,Yes,No,No,No internet service,No internet service,No internet service,No internet service,No internet service,No internet service,Month-to-month,No,Electronic check,93.45,6978.6,No
CUST-05690,Female,0,Yes,No,71,Yes,No,Fiber optic,No,Yes,Yes,No,No,No,Month-to-month,No,Electronic check,43.06,3510.94,No
CUST-05691,Female,0,No,No,6,Yes,No,No,No internet service,No internet service,No internet service,No internet service,No internet service,No internet service,Month-to-month,No,Mailed check,52.66,332.08,Yes
CUST-05692,Male,0,Yes,Yes,50,Yes,Yes,DSL,No,No,Yes,No,No,No,Two year,Yes,Bank transfer (automatic),43.38,1926.48,No
CUST-05693,Female,0,Yes,No,44,Yes,No,Fiber optic,Yes,No,Yes,No,No,Yes,One year,Yes,Bank transfer (automatic),83.76,3753.73,No
CUST-05694,Male,0,Yes,No,8,Yes,No,DSL,No,No,No,No,Yes,No,Month-to-month,Yes,Electronic check,67.75,527.96,No
CUST-05695,Female,0,No,Yes,24,Yes,No,DSL,No,Yes,Yes,No,Yes,No,Two year,No,Electronic check,111.61,2432.17,Yes
CUST-05696,Male,0,Yes,No,27,Yes,No,Fiber optic,Yes,No,Yes,No,Yes,Yes,Month-to-month,No,Bank transfer (automatic),48.39,1182.13,No
CUST-05697,Female,0,No,No,53,Yes,No,Fiber optic,No,No,No,No,No,No,Month-to-month,No,Electronic check,94.13,5444.17,No
CUST-05698,Male,0,No,No,51,Yes,Yes,DSL,No,No,No,Yes,Yes,No,Month-to-month,Yes,Mailed check,28.89,1321.89,No
CUST-05699,Male,0,No,No,28,Yes,No,DSL,No,No,No,No,No,Yes,Month-to-month,Yes,Electronic check,50.79,1614.55,Yes
CUST-05700,Female,0,No,No,59,Yes,Yes,Fiber optic,No,Yes,No,No,No,Yes,One year,No,Mailed check,68.86,4593.17,No
CUST-05701,Female,0,Yes,No,69,Yes,Yes,DSL,Yes,Yes,Yes,No,No,Yes,One year,No,Electronic check,42.35,3265.61,No
CUST-05702,Male,0,Yes,No,25,Yes,Yes,Fiber optic,No,Yes,No,No,Yes,No,Month-to-month,No,Credit card (automatic),95.99,2172.04,No
CUST-05703,Female,0,No,No,44,Yes,Yes,No,No internet service,No internet service,No internet service,No internet service,No internet service,No internet service,Month-to-month,Yes,Electronic check,93.19,3964.73,No
CUST-05704,Male,0,Yes,No,47,Yes,No,No,No internet service,No internet service,No internet service,No internet service,No internet service,No internet service,Month-to-month,Yes,Credit card (automatic),104.75,4901.86,No
CUST-05705,Female,0,No,No,13,Yes,Yes,DSL,No,No,Yes,No,Yes,No,Month-to-month,Yes,Mailed check,74.66,1030.26,No
CUST-05706,Female,0,No,Yes,53,Yes,No,No,No internet service,No internet service,No internet service,No internet service,No internet service,No internet service,Month-to-month,Yes,Electronic check,62.67,3098.95,No
CUST-05707,Male,0,Yes,No,53,Yes,No,Fiber optic,No,Yes,No,Yes,Yes,Yes,Month-to-month,No,Electronic check,31.64,1495.63,No
CUST-05708,Female,0,No,No,37,Yes,No,DSL,No,Yes,No,No,No,Yes,Two year,Yes,Credit card (automatic),94.0,3608.87,No
CUST-05709,Female,0,No,Yes,63,Yes,No,Fiber optic,No,No,Yes,No,Yes,No,Month-to-month,Yes,Electronic check,76.92,4914.57,No
CUST-05710,Male,0,Yes,No,66,Yes,No,No,No internet service,No internet service,No internet service,No internet service,No internet service,No internet service,Month-to-month,No,Bank transfer (automatic),21.3,1409.87,No
CUST-05711,Female,0,No,Yes,40,Yes,Yes,DSL,Yes,No,No,Yes,No,No,Month-to-month,Yes,Electronic check,33.11,1151.12,No
CUST-05712,Male,0,Yes,Yes,61,Yes,No,DSL,No,No,No,No,Yes,No,One year,Yes,Credit card (automatic),41.35,2564.15,No
CUST-05713,Male,0,No,No,6,Yes,Yes,Fiber optic,No,Yes,No,Yes,No,Yes,One year,Yes,Bank transfer (automatic),96.39,529.71,Yes
CUST-05714,Male,0,No,No,25,Yes,No,DSL,No,No,No,No,No,No,Month-to-month,No,Credit card (automatic),113.65,2768.07,No
CUST-05715,Male,0,No,No,46,Yes,No,DSL,No,No,Yes,Yes,Yes,No,One year,No,Electronic check,102.59,4506.98,No
CUST-05716,Male,0,No,Yes,31,Yes,No,Fiber optic,Yes,Yes,No,No,Yes,No,Month-to-month,Yes,Bank transfer (automatic),94.71,2995.47,No
CUST-05717,Female,0,No,No,63,Yes,Yes,Fiber optic,No,Yes,Yes,No,No,Yes,Two year,Yes,Credit card (automatic),51.13,3086.41,No
CUST-05718,Male,0,No,Yes,68,Yes,No,Fiber optic,No,No,Yes,No,No,Yes,Month-to-month,No,Mailed check,60.34,4119.34,No
CUST-05719,Male,0,No,No,39,Yes,Yes,Fiber optic,Yes,Yes,No,No,No,Yes,Month-to-month,Yes,Credit card (automatic),104.19,4516.98,No
CUST-05720,Female,0,No,No,36,Yes,No,Fiber optic,Yes,No,No,No,No,Yes,One year,No,Mailed check,68.82,2689.71,No
CUST-05721,Female,1,No,No,7,Yes,No,No,No internet service,No internet service,No internet service,No internet service,No internet service,No internet service,Month-to-month,No,Credit card (automatic),102.34,800.03,Yes
CUST-05722,Female,0,No,Yes,66,Yes,Yes,Fiber optic,Yes,Yes,No,Yes,Yes,No,Two year,No,Electronic check,79.79,5707.57,No
CUST-05723,Male,0,No,No,55,Yes,No,Fiber optic,Yes,No,No,Yes,Yes,No,Month-to-month,Yes,Credit card (automatic),64.52,3451.55,No
CUST-05724,Male,0,No,No,72,Yes,Yes,Fiber optic,No,No,No,No,Yes,No,Two year,Yes,Bank transfer (automatic),55.58,4118.06,No
CUST-05725,Male,0,No,Yes,42,Yes,No,No,No internet service,No internet service,No internet service,No internet service,No internet service,No internet service,Month-to-month,No,Credit card (automatic),19.42,851.6,No
CUST-05726,Female,0,Yes,Yes,27,Yes,No,Fiber optic,No,Yes,Yes,Yes,No,No,Month-to-month,No,Electronic check,117.68,3277.75,No
CUST-05727,Male,0,No,No,2,Yes,Yes,No,No internet service,No internet service,No internet service,No internet service,No internet service,No internet service,Two year,Yes,Credit card (automatic),106.36,221.49,No
CUST-05728,Female,0,No,No,70,Yes,No,Fiber optic,Yes,No,Yes,Yes,No,No,One year,Yes,Mailed check,20.02,1457.96,No
CUST-05729,Male,0,No,No,4,Yes,Yes,Fiber optic,No,No,Yes,No,No,Yes,Month-to-month,Yes,Mailed check,46.52,196.18,No
CUST-05730,Female,0,Yes,Yes,21,Yes,Yes,DSL,No,No,No,No,Yes,Yes,One year,No,Mailed check,48.76,1081.76,No
CUST-05731,Male,0,No,No,1,Yes,No,No,No internet service,No internet service,No internet service,No internet service,No internet service,No internet service,Month-to-month,No,Credit card (automatic),51.87,53.25,No
CUST-05732,Male,1,Yes,No,38,Yes,Yes,DSL,Yes,Yes,No,No,No,No,Two year,Yes,Credit card (automatic),47.6,1677.61,No
CUST-05733,Male,0,Yes,No,60,No,No phone service,Fiber optic,No,No,No,No,No,No,Month-to-month,No,Electronic check,110.98,6687.55,Yes
CUST-05734,Female,0,No,No,14,Yes,No,Fiber optic,Yes,No,No,No,Yes,No,Month-to-month,No,Electronic check,87.51,1216.41,Yes
CUST-05735,Female,0,No,No,17,Yes,Yes,No,No internet service,No internet service,No internet service,No internet service,No internet service,No internet service,Month-to-month,Yes,Mailed check,78.16,1411.38,Yes
CUST-05736,Male,0,Yes,No,47,Yes,No,Fiber optic,No,No,No,No,Yes,No,One year,Yes,Credit card (automatic),61.67,3220.51,Yes
CUST-05737,Male,1,No,No,56,Yes,No,DSL,Yes,Yes,Yes,No,No,No,One year,No,Mailed check,87.9,5471.7,No
CUST-05738,Male,0,Yes,No,53,Yes,No,No,No internet service,No internet service,No internet service,No internet service,No internet service,No internet service,Two year,Yes,Electronic check,80.52,3920.52,No
CUST-05739,Female,0,Yes,Yes,18,No,No phone service,Fiber optic,No,No,No,No,No,No,Month-to-month,No,Mailed check,35.95,642.1,Yes
CUST-05740,Male,0,Yes,No,69,Yes,No,DSL,No,No,No,No,Yes,No,Month-to-month,No,Mailed check,48.41,3714.0,No
CUST-05741,Male,0,No,Yes,48,Yes,No,No,No internet service,No internet service,No internet service,No internet service,No internet service,No internet service,One year,Yes,Credit card (automatic),115.3,5694.44,No
CUST-05742,Male,0,Yes,No,9,Yes,No,No,No internet service,No internet service,No internet service,No internet service,No internet service,No internet service,Two year,No,Credit card (automatic),117.42,1121.62,No
CUST-05743,Male,0,Yes,No,54,Yes,No,Fiber optic,No,Yes,Yes,No,Yes,No,One year,Yes,Electronic check,22.71,1315.63,No
CUST-05744,Female,0,No,No,35,Yes,No,DSL,Yes,No,No,No,No,No,One year,No,Electronic check,49.2,1502.74,No
CUST-05745,Female,0,Yes,Yes,46,Yes,No,No,No internet service,No internet service,No internet service,No internet service,No internet service,No internet service,One year,No,Mailed check,117.36,5249.45,No
CUST-05746,Male,0,No,Yes,1,Yes,No,DSL,No,No,No,Yes,Yes,No,Month-to-month,No,Mailed check,19.92,19.92,No
CUST-05747,Male,1,No,Yes,41,Yes,No,Fiber optic,No,Yes,No,No,No,No,Two year,No,Electronic check,114.06,5358.26,No
CUST-05748,Female,0,No,Yes,32,No,No phone service,Fiber optic,Yes,No,Yes,No,No,Yes,One year,Yes,Bank transfer (automatic),86.88,3091.58,No
CUST-05749,Female,0,Yes,No,40,Yes,Yes,No,No internet service,No internet service,No internet service,No internet service,No internet service,No internet service,Month-to-month,No,Electronic check,81.35,3711.07,No
CUST-05750,Male,0,No,No,11,Yes,Yes,No,No internet service,No internet service,No internet service,No internet service,No internet service,No internet service,One year,No,Mailed check,101.04,1181.15,Yes
CUST-05751,Female,0,No,Yes,62,Yes,No,No,No internet service,No internet service,No internet service,No internet service,No internet service,No internet service,Two year,No,Mailed check,118.56,7311.93,No
CUST-05752,Female,0,Yes,Yes,46,Yes,No,DSL,No,Yes,No,Yes,No,No,Two year,No,Credit card (automatic),54.39,2865.54,No
CUST-05753,Male,0,Yes,No,48,Yes,No,Fiber optic,No,No,Yes,Yes,No,No,Month-to-month,No,Electronic check,106.97,5315.08,Yes
CUST-05754,Female,0,No,No,43,Yes,No,Fiber optic,No,No,Yes,No,Yes,Yes,Month-to-month,Yes,Credit card (automatic),68.01,2964.61,No
CUST-05755,Female,1,Yes,No,51,Yes,Yes,DSL,No,No,No,Yes,No,Yes,Month-to-month,Yes,Electronic check,91.6,5363.11,No
CUST-05756,Male,0,No,Yes,61,Yes,Yes,No,No internet service,No internet service,No internet service,No internet service,No internet service,No internet service,One year,Yes,Electronic check,101.05,6259.08,No
CUST-05757,Male,0,No,No,42,Yes,No,DSL,Yes,No,No,No,Yes,No,Month-to-month,No,Electronic check,46.89,1790.64,No
CUST-05758,Female,1,Yes,No,26,Yes,Yes,Fiber optic,No,Yes,No,No,No,Yes,Month-to-month,Yes,Mailed check,36.3,920.8,Yes
CUST-05759,Male,1,Yes,Yes,11,Yes,No,Fiber optic,No,No,No,Yes,Yes,No,Month-to-month,No,Mailed check,18.77,208.2,Yes
CUST-05760,Female,0,No,Yes,25,Yes,Yes,No,No internet service,No internet service,No internet service,No internet service,No internet service,No internet service,Month-to-month,Yes,Mailed check,49.62,1366.36,Yes
CUST-05761,Male,0,Yes,No,40,Yes,No,Fiber optic,Yes,Yes,No,No,Yes,Yes,Month-to-month,No,Bank transfer (automatic),54.26,2164.21,No
CUST-05762,Female,0,No,No,25,Yes,Yes,Fiber optic,No,No,No,No,Yes,Yes,One year,Yes,Credit card (automatic),58.43,1522.36,No
CUST-05763,Male,1,Yes,Yes,52,Yes,Yes,Fiber optic,No,No,Yes,No,Yes,No,One year,Yes,Credit card (automatic),108.37,6373.96,No
CUST-05764,Female,1,No,No,3,Yes,Yes,Fiber optic,No,No,No,Yes,No,No,Month-to-month,No,Credit card (automatic),33.9,110.11,Yes
CUST-05765,Female,0,No,Yes,39,Yes,No,DSL,No,Yes,No,No,No,Yes,Two year,Yes,Electronic check,96.98,3797.95,No
CUST-05766,Female,0,Yes,No,35,Yes,No,DSL,Yes,No,Yes,No,No,No,Two year,No,Bank transfer (automatic),27.12,920.05,No
CUST-05767,Male,0,Yes,No,40,Yes,Yes,Fiber optic,No,No,No,Yes,No,Yes,Month-to-month,Yes,Bank transfer (automatic),45.31,1886.97,No
CUST-05768,Male,0,No,No,22,Yes,Yes,DSL,No,Yes,Yes,No,No,No,Two year,Yes,Mailed check,47.6,1199.84,No
CUST-05769,Female,0,No,No,62,Yes,No,DSL,No,No,No,No,No,No,Two year,Yes,Credit card (automatic),44.55,2884.26,No
CUST-05770,Female,1,Yes,No,19,Yes,No,No,No internet service,No internet service,No internet service,No internet service,No internet service,No internet service,Month-to-month,Yes,Bank transfer (automatic),116.39,2013.72,Yes
CUST-05771,Male,0,No,Yes,14,Yes,Yes,DSL,Yes,Yes,No,Yes,No,Yes,Month-to-month,No,Mailed check,102.13,1299.73,No
CUST-05772,Male,0,Yes,No,50,Yes,No,DSL,No,Yes,No,Yes,No,Yes,Month-to-month,No,Mailed check,33.54,1475.23,No
CUST-05773,Male,0,No,No,62,No,No phone service,Fiber optic,No,No,Yes,No,Yes,No,Month-to-month,Yes,Mailed check,113.33,6342.56,Yes
CUST-05774,Male,0,No,No,43,Yes,No,Fiber optic,No,No,No,No,No,No,Month-to-month,Yes,Mailed check,55.39,2666.78,No
CUST-05775,Male,0,Yes,No,55,Yes,Yes,Fiber optic,No,No,Yes,No,No,Yes,One year,Yes,Bank transfer (automatic),76.14,3940.8,No
CUST-05776,Male,0,Yes,No,40,Yes,No,DSL,Yes,Yes,No,No,Yes,Yes,Month-to-month,No,Electronic check,24.89,865.37,Yes
CUST-05777,Female,0,Yes,No,12,Yes,Yes,Fiber optic,No,Yes,No,Yes,No,No,One year,Yes,Electronic check,87.36,1108.81,No
CUST-05778,Male,0,No,Yes,65,Yes,No,DSL,Yes,No,No,No,Yes,Yes,Month-to-month,Yes,Electronic check,19.83,1112.34,No
CUST-05779,Female,0,Yes,No,34,Yes,No,Fiber optic,No,Yes,No,No,No,No,Month-to-month,No,Credit card (automatic),81.3,2366.82,No
CUST-05780,Male,0,Yes,No,23,Yes,Yes,Fiber optic,No,No,No,No,No,No,Month-to-month,Yes,Mailed check,77.64,1687.97,No
CUST-05781,Male,0,No,No,71,Yes,Yes,No,No internet service,No internet service,No internet service,No internet service,No internet service,No internet service,Month-to-month,No,Bank transfer (automatic),81.49,4933.11,No
CUST-05782,Female,0,Yes,No,7,Yes,Yes,DSL,Yes,Yes,Yes,No,No,No,Month-to-month,No,Electronic check,24.13,169.7,Yes
CUST-05783,Female,0,No,No,65,No,No phone service,Fiber optic,No,Yes,No,No,Yes,No,Month-to-month,No,Mailed check,115.83,7979.45,No
CUST-05784,Male,0,Yes,No,18,Yes,No,No,No internet service,No internet service,No internet service,No internet service,No internet service,No internet service,Two year,Yes,Mailed check,73.46,1205.9,No
CUST-05785,Female,0,Yes,No,8,No,No phone service,No,No internet service,No internet service,No internet service,No internet service,No internet service,No internet service,Month-to-month,Yes,Mailed check,88.62,728.58,No
CUST-05786,Female,0,Yes,No,42,Yes,No,No,No internet service,No internet service,No internet service,No internet service,No internet service,No internet service,Month-to-month,No,Credit card (automatic),70.56,2903.19,No
CUST-05787,Female,1,No,No,1,Yes,Yes,DSL,No,No,No,No,No,Yes,Two year,Yes,Electronic check,94.77,105.01,No
CUST-05788,Female,0,No,No,15,Yes,Yes,Fiber optic,No,No,No,No,No,No,Month-to-month,No,Mailed check,37.58,564.78,No
CUST-05789,Male,0,No,Yes,28,Yes,Yes,DSL,No,Yes,No,No,No,Yes,Month-to-month,No,Credit card (automatic),84.55,2265.91,No
CUST-05790,Female,0,Yes,No,36,Yes,Yes,No,No internet service,No internet service,No internet service,No internet service,No internet service,No internet service,Two year,No,Bank transfer (automatic),81.89,2966.72,No
CUST-05791,Male,0,Yes,No,46,Yes,Yes,DSL,No,No,No,No,Yes,Yes,One year,Yes,Credit card (automatic),84.85,3600.62,No
CUST-05792,Male,0,No,No,21,Yes,No,No,No internet service,No internet service,No internet service,No internet service,No internet service,No internet service,Two year,Yes,Bank transfer (automatic),84.09,1711.62,No
CUST-05793,Male,1,Yes,No,49,Yes,No,Fiber optic,No,No,No,Yes,No,No,Month-to-month,No,Electronic check,21.74,1074.08,No
CUST-05794,Male,0,Yes,Yes,39,Yes,No,No,No internet service,No internet service,No internet service,No internet service,No internet service,No internet service,Two year,Yes,Mailed check,79.7,3306.84,No
CUST-05795,Female,0,Yes,No,38,Yes,No,DSL,No,Yes,No,Yes,No,Yes,One year,Yes,Electronic check,103.5,3552.62,No
CUST-05796,Female,0,No,No,9,Yes,No,Fiber optic,No,No,No,No,No,Yes,Month-to-month,Yes,Mailed check,76.04,738.9,Yes
CUST-05797,Male,1,No,No,20,No,No phone service,DSL,No,No,Yes,No,Yes,No,One year,Yes,Bank transfer (automatic),111.53,1954.83,No
CUST-05798,Male,0,Yes,Yes,8,Yes,No,Fiber optic,No,Yes,No,No,No,Yes,One year,Yes,Electronic check,21.49,147.24,Yes
CUST-05799,Male,0,Yes,No,14,Yes,No,No,No internet service,No internet service,No internet service,No internet service,No internet service,No internet service,Two year,No,Bank transfer (automatic),66.91,1034.6,No
CUST-05800,Male,0,No,No,62,Yes,No,Fiber optic,Yes,No,Yes,Yes,No,Yes,Month-to-month,Yes,Electronic check,50.81,2748.09,No
CUST-05801,Female,0,No,No,35,Yes,No,Fiber optic,No,No,No,No,No,No,Month-to-month,Yes,Electronic check,42.79,1660.85,Yes
CUST-05802,Male,1,Yes,No,55,Yes,No,DSL,No,No,No,Yes,No,No,Month-to-month,No,Mailed check,50.98,3195.1,No
CUST-05803,Female,0,No,No,45,Yes,No,Fiber optic,Yes,No,Yes,No,No,Yes,Month-to-month,Yes,Mailed check,22.4,1067.37,No
CUST-05804,Male,0,Yes,No,21,Yes,Yes,Fiber optic,No,No,Yes,No,No,No,Two year,No,Mailed check,27.04,565.7,No
CUST-05805,Male,1,Yes,No,53,Yes,No,Fiber optic,Yes,No,No,No,No,No,One year,Yes,Mailed check,89.29,4790.12,No
CUST-05806,Male,1,Yes,Yes,54,Yes,Yes,DSL,No,No,No,No,No,No,One year,No,Mailed check,26.44,1416.97,No
CUST-05807,Male,0,Yes,Yes,43,Yes,Yes,Fiber optic,Yes,Yes,Yes,No,Yes,Yes,Two year,Yes,Bank transfer (automatic),108.38,4474.36,No
CUST-05808,Female,1,Yes,No,6,No,No phone service,Fiber optic,No,No,Yes,Yes,No,Yes,One year,No,Credit card (automatic),86.92,519.7,No
CUST-05809,Female,0,No,No,55,No,No phone service,No,No internet service,No internet service,No internet service,No internet service,No internet service,No internet service,One year,Yes,Bank transfer (automatic),83.01,4245.28,No
CUST-05810,Female,0,Yes,No,44,Yes,No,Fiber optic,No,No,Yes,Yes,Yes,No,Month-to-month,No,Credit card (automatic),77.06,3075.58,Yes
CUST-05811,Male,1,Yes,No,68,Yes,No,Fiber optic,No,Yes,Yes,No,No,Yes,Month-to-month,No,Mailed check,110.07,7083.91,Yes
CUST-05812,Male,0,Yes,No,4,Yes,Yes,No,No internet service,No internet service,No internet service,No internet service,No internet service,No internet service,Two year,Yes,Bank transfer (automatic),54.07,184.04,No
CUST-05813,Female,0,No,No,63,Yes,No,DSL,No,No,Yes,No,No,No,Month-to-month,No,Electronic check,42.94,2653.11,No
CUST-05814,Female,0,No,No,58,No,No phone service,DSL,No,Yes,No,No,Yes,Yes,Two year,Yes,Credit card (automatic),84.84,4247.87,No
CUST-05815,Male,0,Yes,Yes,54,Yes,No,No,No internet service,No internet service,No internet service,No internet service,No internet service,No internet service,Month-to-month,Yes,Credit card (automatic),67.08,3237.1,Yes
CUST-05816,Male,0,Yes,No,38,Yes,No,Fiber optic,No,No,No,No,No,No,Month-to-month,No,Credit card (automatic),108.95,4008.57,No
CUST-05817,Female,0,Yes,Yes,60,Yes,No,DSL,No,No,No,No,No,Yes,Month-to-month,Yes,Electronic check,24.62,1562.26,No
CUST-05818,Male,0,Yes,No,52,Yes,No,Fiber optic,No,No,No,No,No,Yes,Month-to-month,No,Credit card (automatic),82.48,4347.65,Yes
CUST-05819,Male,0,Yes,No,29,Yes,Yes,Fiber optic,No,Yes,No,No,Yes,No,Two year,Yes,Mailed check,103.35,2829.31,No
CUST-05820,Female,0,No,Yes,40,Yes,No,Fiber optic,Yes,No,No,No,No,No,Two year,Yes,Credit card (automatic),41.56,1449.54,No
CUST-05821,Male,1,No,No,71,Yes,No,Fiber optic,No,Yes,No,No,No,Yes,Two year,Yes,Bank transfer (automatic),100.92,6992.3,No
CUST-05822,Female,0,No,No,8,Yes,Yes,Fiber optic,Yes,Yes,Yes,Yes,Yes,Yes,Month-to-month,Yes,Credit card (automatic),75.79,680.36,Yes
CUST-05823,Male,0,Yes,No,35,Yes,No,No,No internet service,No internet service,No internet service,No internet service,No internet service,No internet service,Two year,No,Bank transfer (automatic),111.15,3503.63,No
CUST-05824,Female,0,Yes,No,16,Yes,No,DSL,Yes,No,No,No,No,Yes,Month-to-month,Yes,Electronic check,63.67,1129.39,No
CUST-05825,Male,0,No,No,18,Yes,Yes,Fiber optic,No,No,No,No,Yes,No,Two year,Yes,Bank transfer (automatic),44.6,867.77,No
CUST-05826,Female,1,No,No,59,Yes,No,Fiber optic,Yes,No,No,Yes,Yes,Yes,One year,Yes,Electronic check,93.07,5592.09,No
CUST-05827,Female,0,Yes,No,34,No,No phone service,DSL,Yes,No,Yes,No,No,No,One year,Yes,Electronic check,51.74,1736.08,No
CUST-05828,Female,0,No,No,4,Yes,Yes,No,No internet service,No internet service,No internet service,No internet service,No internet service,No internet service,Two year,No,Electronic check,40.35,169.0,Yes
CUST-05829,Female,0,Yes,No,69,Yes,No,Fiber optic,No,No,No,No,Yes,No,One year,Yes,Electronic check,89.85,6672.92,No
CUST-05830,Male,0,Yes,No,65,No,No phone service,DSL,No,Yes,No,No,No,No,Month-to-month,Yes,Credit card (automatic),101.28,7135.85,No
CUST-05831,Male,0,Yes,No,61,Yes,No,Fiber optic,No,Yes,Yes,No,No,No,Month-to-month,No,Electronic check,113.27,7322.88,No
CUST-05832,Female,0,No,No,46,Yes,No,No,No internet service,No internet service,No internet service,No internet service,No internet service,No internet service,Month-to-month,Yes,Mailed check,48.38,2136.45,No
CUST-05833,Male,0,Yes,Yes,21,No,No phone service,No,No internet service,No internet service,No internet service,No internet service,No internet service,No internet service,Month-to-month,Yes,Bank transfer (automatic),65.39,1177.28,No
CUST-05834,Male,0,No,No,38,Yes,No,Fiber optic,No,No,No,No,Yes,No,Two year,No,Electronic check,36.73,1389.52,Yes
CUST-05835,Male,0,Yes,No,60,Yes,Yes,Fiber optic,No,No,Yes,No,Yes,Yes,Month-to-month,Yes,Electronic check,112.64,6035.44,No
CUST-05836,Male,0,Yes,No,36,Yes,No,Fiber optic,No,No,No,No,No,Yes,Two year,Yes,Credit card (automatic),100.93,3579.55,No
CUST-05837,Male,0,No,No,6,Yes,Yes,DSL,No,No,No,No,Yes,Yes,Month-to-month,No,Electronic check,75.06,444.79,No
CUST-05838,Female,0,Yes,Yes,39,Yes,No,Fiber optic,Yes,Yes,No,No,Yes,Yes,Two year,No,Electronic check,110.34,4316.61,Yes
CUST-05839,Female,0,Yes,No,29,Yes,No,No,No internet service,No internet service,No internet service,No internet service,No internet service,No internet service,Month-to-month,No,Credit card (automatic),100.67,3304.23,No
CUST-05840,Female,0,Yes,No,27,Yes,Yes,Fiber optic,No,Yes,No,Yes,No,Yes,Month-to-month,No,Bank transfer (automatic),21.35,598.82,Yes
CUST-05841,Female,0,No,No,69,Yes,Yes,Fiber optic,No,Yes,Yes,No,No,Yes,Month-to-month,No,Credit card (automatic),96.52,5739.6,No
CUST-05842,Male,0,No,Yes,9,Yes,No,No,No internet service,No internet service,No internet service,No internet service,No internet service,No internet service,One year,Yes,Electronic check,30.48,293.58,No
CUST-05843,Male,0,Yes,Yes,24,Yes,No,DSL,No,Yes,No,No,No,Yes,Two year,No,Electronic check,51.55,1307.45,No
CUST-05844,Female,0,Yes,No,63,Yes,Yes,DSL,No,Yes,Yes,No,Yes,Yes,Month-to-month,Yes,Mailed check,30.17,2062.48,No
CUST-05845,Male,0,No,Yes,19,No,No phone service,DSL,No,No,Yes,No,No,No,Two year,No,Bank transfer (automatic),24.67,451.32,No
CUST-05846,Male,0,Yes,No,30,Yes,No,Fiber optic,No,No,No,No,No,No,Month-to-month,No,Electronic check,79.15,2667.76,Yes
CUST-05847,Female,0,Yes,Yes,58,Yes,No,No,No internet service,No internet service,No internet service,No internet service,No internet service,No internet service,Month-to-month,Yes,Electronic check,113.98,6967.68,No
CUST-05848,Male,0,Yes,No,40,No,No phone service,Fiber optic,Yes,No,No,Yes,No,Yes,Month-to-month,Yes,Credit card (automatic),25.48,916.51,No
CUST-05849,Female,0,No,No,68,Yes,No,DSL,No,No,Yes,No,No,Yes,Two year,Yes,Mailed check,93.53,6731.26,No
CUST-05850,Female,0,Yes,No,32,Yes,No,DSL,No,No,No,No,No,Yes,One year,Yes,Bank transfer (automatic),46.32,1448.83,No
CUST-05851,Male,1,No,No,65,Yes,No,No,No internet service,No internet service,No internet service,No internet service,No internet service,No internet service,Month-to-month,Yes,Mailed check,27.32,1722.38,No
CUST-05852,Male,0,No,No,34,Yes,Yes,Fiber optic,Yes,Yes,No,No,No,No,One year,No,Electronic check,110.94,3290.64,No
CUST-05853,Female,0,No,Yes,31,Yes,No,No,No internet service,No internet service,No internet service,No internet service,No internet service,No internet service,Two year,Yes,Credit card (automatic),23.69,772.38,No
CUST-05854,Female,0,No,No,59,No,No phone service,No,No internet service,No internet service,No internet service,No internet service,No internet service,No internet service,Month-to-month,No,Mailed check,28.88,1624.53,No
CUST-05855,Male,0,Yes,No,26,No,No phone service,Fiber optic,Yes,Yes,Yes,No,Yes,Yes,One year,Yes,Mailed check,41.03,1088.2,No
CUST-05856,Female,0,No,Yes,22,Yes,No,Fiber optic,No,No,No,Yes,No,Yes,Month-to-month,No,Bank transfer (automatic),111.78,2748.13,Yes
CUST-05857,Female,1,No,Yes,34,Yes,No,Fiber optic,Yes,No,No,No,No,Yes,Month-to-month,No,Bank transfer (automatic),48.75,1592.72,Yes
CUST-05858,Female,0,No,Yes,13,Yes,Yes,Fiber optic,No,Yes,No,No,No,No,Two year,Yes,Bank transfer (automatic),21.2,251.1,No
CUST-05859,Male,0,Yes,No,55,Yes,Yes,DSL,No,No,No,No,No,No,Two year,Yes,Credit card (automatic),37.11,2070.1,No
CUST-05860,Female,0,Yes,No,8,No,No phone service,DSL,Yes,No,No,No,Yes,No,Two year,Yes,Electronic check,62.98,578.68,No
CUST-05861,Male,1,No,Yes,62,Yes,Yes,Fiber optic,No,Yes,No,No,No,Yes,Month-to-month,Yes,Electronic check,106.95,6519.31,No
CUST-05862,Female,0,Yes,Yes,22,Yes,Yes,No,No internet service,No internet service,No internet service,No internet service,No internet service,No internet service,Month-to-month,Yes,Mailed check,44.41,969.07,No
CUST-05863,Male,0,Yes,No,56,Yes,No,Fiber optic,No,Yes,Yes,Yes,No,No,Two year,Yes,Electronic check,69.57,3333.15,No
CUST-05864,Female,0,No,No,21,Yes,No,DSL,No,No,Yes,No,No,Yes,One year,Yes,Electronic check,48.6,979.36,No
CUST-05865,Male,1,No,No,49,Yes,No,No,No internet service,No internet service,No internet service,No internet service,No internet service,No internet service,Month-to-month,Yes,Electronic check,75.98,4259.02,No
CUST-05866,Male,0,Yes,No,6,Yes,No,Fiber optic,No,No,Yes,No,Yes,Yes,Month-to-month,Yes,Bank transfer (automatic),27.14,160.55,No
CUST-05867,Male,0,No,No,35,Yes,No,Fiber optic,Yes,No,No,No,No,No,Month-to-month,Yes,Bank transfer (automatic),68.51,2090.19,No
CUST-05868,Female,0,No,No,27,Yes,Yes,Fiber optic,Yes,No,No,No,Yes,No,Month-to-month,No,Electronic check,25.4,742.95,No
CUST-05869,Female,0,Yes,No,40,Yes,No,No,No internet service,No internet service,No internet service,No internet service,No internet service,No internet service,Two year,Yes,Electronic check,116.71,5188.21,No
CUST-05870,Female,0,No,Yes,14,Yes,No,Fiber optic,No,Yes,No,No,No,Yes,Month-to-month,Yes,Bank transfer (automatic),110.49,1641.63,Yes
CUST-05871,Male,0,No,No,52,Yes,No,DSL,No,No,Yes,No,No,Yes,Month-to-month,Yes,Electronic check,83.23,4060.95,No
CUST-05872,Female,0,No,No,40,Yes,No,DSL,Yes,No,Yes,No,No,Yes,Month-to-month,No,Mailed check,110.65,4184.21,No
CUST-05873,Male,0,No,No,43,Yes,Yes,DSL,Yes,No,No,Yes,No,No,Month-to-month,No,Mailed check,77.35,3452.57,No
CUST-05874,Female,0,No,No,58,Yes,No,No,No internet service,No internet service,No internet service,No internet service,No internet service,No internet service,Two year,Yes,Electronic check,49.04,3026.86,No
CUST-05875,Male,0,Yes,No,3,Yes,No,Fiber optic,Yes,No,No,No,No,No,Month-to-month,Yes,Electronic check,32.9,106.03,Yes
CUST-05876,Male,0,Yes,No,15,Yes,Yes,No,No internet service,No internet service,No internet service,No internet service,No internet service,No internet service,Month-to-month,No,Electronic check,118.1,1971.44,Yes
CUST-05877,Male,0,Yes,No,45,Yes,No,DSL,No,No,No,No,No,Yes,Month-to-month,Yes,Bank transfer (automatic),42.86,2010.35,No
CUST-05878,Female,0,No,No,11,Yes,No,DSL,Yes,No,No,No,No,No,One year,Yes,Electronic check,105.35,1186.49,No
CUST-05879,Female,0,No,No,39,Yes,No,Fiber optic,No,No,Yes,No,No,No,One year,Yes,Bank transfer (automatic),61.67,2373.99,No
CUST-05880,Female,0,Yes,No,19,Yes,Yes,DSL,Yes,No,Yes,No,Yes,No,One year,No,Mailed check,50.87,1077.57,No
CUST-05881,Male,1,Yes,Yes,20,Yes,No,Fiber optic,No,Yes,Yes,No,No,No,Month-to-month,Yes,Electronic check,43.21,830.03,No
CUST-05882,Male,0,Yes,No,71,Yes,Yes,Fiber optic,No,No,No,No,Yes,Yes,Month-to-month,Yes,Electronic check,104.93,6986.93,No
CUST-05883,Female,0,Yes,No,56,Yes,Yes,DSL,Yes,No,No,Yes,Yes,Yes,One year,Yes,Electronic check,102.78,6342.53,No
CUST-05884,Female,0,Yes,No,4,Yes,No,No,No internet service,No internet service,No internet service,No internet service,No internet service,No internet service,Two year,Yes,Credit card (automatic),105.93,409.93,No
CUST-05885,Female,0,Yes,Yes,9,Yes,No,Fiber optic,No,No,No,No,No,Yes,Month-to-month,Yes,Credit card (automatic),92.08,927.57,Yes
CUST-05886,Male,0,No,No,25,Yes,No,Fiber optic,Yes,Yes,No,No,Yes,Yes,Two year,No,Electronic check,24.59,646.7,No
CUST-05887,Male,0,Yes,Yes,47,Yes,No,Fiber optic,Yes,No,No,No,Yes,Yes,Two year,No,Mailed check,53.79,2857.09,No
CUST-05888,Male,0,No,No,49,No,No phone service,Fiber optic,No,No,No,No,Yes,Yes,One year,Yes,Bank transfer (automatic),100.13,4370.51,No
CUST-05889,Male,0,No,No,27,Yes,No,DSL,No,No,Yes,Yes,No,No,Month-to-month,Yes,Mailed check,116.04,2831.36,Yes
CUST-05890,Male,0,No,No,28,Yes,No,DSL,No,No,No,No,No,No,One year,No,Bank transfer (automatic),104.76,3328.19,No
CUST-05891,Female,0,Yes,Yes,62,Yes,Yes,Fiber optic,No,No,No,Yes,No,No,Month-to-month,Yes,Electronic check,85.45,5769.65,Yes
CUST-05892,Male,0,No,No,16,Yes,No,DSL,No,No,No,No,No,No,Month-to-month,Yes,Credit card (automatic),101.01,1649.55,No
CUST-05893,Male,0,No,Yes,46,Yes,Yes,No,No internet service,No internet service,No internet service,No internet service,No internet service,No internet service,One year,Yes,Electronic check,55.16,2805.22,No
CUST-05894,Male,1,Yes,No,46,Yes,Yes,DSL,Yes,No,Yes,No,No,Yes,Month-to-month,Yes,Bank transfer (automatic),85.58,4182.38,No
CUST-05895,Male,0,Yes,No,40,Yes,Yes,Fiber optic,Yes,No,Yes,No,No,No,One year,Yes,Credit card (automatic),94.48,3762.24,No
CUST-05896,Male,0,Yes,No,34,Yes,No,DSL,No,Yes,Yes,No,No,Yes,One year,Yes,Bank transfer (automatic),68.76,2483.06,No
CUST-05897,Female,0,No,No,10,Yes,Yes,Fiber optic,Yes,No,Yes,Yes,No,No,Month-to-month,Yes,Bank transfer (automatic),44.46,433.1,No
CUST-05898,Male,0,No,No,1,Yes,Yes,DSL,No,No,No,No,Yes,No,One year,No,Credit card (automatic),111.5,126.69,No
CUST-05899,Male,0,Yes,No,66,Yes,No,No,No internet service,No internet service,No internet service,No internet service,No internet service,No internet service,Two year,Yes,Bank transfer (automatic),98.62,6494.55,No
CUST-05900,Male,0,Yes,No,17,Yes,No,DSL,No,No,No,No,Yes,No,Month-to-month,No,Mailed check,43.07,651.19,No
CUST-05901,Female,0,No,No,47,Yes,No,No,No internet service,No internet service,No internet service,No internet service,No internet service,No internet service,Two year,Yes,Mailed check,30.31,1367.19,No
CUST-05902,Female,0,No,No,24,Yes,No,DSL,No,Yes,No,No,Yes,Yes,Month-to-month,Yes,Electronic check,92.48,2293.32,No
CUST-05903,Female,1,No,Yes,50,Yes,No,Fiber optic,Yes,Yes,No,No,Yes,Yes,Two year,No,Electronic check,84.57,4113.36,No
CUST-05904,Male,0,No,No,29,Yes,No,Fiber optic,Yes,No,Yes,No,Yes,Yes,Month-to-month,Yes,Mailed check,77.71,2562.09,No
CUST-05905,Female,1,No,No,72,Yes,Yes,Fiber optic,No,No,No,No,No,Yes,One year,Yes,Mailed check,114.55,9377.44,No
CUST-05906,Male,0,No,No,13,Yes,No,Fiber optic,Yes,No,No,No,Yes,Yes,One year,Yes,Mailed check,52.49,705.05,No
CUST-05907,Male,0,Yes,No,64,Yes,Yes,No,No internet service,No internet service,No internet service,No internet service,No internet service,No internet service,One year,Yes,Electronic check,30.56,1668.63,No
CUST-05908,Female,0,Yes,No,28,Yes,No,Fiber optic,No,No,Yes,No,No,No,One year,No,Credit card (automatic),38.96,1068.51,No
CUST-05909,Male,0,No,No,5,No,No phone service,DSL,Yes,No,Yes,No,No,No,Two year,No,Credit card (automatic),90.8,473.5,No
CUST-05910,Male,1,Yes,No,9,No,No phone service,Fiber optic,No,No,No,No,No,No,Month-to-month,Yes,Electronic check,109.83,1107.7,Yes
CUST-05911,Male,0,Yes,No,14,Yes,No,No,No internet service,No internet service,No internet service,No internet service,No internet service,No internet service,Two year,No,Mailed check,87.29,1114.02,No
CUST-05912,Female,0,No,No,10,Yes,No,Fiber optic,No,No,No,No,No,No,Month-to-month,Yes,Mailed check,32.91,288.18,Yes
CUST-05913,Male,1,No,No,33,Yes,No,DSL,Yes,No,Yes,No,No,No,Two year,No,Electronic check,89.26,3120.68,Yes
CUST-05914,Male,0,No,No,40,No,No phone service,Fiber optic,No,No,Yes,Yes,No,Yes,Month-to-month,No,Electronic check,50.07,1852.44,Yes
CUST-05915,Female,0,No,No,6,Yes,No,Fiber optic,No,No,Yes,No,Yes,No,Month-to-month,No,Credit card (automatic),58.33,390.08,No
CUST-05916,Male,0,No,No,17,Yes,Yes,DSL,No,No,Yes,No,Yes,No,Month-to-month,Yes,Bank transfer (automatic),82.88,1563.47,No
CUST-05917,Male,0,Yes,No,36,Yes,No,Fiber optic,Yes,Yes,No,No,No,Yes,Month-to-month,Yes,Credit card (automatic),61.17,2239.95,Yes
CUST-05918,Female,0,No,No,70,Yes,No,DSL,No,No,No,No,No,Yes,Month-to-month,No,Bank transfer (automatic),114.86,8008.11,No
CUST-05919,Male,0,Yes,No,61,Yes,No,DSL,No,Yes,No,No,Yes,Yes,Two year,Yes,Credit card (automatic),98.08,5164.25,No
CUST-05920,Male,0,Yes,No,49,No,No phone service,No,No internet service,No internet service,No internet service,No internet service,No internet service,No internet service,Month-to-month,Yes,Mailed check,72.93,4105.02,No
CUST-05921,Male,0,Yes,No,69,Yes,No,Fiber optic,No,Yes,Yes,No,No,Yes,Month-to-month,No,Bank transfer (automatic),61.76,3927.65,Yes
CUST-05922,Male,0,No,No,71,Yes,No,DSL,No,Yes,No,Yes,No,No,Month-to-month,No,Mailed check,51.44,3548.42,No
CUST-05923,Male,1,Yes,No,24,Yes,No,DSL,Yes,No,No,Yes,No,No,Month-to-month,No,Credit card (automatic),51.58,1281.49,No
CUST-05924,Female,0,No,No,51,Yes,Yes,DSL,No,No,Yes,No,No,No,Month-to-month,No,Bank transfer (automatic),83.06,4121.37,Yes
CUST-05925,Female,0,Yes,Yes,42,Yes,No,No,No internet service,No internet service,No internet service,No internet service,No internet service,No internet service,Two year,No,Bank transfer (automatic),101.95,4690.01,No
CUST-05926,Female,0,Yes,No,19,Yes,No,Fiber optic,No,No,No,No,Yes,No,Month-to-month,No,Electronic check,37.51,621.48,Yes
CUST-05927,Female,0,No,Yes,62,Yes,Yes,DSL,No,No,No,No,No,No,One year,Yes,Credit card (automatic),111.31,7438.59,No
CUST-05928,Male,0,No,No,67,Yes,No,No,No internet service,No internet service,No internet service,No internet service,No internet service,No internet service,Month-to-month,Yes,Credit card (automatic),48.47,2980.68,No
CUST-05929,Male,0,Yes,No,30,Yes,Yes,Fiber optic,No,No,No,Yes,Yes,No,Month-to-month,Yes,Credit card (automatic),89.29,2815.71,No
CUST-05930,Male,1,No,No,38,Yes,Yes,Fiber optic,Yes,Yes,No,Yes,No,No,Month-to-month,Yes,Mailed check,94.88,3913.44,No
CUST-05931,Male,0,No,No,6,Yes,Yes,DSL,No,Yes,No,No,Yes,No,Month-to-month,Yes,Electronic check,100.81,662.64,Yes
CUST-05932,Male,0,No,No,22,Yes,Yes,Fiber optic,Yes,No,No,No,No,No,One year,No,Electronic check,57.54,1313.55,No
CUST-05933,Female,0,No,Yes,11,Yes,No,No,No internet service,No internet service,No internet service,No internet service,No internet service,No internet service,Two year,No,Mailed check,59.53,703.08,No
CUST-05934,Female,0,Yes,No,72,Yes,No,Fiber optic,No,No,Yes,No,No,Yes,Month-to-month,Yes,Electronic check,86.1,6639.64,No
CUST-05935,Male,0,No,No,29,Yes,No,Fiber optic,No,No,No,No,No,No,Month-to-month,Yes,Mailed check,113.91,2823.48,No
CUST-05936,Male,0,Yes,No,8,Yes,No,DSL,No,No,Yes,No,Yes,No,Month-to-month,Yes,Electronic check,111.65,920.3,Yes
CUST-05937,Male,0,Yes,No,35,Yes,No,No,No internet service,No internet service,No internet service,No internet service,No internet service,No internet service,Two year,No,Electronic check,93.29,3077.32,No
CUST-05938,Female,1,No,No,72,Yes,Yes,No,No internet service,No internet service,No internet service,No internet service,No internet service,No internet service,Month-to-month,Yes,Credit card (automatic),37.59,2685.64,No
CUST-05939,Male,0,Yes,No,72,Yes,No,Fiber optic,No,Yes,Yes,Yes,Yes,No,One year,Yes,Electronic check,85.52,6427.39,No
CUST-05940,Male,0,Yes,No,45,Yes,No,Fiber optic,Yes,No,Yes,No,No,Yes,Month-to-month,Yes,Electronic check,100.61,5101.38,No
CUST-05941,Male,0,No,Yes,33,No,No phone service,Fiber optic,No,No,No,No,No,Yes,One year,Yes,Bank transfer (automatic),117.41,4068.15,No
CUST-05942,Female,0,No,No,5,Yes,Yes,No,No internet service,No internet service,No internet service,No internet service,No internet service,No internet service,One year,Yes,Credit card (automatic),73.34,356.67,No
CUST-05943,Male,0,No,Yes,62,Yes,No,Fiber optic,Yes,Yes,No,No,Yes,Yes,Two year,Yes,Electronic check,77.42,4640.84,No
CUST-05944,Female,0,No,No,37,Yes,No,DSL,No,No,No,No,No,Yes,Month-to-month,Yes,Credit card (automatic),117.14,4080.15,No
CUST-05945,Female,0,Yes,No,17,Yes,Yes,DSL,No,Yes,No,Yes,No,No,One year,Yes,Electronic check,103.27,1820.59,No
CUST-05946,Female,0,No,Yes,22,Yes,No,No,No internet service,No internet service,No internet service,No internet service,No internet service,No internet service,Month-to-month,Yes,Credit card (automatic),25.43,588.89,No
CUST-05947,Female,0,No,No,32,Yes,Yes,No,No internet service,No internet service,No internet service,No internet service,No internet service,No internet service,Month-to-month,Yes,Credit card (automatic),115.15,4155.09,No
CUST-05948,Female,0,Yes,No,14,Yes,No,Fiber optic,Yes,Yes,Yes,No,No,No,One year,Yes,Bank transfer (automatic),42.94,531.87,No
CUST-05949,Female,0,Yes,Yes,20,Yes,No,DSL,No,Yes,No,No,No,Yes,One year,Yes,Bank transfer (automatic),103.91,2356.86,Yes
CUST-05950,Male,0,Yes,Yes,22,Yes,No,Fiber optic,No,Yes,No,Yes,Yes,Yes,Month-to-month,Yes,Bank transfer (automatic),57.45,1268.34,No
CUST-05951,Male,0,No,Yes,30,Yes,No,Fiber optic,Yes,Yes,No,No,Yes,Yes,Two year,Yes,Electronic check,33.59,1060.19,No
CUST-05952,Male,0,Yes,Yes,54,Yes,Yes,DSL,No,Yes,No,Yes,No,No,One year,Yes,Mailed check,104.35,5941.77,No
CUST-05953,Female,0,No,Yes,33,Yes,No,No,No internet service,No internet service,No internet service,No internet service,No internet service,No internet service,Month-to-month,Yes,Electronic check,20.72,614.03,No
CUST-05954,Male,0,Yes,No,5,Yes,Yes,Fiber optic,No,Yes,Yes,No,No,Yes,One year,Yes,Electronic check,76.9,406.56,Yes
CUST-05955,Female,0,Yes,No,18,Yes,Yes,Fiber optic,Yes,No,No,No,No,No,Month-to-month,Yes,Credit card (automatic),41.73,685.46,No
CUST-05956,Female,0,Yes,No,63,Yes,No,Fiber optic,No,Yes,No,No,Yes,No,Month-to-month,Yes,Bank transfer (automatic),35.89,2153.7,No
CUST-05957,Female,0,Yes,No,46,Yes,Yes,Fiber optic,No,Yes,Yes,Yes,No,No,Month-to-month,No,Mailed check,73.06,3736.27,No
CUST-05958,Male,0,Yes,No,7,Yes,No,DSL,No,Yes,No,No,No,Yes,Month-to-month,No,Mailed check,110.02,849.03,No
CUST-05959,Female,0,Yes,No,29,Yes,No,Fiber optic,No,No,No,No,No,Yes,Month-to-month,No,Bank transfer (automatic),115.19,3534.74,No
CUST-05960,Female,0,Yes,No,57,Yes,Yes,DSL,Yes,No,No,Yes,Yes,Yes,One year,Yes,Bank transfer (automatic),32.72,1675.51,No
CUST-05961,Male,0,No,No,47,Yes,Yes,No,No internet service,No internet service,No internet service,No internet service,No internet service,No internet service,Month-to-month,Yes,Mailed check,94.12,4031.94,Yes
CUST-05962,Male,0,No,No,9,Yes,No,No,No internet service,No internet service,No internet service,No internet service,No internet service,No internet service,One year,Yes,Bank transfer (automatic),87.41,828.31,No
CUST-05963,Female,0,No,No,59,Yes,Yes,DSL,Yes,No,Yes,No,Yes,No,Month-to-month,Yes,Electronic check,58.29,3212.07,No
CUST-05964,Female,0,No,No,71,Yes,No,DSL,No,No,Yes,Yes,Yes,No,One year,No,Electronic check,28.01,1864.4,No
CUST-05965,Male,0,No,Yes,71,Yes,Yes,Fiber optic,No,No,No,No,No,No,Month-to-month,Yes,Electronic check,70.37,4520.73,No
CUST-05966,Male,0,No,No,43,Yes,Yes,Fiber optic,No,No,No,No,No,Yes,Month-to-month,Yes,Bank transfer (automatic),96.95,4042.29,Yes
CUST-05967,Male,0,Yes,No,59,Yes,No,No,No internet service,No internet service,No internet service,No internet service,No internet service,No internet service,Month-to-month,Yes,Bank transfer (automatic),18.86,986.97,No
CUST-05968,Female,0,No,No,6,Yes,No,Fiber optic,No,No,No,No,No,No,Two year,Yes,Mailed check,56.22,357.66,No
CUST-05969,Male,0,No,Yes,53,Yes,No,No,No internet service,No internet service,No internet service,No internet service,No internet service,No internet service,Month-to-month,No,Mailed check,25.55,1152.73,No
CUST-05970,Male,0,No,Yes,64,Yes,No,DSL,No,Yes,No,No,No,No,One year,No,Electronic check,23.88,1315.31,No
CUST-05971,Male,0,No,No,4,Yes,No,Fiber optic,No,No,Yes,No,No,Yes,Month-to-month,No,Mailed check,41.39,180.12,No
CUST-05972,Female,0,Yes,Yes,1,Yes,No,Fiber optic,No,Yes,No,No,Yes,Yes,Month-to-month,No,Electronic check,107.45,95.7,No
CUST-05973,Male,0,No,No,70,Yes,No,Fiber optic,No,Yes,No,No,No,No,One year,Yes,Mailed check,62.39,4794.07,Yes
CUST-05974,Male,0,Yes,No,31,Yes,Yes,No,No internet service,No internet service,No internet service,No internet service,No internet service,No internet service,Two year,No,Electronic check,91.41,2424.13,No
CUST-05975,Male,0,Yes,No,65,Yes,No,No,No internet service,No internet service,No internet service,No internet service,No internet service,No internet service,One year,No,Electronic check,114.55,6683.49,No
CUST-05976,Male,0,Yes,Yes,69,Yes,Yes,No,No internet service,No internet service,No internet service,No internet service,No internet service,No internet service,Month-to-month,Yes,Credit card (automatic),18.78,1291.39,No
CUST-05977,Male,0,Yes,No,19,Yes,No,Fiber optic,Yes,Yes,No,No,Yes,Yes,Month-to-month,No,Electronic check,98.44,1815.86,No
CUST-05978,Female,0,Yes,Yes,69,Yes,No,Fiber optic,Yes,No,Yes,No,Yes,No,Month-to-month,Yes,Credit card (automatic),30.63,2099.42,No
CUST-05979,Female,0,Yes,No,69,Yes,No,DSL,No,Yes,Yes,No,No,No,Month-to-month,No,Credit card (automatic),23.77,1879.47,No
CUST-05980,Female,0,No,No,49,Yes,No,DSL,No,No,Yes,Yes,Yes,Yes,Month-to-month,Yes,Bank transfer (automatic),84.52,4283.35,No
CUST-05981,Male,1,Yes,No,31,Yes,No,Fiber optic,No,No,Yes,No,No,Yes,Month-to-month,Yes,Credit card (automatic),89.83,2488.73,No
CUST-05982,Female,1,No,No,60,Yes,No,DSL,No,Yes,No,No,No,No,One year,Yes,Bank transfer (automatic),90.25,4895.86,No
CUST-05983,Female,0,No,No,71,Yes,No,DSL,Yes,No,No,Yes,No,Yes,One year,No,Electronic check,44.3,3410.4,No
CUST-05984,Female,1,No,No,55,Yes,Yes,Fiber optic,No,Yes,Yes,Yes,Yes,Yes,Month-to-month,No,Mailed check,33.6,1750.36,No
CUST-05985,Male,0,Yes,Yes,38,Yes,Yes,DSL,Yes,Yes,No,Yes,Yes,Yes,Month-to-month,No,Bank transfer (automatic),30.72,1208.59,No
CUST-05986,Male,0,No,No,33,Yes,No,Fiber optic,No,Yes,Yes,No,No,No,Month-to-month,No,Bank transfer (automatic),45.66,1465.61,No
CUST-05987,Female,0,Yes,Yes,6,Yes,No,Fiber optic,No,No,No,No,Yes,No,Month-to-month,No,Mailed check,59.62,313.24,No
CUST-05988,Female,0,Yes,No,13,Yes,No,Fiber optic,Yes,No,No,No,No,No,Month-to-month,Yes,Electronic check,108.82,1625.27,Yes
CUST-05989,Male,0,No,No,20,Yes,No,Fiber optic,No,No,No,No,Yes,Yes,Month-to-month,Yes,Credit card (automatic),115.6,2252.34,Yes
CUST-05990,Male,1,No,Yes,37,Yes,Yes,Fiber optic,Yes,No,Yes,No,No,No,One year,No,Credit card (automatic),21.48,708.37,No
CUST-05991,Female,0,No,No,45,Yes,No,Fiber optic,No,No,No,No,Yes,No,One year,Yes,Credit card (automatic),20.3,1003.11,No
CUST-05992,Male,0,Yes,Yes,59,Yes,No,DSL,Yes,No,No,Yes,No,Yes,Month-to-month,Yes,Mailed check,76.88,4500.02,No
CUST-05993,Female,0,Yes,Yes,52,Yes,Yes,Fiber optic,No,No,Yes,No,Yes,No,One year,Yes,Mailed check,64.95,2996.07,No
CUST-05994,Male,0,Yes,No,18,No,No phone service,Fiber optic,Yes,Yes,No,No,Yes,No,Month-to-month,Yes,Credit card (automatic),69.28,1276.19,No
CUST-05995,Female,0,No,No,25,No,No phone service,DSL,No,No,Yes,No,No,Yes,Two year,No,Credit card (automatic),116.47,3124.93,No
CUST-05996,Female,0,Yes,Yes,1,Yes,No,Fiber optic,No,No,Yes,Yes,Yes,No,Month-to-month,Yes,Bank transfer (automatic),90.93,86.28,No
CUST-05997,Male,0,No,No,41,Yes,No,No,No internet service,No internet service,No internet service,No internet service,No internet service,No internet service,Month-to-month,Yes,Electronic check,33.63,1379.85,No
CUST-05998,Female,0,Yes,No,18,Yes,Yes,Fiber optic,Yes,No,Yes,No,No,No,Month-to-month,Yes,Mailed check,117.31,2353.31,Yes
CUST-05999,Female,0,Yes,No,1,Yes,Yes,DSL,No,Yes,No,No,Yes,No,One year,Yes,Bank transfer (automatic),68.96,66.38,No
CUST-06000,Female,0,Yes,No,39,Yes,No,DSL,No,Yes,No,Yes,No,No,Month-to-month,No,Electronic check,75.57,3327.19,No
CUST-06001,Male,1,Yes,Yes,31,Yes,No,DSL,No,No,No,No,Yes,No,Two year,Yes,Credit card (automatic),116.7,3358.71,Yes
CUST-06002,Male,0,No,Yes,71,No,No phone service,DSL,No,No,Yes,Yes,No,No,One year,Yes,Electronic check,28.45,2009.88,No
CUST-06003,Male,0,No,Yes,38,Yes,No,DSL,Yes,No,No,No,Yes,Yes,Month-to-month,Yes,Electronic check,26.9,1104.32,No
CUST-06004,Female,0,Yes,Yes,8,Yes,No,Fiber optic,Yes,No,No,No,No,No,Two year,Yes,Electronic check,34.71,262.08,No
CUST-06005,Male,0,Yes,Yes,34,Yes,No,Fiber optic,Yes,Yes,No,No,Yes,No,Two year,Yes,Bank transfer (automatic),40.03,1296.59,No
CUST-06006,Female,1,No,No,27,Yes,No,Fiber optic,No,No,No,No,No,No,Month-to-month,No,Mailed check,70.06,1981.46,No
CUST-06007,Female,0,No,No,41,Yes,Yes,Fiber optic,No,No,No,No,No,No,Month-to-month,Yes,Mailed check,60.49,2473.19,No
CUST-06008,Male,0,No,No,7,Yes,No,DSL,Yes,No,No,No,No,No,Month-to-month,No,Mailed check,82.46,545.68,No
CUST-06009,Male,0,Yes,No,32,Yes,Yes,DSL,Yes,No,Yes,Yes,No,Yes,Two year,Yes,Electronic check,65.4,2078.46,No
CUST-06010,Female,1,Yes,Yes,16,Yes,Yes,Fiber optic,No,Yes,Yes,Yes,No,No,One year,No,Mailed check,86.57,1291.29,No
CUST-06011,Female,0,Yes,Yes,2,Yes,No,Fiber optic,No,Yes,No,Yes,No,Yes,Two year,No,Electronic check,42.59,81.47,No
CUST-06012,Male,0,Yes,No,43,Yes,No,DSL,No,Yes,No,No,No,No,Month-to-month,No,Electronic check,91.54,4315.55,No
CUST-06013,Male,0,No,Yes,31,No,No phone service,DSL,Yes,No,No,Yes,No,Yes,Two year,Yes,Credit card (automatic),115.32,3620.25,No
CUST-06014,Male,0,Yes,No,47,Yes,No,DSL,Yes,Yes,No,No,Yes,Yes,Month-to-month,No,Credit card (automatic),22.23,1023.48,No
CUST-06015,Female,0,No,No,33,Yes,Yes,Fiber optic,No,No,No,Yes,No,No,Two year,Yes,Bank transfer (automatic),58.18,1806.82,No
CUST-06016,Female,0,Yes,No,17,Yes,No,Fiber optic,Yes,No,No,Yes,Yes,Yes,Month-to-month,Yes,Credit card (automatic),89.97,1645.42,Yes
CUST-06017,Female,0,No,No,54,Yes,Yes,Fiber optic,Yes,Yes,No,Yes,Yes,Yes,Month-to-month,No,Mailed check,37.78,2254.78,No
CUST-06018,Female,0,Yes,Yes,54,Yes,Yes,No,No internet service,No internet service,No internet service,No internet service,No internet service,No internet service,Two year,No,Electronic check,45.37,2274.32,No
CUST-06019,Female,0,Yes,No,51,Yes,Yes,No,No internet service,No internet service,No internet service,No internet service,No internet service,No internet service,Two year,No,Mailed check,114.18,6691.77,No
CUST-06020,Male,0,No,No,52,Yes,No,DSL,No,No,Yes,No,Yes,No,Two year,Yes,Credit card (automatic),93.1,5028.89,No
CUST-06021,Male,0,Yes,No,7,Yes,No,Fiber optic,No,Yes,Yes,Yes,No,Yes,Month-to-month,No,Electronic check,113.44,884.93,No
CUST-06022,Female,0,Yes,No,54,Yes,No,DSL,Yes,No,Yes,No,No,Yes,One year,Yes,Bank transfer (automatic),117.75,6309.31,No
CUST-06023,Female,0,Yes,Yes,11,Yes,No,Fiber optic,No,No,No,Yes,No,Yes,Month-to-month,No,Bank transfer (automatic),47.36,553.91,No
CUST-06024,Male,0,No,No,62,Yes,No,Fiber optic,No,No,No,Yes,No,Yes,Month-to-month,Yes,Electronic check,103.78,7372.84,No
CUST-06025,Male,0,No,No,30,Yes,No,Fiber optic,Yes,No,No,No,No,Yes,Two year,Yes,Credit card (automatic),43.84,1490.47,No
CUST-06026,Male,0,No,No,57,Yes,No,DSL,Yes,No,Yes,Yes,No,Yes,Month-to-month,No,Bank transfer (automatic),96.69,5046.32,Yes
CUST-06027,Male,0,No,No,46,Yes,No,Fiber optic,No,No,No,No,No,No,Month-to-month,Yes,Electronic check,98.28,4843.79,Yes
CUST-06028,Female,0,No,Yes,70,Yes,No,No,No internet service,No internet service,No internet service,No internet service,No internet service,No internet service,Month-to-month,Yes,Bank transfer (automatic),115.56,7482.48,No
CUST-06029,Male,0,No,Yes,66,Yes,No,DSL,No,Yes,No,No,No,Yes,Two year,Yes,Credit card (automatic),118.36,8916.08,No
CUST-06030,Female,0,No,No,55,Yes,Yes,Fiber optic,No,Yes,No,No,No,No,Month-to-month,Yes,Credit card (automatic),82.26,4919.15,Yes
CUST-06031,Male,0,No,No,58,Yes,Yes,No,No internet service,No internet service,No internet service,No internet service,No internet service,No internet service,Two year,No,Credit card (automatic),92.16,5850.53,No
CUST-06032,Male,0,Yes,No,10,Yes,No,DSL,No,No,No,Yes,Yes,Yes,Month-to-month,Yes,Electronic check,100.0,1131.02,Yes
CUST-06033,Male,1,No,No,4,Yes,Yes,DSL,Yes,Yes,Yes,No,Yes,No,Month-to-month,Yes,Electronic check,102.05,436.7,Yes
CUST-06034,Female,0,No,No,62,Yes,Yes,Fiber optic,No,Yes,No,No,Yes,Yes,One year,Yes,Electronic check,69.54,4071.26,No
CUST-06035,Female,0,Yes,No,43,Yes,No,DSL,No,No,No,Yes,Yes,No,Month-to-month,No,Electronic check,40.57,1828.87,No
CUST-06036,Male,0,Yes,No,42,Yes,No,No,No internet service,No internet service,No internet service,No internet service,No internet service,No internet service,Two year,No,Bank transfer (automatic),101.05,4290.4,No
CUST-06037,Female,0,Yes,No,24,Yes,No,Fiber optic,No,No,No,No,No,No,Month-to-month,Yes,Mailed check,80.79,2073.13,Yes
CUST-06038,Female,0,Yes,Yes,5,Yes,Yes,Fiber optic,No,No,No,No,Yes,Yes,Month-to-month,Yes,Electronic check,84.74,393.59,Yes
CUST-06039,Male,1,Yes,No,68,Yes,No,DSL,No,No,Yes,Yes,No,Yes,Two year,No,Credit card (automatic),59.49,4105.94,No
CUST-06040,Male,0,Yes,No,45,Yes,No,DSL,No,No,No,No,Yes,No,Month-to-month,Yes,Electronic check,111.15,4668.57,Yes
CUST-06041,Female,0,Yes,Yes,59,Yes,No,Fiber optic,No,No,No,Yes,No,Yes,One year,Yes,Credit card (automatic),107.01,6741.06,No
CUST-06042,Female,0,No,No,65,Yes,Yes,Fiber optic,Yes,Yes,Yes,No,Yes,No,Month-to-month,No,Electronic check,32.71,2318.01,No
CUST-06043,Female,0,Yes,No,63,Yes,No,Fiber optic,No,Yes,No,No,No,No,Month-to-month,No,Electronic check,36.96,2103.64,No
CUST-06044,Male,0,Yes,No,67,Yes,Yes,No,No internet service,No internet service,No internet service,No internet service,No internet service,No internet service,Month-to-month,Yes,Electronic check,65.67,5006.95,No
CUST-06045,Male,0,Yes,No,49,Yes,Yes,Fiber optic,Yes,No,No,No,Yes,No,Month-to-month,Yes,Mailed check,83.79,4164.01,Yes
CUST-06046,Female,0,No,No,32,Yes,Yes,DSL,Yes,No,No,No,No,No,Month-to-month,No,Mailed check,47.01,1676.77,No
CUST-06047,Male,1,Yes,No,50,Yes,Yes,No,No internet service,No internet service,No internet service,No internet service,No internet service,No internet service,One year,Yes,Mailed check,61.67,2856.15,No
CUST-06048,Male,0,Yes,No,58,Yes,No,Fiber optic,Yes,No,No,Yes,Yes,Yes,Month-to-month,Yes,Bank transfer (automatic),34.46,1815.09,No
CUST-06049,Female,0,No,Yes,52,Yes,No,No,No internet service,No internet service,No internet service,No internet service,No internet service,No internet service,Month-to-month,No,Electronic check,49.51,2921.47,Yes
CUST-06050,Female,1,Yes,No,23,Yes,Yes,DSL,Yes,No,No,No,Yes,No,One year,No,Electronic check,78.94,2084.35,Yes
CUST-06051,Male,0,Yes,No,30,Yes,No,DSL,No,No,No,No,Yes,No,Month-to-month,Yes,Mailed check,39.6,1081.13,No
CUST-06052,Male,0,Yes,No,70,Yes,Yes,Fiber optic,Yes,No,Yes,No,Yes,Yes,Month-to-month,No,Electronic check,113.06,8061.93,Yes
CUST-06053,Female,0,No,Yes,71,Yes,No,Fiber optic,No,No,No,No,No,No,Month-to-month,No,Credit card (automatic),113.7,8594.72,Yes
CUST-06054,Male,0,No,No,30,Yes,Yes,No,No internet service,No internet service,No internet service,No internet service,No internet service,No internet service,Month-to-month,No,Credit card (automatic),79.79,2282.17,No
CUST-06055,Male,0,No,No,37,Yes,Yes,DSL,No,No,No,No,No,No,Two year,No,Electronic check,31.09,1119.06,No
CUST-06056,Female,0,Yes,No,48,No,No phone service,DSL,No,No,Yes,No,No,No,Month-to-month,No,Credit card (automatic),57.17,2744.15,No
CUST-06057,Female,0,No,No,32,Yes,No,Fiber optic,Yes,No,No,Yes,Yes,Yes,Month-to-month,No,Mailed check,91.93,2558.09,Yes
CUST-06058,Male,0,Yes,Yes,70,Yes,Yes,DSL,Yes,No,No,Yes,No,No,Month-to-month,No,Mailed check,42.4,3042.46,No
CUST-06059,Male,1,Yes,No,35,Yes,No,DSL,Yes,No,Yes,No,Yes,No,One year,Yes,Bank transfer (automatic),99.01,3345.48,No
CUST-06060,Male,0,Yes,No,68,Yes,Yes,DSL,No,No,No,Yes,Yes,Yes,One year,Yes,Electronic check,19.03,1382.77,No
CUST-06061,Female,0,No,No,32,Yes,No,DSL,Yes,No,No,No,No,Yes,Month-to-month,Yes,Electronic check,37.37,1100.72,No
CUST-06062,Male,0,Yes,No,59,Yes,Yes,Fiber optic,No,Yes,No,Yes,No,Yes,One year,No,Bank transfer (automatic),49.87,3191.57,No
CUST-06063,Male,0,No,No,35,Yes,Yes,No,No internet service,No internet service,No internet service,No internet service,No internet service,No internet service,Month-to-month,Yes,Credit card (automatic),115.34,3530.77,No
CUST-06064,Female,0,No,Yes,16,Yes,No,Fiber optic,Yes,Yes,No,No,Yes,No,Month-to-month,Yes,Bank transfer (automatic),94.14,1417.76,Yes
CUST-06065,Female,0,Yes,No,52,Yes,No,Fiber optic,Yes,No,Yes,No,No,Yes,Month-to-month,Yes,Bank transfer (automatic),20.19,1066.92,No
CUST-06066,Male,0,Yes,No,66,Yes,No,Fiber optic,No,No,No,No,No,Yes,Month-to-month,No,Credit card (automatic),64.79,3824.27,No
CUST-06067,Female,0,Yes,Yes,6,No,No phone service,Fiber optic,No,No,No,No,No,No,Month-to-month,Yes,Credit card (automatic),87.77,482.36,No
CUST-06068,Female,0,Yes,No,14,Yes,Yes,No,No internet service,No internet service,No internet service,No internet service,No internet service,No internet service,Month-to-month,No,Electronic check,80.36,1010.13,Yes
CUST-06069,Male,0,Yes,No,29,Yes,Yes,Fiber optic,No,No,No,Yes,No,Yes,Month-to-month,No,Electronic check,64.81,2086.59,No
CUST-06070,Female,0,No,No,26,Yes,No,DSL,No,No,No,No,Yes,Yes,One year,Yes,Bank transfer (automatic),44.38,1127.31,No
CUST-06071,Female,0,Yes,Yes,18,No,No phone service,No,No internet service,No internet service,No internet service,No internet service,No internet service,No internet service,Month-to-month,No,Electronic check,55.73,1068.46,Yes
CUST-06072,Male,0,No,No,4,Yes,No,Fiber optic,No,Yes,Yes,No,No,No,Month-to-month,No,Mailed check,89.66,368.19,Yes
CUST-06073,Female,0,Yes,No,57,Yes,No,DSL,No,No,No,Yes,No,No,Two year,Yes,Electronic check,94.41,5565.03,No
CUST-06074,Male,0,No,No,53,Yes,No,Fiber optic,No,No,Yes,No,No,No,One year,Yes,Credit card (automatic),67.64,4054.08,No
CUST-06075,Male,1,No,No,25,Yes,No,Fiber optic,Yes,No,No,No,No,No,Month-to-month,No,Mailed check,110.19,2620.15,No
CUST-06076,Female,0,No,Yes,47,Yes,Yes,DSL,No,No,No,No,Yes,No,One year,Yes,Electronic check,114.61,5012.69,No
CUST-06077,Female,0,No,No,52,Yes,Yes,Fiber optic,No,No,Yes,No,No,No,Month-to-month,Yes,Bank transfer (automatic),96.9,4940.98,No
CUST-06078,Female,0,Yes,No,34,Yes,Yes,Fiber optic,Yes,No,No,No,Yes,Yes,Two year,Yes,Electronic check,38.66,1292.78,No
CUST-06079,Male,1,Yes,No,16,Yes,No,No,No internet service,No internet service,No internet service,No internet service,No internet service,No internet service,Month-to-month,Yes,Credit card (automatic),106.61,1911.21,Yes
CUST-06080,Female,0,No,No,36,Yes,No,No,No internet service,No internet service,No internet service,No internet service,No internet service,No internet service,Month-to-month,Yes,Credit card (automatic),63.86,2547.21,No
CUST-06081,Male,0,No,No,28,Yes,No,DSL,Yes,No,No,No,No,No,Month-to-month,Yes,Electronic check,40.53,1106.91,No
CUST-06082,Female,0,No,No,65,No,No phone service,Fiber optic,Yes,No,Yes,No,No,No,Month-to-month,No,Electronic check,97.19,6850.88,No
CUST-06083,Female,0,Yes,No,72,Yes,No,No,No internet service,No internet service,No internet service,No internet service,No internet service,No internet service,Month-to-month,Yes,Electronic check,58.58,4204.19,Yes
CUST-06084,Female,0,Yes,No,53,Yes,Yes,Fiber optic,Yes,No,No,No,No,Yes,Two year,Yes,Electronic check,42.24,2478.69,No
CUST-06085,Male,0,Yes,No,42,Yes,Yes,Fiber optic,No,No,No,No,No,Yes,Month-to-month,No,Electronic check,77.31,2911.23,No
CUST-06086,Female,0,No,No,19,Yes,Yes,DSL,No,No,No,No,Yes,Yes,Month-to-month,No,Electronic check,30.11,651.43,No
CUST-06087,Female,0,No,No,44,Yes,No,No,No internet service,No internet service,No internet service,No internet service,No internet service,No internet service,Two year,Yes,Credit card (automatic),56.3,2293.34,No
CUST-06088,Male,0,No,Yes,30,Yes,No,Fiber optic,No,No,No,No,No,No,Month-to-month,Yes,Credit card (automatic),53.04,1494.68,Yes
CUST-06089,Male,1,No,No,44,Yes,No,DSL,No,Yes,No,No,No,No,Month-to-month,Yes,Bank transfer (automatic),58.59,2192.28,Yes
CUST-06090,Female,0,No,Yes,27,Yes,No,No,No internet service,No internet service,No internet service,No internet service,No internet service,No internet service,Two year,Yes,Mailed check,62.86,1608.78,No
CUST-06091,Female,0,No,No,34,Yes,Yes,No,No internet service,No internet service,No internet service,No internet service,No internet service,No internet service,Two year,No,Mailed check,82.32,3031.87,No
CUST-06092,Female,0,Yes,No,24,No,No phone service,Fiber optic,Yes,Yes,No,No,No,No,Month-to-month,No,Bank transfer (automatic),24.08,594.27,No
CUST-06093,Male,1,No,Yes,56,Yes,No,Fiber optic,No,No,Yes,No,Yes,No,Two year,Yes,Electronic check,64.78,4108.88,No
CUST-06094,Male,1,Yes,No,7,Yes,Yes,Fiber optic,No,Yes,No,Yes,No,Yes,Month-to-month,Yes,Bank transfer (automatic),68.2,524.89,No
CUST-06095,Male,0,No,No,68,Yes,No,Fiber optic,Yes,Yes,No,Yes,No,No,Two year,Yes,Electronic check,52.12,3145.39,No
CUST-06096,Male,0,Yes,Yes,51,Yes,Yes,Fiber optic,No,No,No,No,Yes,No,Two year,No,Bank transfer (automatic),93.05,5260.09,No
CUST-06097,Female,0,No,No,8,Yes,Yes,No,No internet service,No internet service,No internet service,No internet service,No internet service,No internet service,One year,Yes,Mailed check,90.25,721.55,No
CUST-06098,Male,1,No,No,56,Yes,Yes,Fiber optic,No,Yes,Yes,No,Yes,Yes,Two year,Yes,Bank transfer (automatic),70.67,3975.94,No
CUST-06099,Male,0,No,No,58,Yes,No,Fiber optic,No,No,No,Yes,Yes,Yes,One year,Yes,Bank transfer (automatic),104.44,6819.55,No
CUST-06100,Male,0,No,No,69,Yes,Yes,DSL,No,Yes,No,Yes,No,Yes,Month-to-month,Yes,Electronic check,30.05,1772.99,No
CUST-06101,Female,0,No,Yes,8,Yes,Yes,DSL,No,No,Yes,Yes,Yes,No,One year,Yes,Mailed check,55.98,422.09,Yes
CUST-06102,Female,1,No,Yes,66,Yes,Yes,Fiber optic,Yes,Yes,No,Yes,Yes,Yes,One year,Yes,Bank transfer (automatic),86.55,4865.33,No
CUST-06103,Male,0,Yes,No,24,Yes,Yes,No,No internet service,No internet service,No internet service,No internet service,No internet service,No internet service,One year,No,Electronic check,111.03,2390.33,Yes
CUST-06104,Male,0,No,No,42,No,No phone service,Fiber optic,Yes,No,No,No,No,No,Two year,No,Credit card (automatic),104.7,4898.54,No
CUST-06105,Female,0,Yes,No,54,Yes,No,Fiber optic,No,Yes,No,No,Yes,Yes,Month-to-month,No,Mailed check,34.68,1832.52,No
CUST-06106,Female,0,No,No,16,Yes,No,Fiber optic,No,Yes,Yes,No,No,Yes,One year,No,Electronic check,24.49,434.08,No
CUST-06107,Female,0,No,No,4,Yes,Yes,Fiber optic,No,No,No,No,Yes,No,One year,No,Bank transfer (automatic),74.13,256.53,No
CUST-06108,Female,1,No,No,59,Yes,No,No,No internet service,No internet service,No internet service,No internet service,No internet service,No internet service,Month-to-month,No,Bank transfer (automatic),68.09,3676.35,Yes
CUST-06109,Female,1,No,No,46,Yes,No,No,No internet service,No internet service,No internet service,No internet service,No internet service,No internet service,Month-to-month,Yes,Mailed check,54.73,2758.61,No
CUST-06110,Female,1,No,Yes,13,Yes,Yes,DSL,Yes,Yes,No,No,No,Yes,Month-to-month,Yes,Bank transfer (automatic),39.1,563.38,No
CUST-06111,Female,0,No,Yes,37,Yes,No,No,No internet service,No internet service,No internet service,No internet service,No internet service,No internet service,Month-to-month,Yes,Electronic check,58.44,2195.71,No
CUST-06112,Female,0,No,No,54,Yes,Yes,Fiber optic,No,No,No,No,No,Yes,Two year,Yes,Bank transfer (automatic),66.14,3099.62,No
CUST-06113,Male,1,No,No,49,Yes,No,No,No internet service,No internet service,No internet service,No internet service,No internet service,No internet service,Month-to-month,No,Mailed check,47.87,2421.73,No
CUST-06114,Male,0,No,Yes,58,No,No phone service,No,No internet service,No internet service,No internet service,No internet service,No internet service,No internet service,Two year,Yes,Electronic check,19.48,1250.92,No
CUST-06115,Male,0,Yes,No,19,Yes,Yes,Fiber optic,No,Yes,No,Yes,No,No,Two year,Yes,Credit card (automatic),74.34,1362.04,No
CUST-06116,Male,1,No,No,18,Yes,No,Fiber optic,No,Yes,No,No,No,Yes,Two year,No,Credit card (automatic),114.41,1832.88,Yes
CUST-06117,Male,0,No,Yes,60,Yes,No,No,No internet service,No internet service,No internet service,No internet service,No internet service,No internet service,One year,No,Mailed check,53.16,3139.2,No
CUST-06118,Male,0,No,No,17,Yes,No,Fiber optic,No,No,No,Yes,No,Yes,One year,Yes,Mailed check,95.54,1671.61,Yes
CUST-06119,Female,0,No,Yes,11,Yes,Yes,DSL,No,Yes,No,No,Yes,No,Month-to-month,No,Bank transfer (automatic),108.19,1305.75,Yes
CUST-06120,Female,0,Yes,No,15,Yes,No,Fiber optic,No,No,No,No,Yes,No,One year,Yes,Credit card (automatic),61.81,1036.89,No
CUST-06121,Male,0,Yes,Yes,72,Yes,No,Fiber optic,Yes,Yes,No,No,No,No,Two year,No,Mailed check,54.55,4068.68,No
CUST-06122,Male,0,No,No,17,Yes,No,No,No internet service,No internet service,No internet service,No internet service,No internet service,No internet service,Month-to-month,No,Credit card (automatic),107.81,1585.89,Yes
CUST-06123,Female,0,No,Yes,5,Yes,No,DSL,No,No,No,Yes,Yes,No,Two year,Yes,Electronic check,28.82,160.47,No
CUST-06124,Female,0,No,No,61,No,No phone service,No,No internet service,No internet service,No internet service,No internet service,No internet service,No internet service,Month-to-month,No,Electronic check,67.51,4255.03,No
CUST-06125,Female,0,Yes,No,4,Yes,No,Fiber optic,No,No,Yes,Yes,No,No,Two year,No,Credit card (automatic),83.03,319.56,No
CUST-06126,Male,0,No,No,56,Yes,No,Fiber optic,No,No,Yes,Yes,No,No,Month-to-month,Yes,Bank transfer (automatic),85.93,4351.13,No
CUST-06127,Female,1,No,No,48,Yes,Yes,No,No internet service,No internet service,No internet service,No internet service,No internet service,No internet service,Two year,No,Bank transfer (automatic),29.61,1380.29,No
CUST-06128,Male,0,Yes,No,48,Yes,No,DSL,Yes,Yes,No,No,Yes,Yes,Two year,No,Bank transfer (automatic),29.45,1416.34,No
CUST-06129,Male,0,Yes,Yes,35,No,No phone service,DSL,No,Yes,No,No,Yes,Yes,One year,No,Electronic check,47.08,1727.03,No
CUST-06130,Female,0,Yes,No,33,Yes,No,DSL,No,No,No,Yes,Yes,No,Month-to-month,Yes,Credit card (automatic),96.77,3033.43,No
CUST-06131,Female,1,Yes,No,21,Yes,No,DSL,No,No,No,No,No,Yes,Month-to-month,Yes,Electronic check,116.91,2572.51,Yes
CUST-06132,Male,0,Yes,No,5,Yes,No,Fiber optic,No,Yes,Yes,No,Yes,No,Month-to-month,Yes,Electronic check,77.62,377.82,No
CUST-06133,Female,0,Yes,No,64,Yes,No,DSL,No,No,No,Yes,Yes,Yes,Month-to-month,No,Bank transfer (automatic),84.88,5489.5,No
CUST-06134,Female,1,No,No,69,Yes,No,No,No internet service,No internet service,No internet service,No internet service,No internet service,No internet service,Two year,Yes,Electronic check,116.99,8925.92,No
CUST-06135,Male,0,Yes,No,21,No,No phone service,No,No internet service,No internet service,No internet service,No internet service,No internet service,No internet service,Month-to-month,No,Credit card (automatic),41.47,871.94,No
CUST-06136,Female,1,Yes,No,32,Yes,No,Fiber optic,No,No,Yes,Yes,No,No,Month-to-month,Yes,Bank transfer (automatic),27.58,1005.59,No
CUST-06137,Male,1,Yes,No,18,Yes,Yes,DSL,No,No,No,No,Yes,No,Month-to-month,No,Bank transfer (automatic),35.51,642.45,No
CUST-06138,Male,1,Yes,No,58,Yes,No,Fiber optic,No,No,Yes,Yes,Yes,Yes,Month-to-month,Yes,Mailed check,49.12,3248.71,No
CUST-06139,Female,0,No,No,24,Yes,No,No,No internet service,No internet service,No internet service,No internet service,No internet service,No internet service,Month-to-month,No,Mailed check,86.7,1930.51,No
CUST-06140,Male,0,Yes,No,5,No,No phone service,Fiber optic,No,No,No,Yes,Yes,Yes,Month-to-month,Yes,Mailed check,48.6,250.58,Yes
CUST-06141,Male,1,No,No,53,Yes,No,DSL,Yes,No,No,Yes,No,Yes,One year,No,Bank transfer (automatic),68.4,3127.41,No
CUST-06142,Female,0,No,No,55,Yes,No,DSL,Yes,Yes,Yes,No,Yes,Yes,Two year,Yes,Electronic check,20.99,1114.12,Yes
CUST-06143,Female,0,Yes,No,5,Yes,No,DSL,No,No,Yes,No,No,No,One year,No,Mailed check,112.62,536.74,No
CUST-06144,Female,0,No,No,69,Yes,No,DSL,No,No,No,No,No,Yes,Month-to-month,Yes,Credit card (automatic),77.53,5851.81,No
CUST-06145,Male,0,No,No,41,Yes,No,Fiber optic,Yes,No,Yes,Yes,No,No,Month-to-month,No,Electronic check,73.16,3446.27,No
CUST-06146,Male,0,Yes,Yes,7,Yes,Yes,No,No internet service,No internet service,No internet service,No internet service,No internet service,No internet service,One year,Yes,Mailed check,93.12,710.62,No
CUST-06147,Female,0,No,Yes,1,Yes,Yes,DSL,No,No,Yes,No,No,No,One year,No,Electronic check,113.6,100.54,Yes
CUST-06148,Male,0,No,No,52,Yes,No,DSL,Yes,No,No,No,No,No,One year,Yes,Mailed check,79.7,4229.14,No
CUST-06149,Female,0,No,No,26,Yes,No,No,No internet service,No internet service,No internet service,No internet service,No internet service,No internet service,Two year,Yes,Electronic check,86.49,2171.22,No
CUST-06150,Female,0,Yes,No,63,Yes,No,No,No internet service,No internet service,No internet service,No internet service,No internet service,No internet service,Month-to-month,Yes,Mailed check,46.25,2494.85,No
CUST-06151,Male,0,No,No,12,No,No phone service,Fiber optic,No,Yes,No,No,No,No,Month-to-month,No,Mailed check,101.06,1236.9,No
CUST-06152,Female,0,Yes,No,70,Yes,Yes,No,No internet service,No internet service,No internet service,No internet service,No internet service,No internet service,One year,No,Credit card (automatic),97.44,6825.2,No
CUST-06153,Male,0,Yes,No,19,Yes,No,Fiber optic,No,Yes,Yes,No,Yes,No,Month-to-month,Yes,Electronic check,20.42,426.22,Yes
CUST-06154,Male,0,Yes,No,4,Yes,Yes,No,No internet service,No internet service,No internet service,No internet service,No internet service,No internet service,Month-to-month,No,Electronic check,96.41,364.36,Yes
CUST-06155,Female,0,No,Yes,5,Yes,No,No,No internet service,No internet service,No internet service,No internet service,No internet service,No internet service,Month-to-month,Yes,Electronic check,37.64,212.76,No
CUST-06156,Male,0,No,No,54,Yes,No,No,No internet service,No internet service,No internet service,No internet service,No internet service,No internet service,Month-to-month,No,Electronic check,36.22,1693.75,No
CUST-06157,Female,0,Yes,No,70,No,No phone service,DSL,No,No,Yes,Yes,Yes,Yes,One year,Yes,Credit card (automatic),51.29,3096.41,No
CUST-06158,Male,0,Yes,No,57,Yes,Yes,Fiber optic,No,No,Yes,No,No,No,Month-to-month,Yes,Bank transfer (automatic),113.71,6235.77,No
CUST-06159,Male,0,No,No,52,Yes,Yes,DSL,No,No,No,Yes,No,No,Two year,No,Electronic check,77.61,3739.31,No
CUST-06160,Male,0,No,No,18,Yes,Yes,Fiber optic,No,No,No,No,No,Yes,One year,Yes,Electronic check,113.32,2184.62,No
CUST-06161,Female,0,Yes,Yes,64,Yes,Yes,DSL,Yes,No,No,Yes,Yes,Yes,Month-to-month,Yes,Electronic check,26.13,1879.85,No
CUST-06162,Male,1,No,Yes,10,Yes,Yes,Fiber optic,No,No,No,No,Yes,No,Month-to-month,Yes,Electronic check,71.73,724.64,No
CUST-06163,Female,0,Yes,Yes,23,Yes,No,DSL,No,No,No,No,No,Yes,Month-to-month,Yes,Electronic check,69.01,1412.94,Yes
CUST-06164,Male,1,No,No,68,Yes,Yes,Fiber optic,No,No,Yes,Yes,Yes,No,Month-to-month,Yes,Electronic check,62.71,4320.46,No
CUST-06165,Male,0,No,Yes,52,Yes,No,Fiber optic,No,Yes,No,No,Yes,Yes,Month-to-month,Yes,Mailed check,117.89,6121.65,Yes
CUST-06166,Female,0,Yes,Yes,47,Yes,Yes,DSL,Yes,No,No,No,Yes,No,Two year,Yes,Electronic check,65.8,2774.57,No
CUST-06167,Female,0,No,No,70,Yes,No,No,No internet service,No internet service,No internet service,No internet service,No internet service,No internet service,One year,No,Electronic check,42.24,2533.52,No
CUST-06168,Female,0,No,No,26,Yes,Yes,DSL,No,Yes,Yes,No,No,No,Month-to-month,No,Bank transfer (automatic),82.94,2068.16,No
CUST-06169,Female,0,Yes,No,70,Yes,No,DSL,No,No,No,No,No,No,Month-to-month,Yes,Bank transfer (automatic),43.05,3456.44,No
CUST-06170,Female,0,Yes,No,43,Yes,No,Fiber optic,No,Yes,No,Yes,Yes,No,Two year,No,Credit card (automatic),31.49,1515.72,No
CUST-06171,Male,0,Yes,No,69,Yes,Yes,Fiber optic,No,No,No,No,Yes,No,One year,Yes,Mailed check,76.85,6042.06,No
CUST-06172,Male,0,Yes,Yes,63,Yes,No,DSL,No,No,Yes,No,No,Yes,Month-to-month,No,Mailed check,91.05,5233.69,No
CUST-06173,Female,0,No,No,66,No,No phone service,DSL,No,Yes,No,No,No,No,Month-to-month,Yes,Bank transfer (automatic),63.62,4661.64,No
CUST-06174,Male,0,Yes,No,63,Yes,No,Fiber optic,No,Yes,No,No,No,Yes,One year,Yes,Bank transfer (automatic),50.62,3182.65,No
CUST-06175,Male,1,No,No,13,No,No phone service,No,No internet service,No internet service,No internet service,No internet service,No internet service,No internet service,Month-to-month,No,Mailed check,33.64,490.69,No
CUST-06176,Male,0,Yes,No,51,Yes,No,DSL,Yes,No,No,Yes,No,Yes,Month-to-month,Yes,Credit card (automatic),98.82,4630.46,No
CUST-06177,Female,0,No,No,5,Yes,No,DSL,No,No,No,No,No,No,One year,Yes,Mailed check,107.82,527.53,Yes
CUST-06178,Male,0,Yes,No,47,Yes,No,Fiber optic,Yes,No,No,Yes,No,No,Month-to-month,No,Electronic check,43.69,1905.97,No
CUST-06179,Male,0,Yes,No,36,Yes,No,Fiber optic,No,No,Yes,Yes,No,Yes,Month-to-month,No,Bank transfer (automatic),61.29,1914.43,No
CUST-06180,Male,0,Yes,No,36,Yes,Yes,DSL,No,No,No,Yes,Yes,No,Month-to-month,No,Mailed check,49.06,1735.86,No
CUST-06181,Female,0,No,No,50,Yes,No,DSL,No,Yes,No,No,No,No,One year,Yes,Bank transfer (automatic),101.74,4388.22,No
CUST-06182,Male,0,Yes,No,56,Yes,No,Fiber optic,Yes,No,No,Yes,No,No,One year,Yes,Mailed check,110.93,6606.05,No
CUST-06183,Male,1,Yes,No,19,Yes,No,Fiber optic,No,No,Yes,No,Yes,Yes,Month-to-month,Yes,Bank transfer (automatic),33.47,631.75,No
CUST-06184,Female,0,No,Yes,20,Yes,Yes,DSL,No,Yes,No,Yes,No,No,Two year,Yes,Mailed check,21.92,470.64,No
CUST-06185,Female,1,No,No,22,Yes,No,Fiber optic,Yes,No,No,No,Yes,Yes,Month-to-month,No,Mailed check,26.85,617.86,Yes
CUST-06186,Male,1,No,Yes,31,Yes,Yes,DSL,No,No,Yes,No,No,No,Month-to-month,No,Electronic check,47.44,1527.16,No
CUST-06187,Male,1,Yes,No,62,Yes,No,Fiber optic,No,No,No,No,No,No,Month-to-month,No,Electronic check,91.05,6418.33,No
CUST-06188,Female,0,Yes,No,44,Yes,No,Fiber optic,No,No,No,Yes,No,Yes,Two year,No,Electronic check,51.07,2030.09,No
CUST-06189,Female,0,No,No,68,Yes,Yes,No,No internet service,No internet service,No internet service,No internet service,No internet service,No internet service,One year,No,Mailed check,117.16,8805.2,No
CUST-06190,Female,0,No,No,67,Yes,No,Fiber optic,No,Yes,No,No,No,No,Month-to-month,Yes,Mailed check,26.85,1935.31,No
CUST-06191,Female,0,Yes,No,49,Yes,No,Fiber optic,No,No,No,No,Yes,No,Month-to-month,No,Electronic check,85.73,4180.52,Yes
CUST-06192,Female,0,Yes,No,59,Yes,Yes,Fiber optic,No,No,No,No,No,Yes,Month-to-month,No,Mailed check,64.69,3489.19,No
CUST-06193,Female,0,No,No,4,Yes,No,Fiber optic,No,No,Yes,No,No,Yes,Month-to-month,Yes,Credit card (automatic),49.35,182.21,No
CUST-06194,Female,0,Yes,No,39,Yes,Yes,DSL,Yes,No,No,No,No,No,Month-to-month,No,Mailed check,74.62,2569.44,No
CUST-06195,Male,0,No,Yes,7,Yes,Yes,No,No internet service,No internet service,No internet service,No internet service,No internet service,No internet service,One year,Yes,Electronic check,43.14,299.75,No
CUST-06196,Female,0,Yes,No,71,Yes,No,No,No internet service,No internet service,No internet service,No internet service,No internet service,No internet service,Two year,Yes,Mailed check,79.99,6087.15,No
CUST-06197,Female,0,No,No,49,Yes,Yes,Fiber optic,No,Yes,Yes,Yes,No,No,Month-to-month,Yes,Credit card (automatic),118.25,6494.56,No
CUST-06198,Male,0,No,Yes,15,Yes,No,DSL,No,No,Yes,Yes,No,Yes,One year,Yes,Credit card (automatic),49.62,775.59,No
CUST-06199,Female,0,Yes,No,7,No,No phone service,Fiber optic,No,No,Yes,No,Yes,Yes,One year,Yes,Credit card (automatic),55.64,419.08,No
CUST-06200,Female,0,Yes,Yes,47,No,No phone service,Fiber optic,No,No,No,Yes,No,No,Month-to-month,No,Mailed check,105.59,5672.53,Yes
CUST-06201,Male,0,No,No,68,Yes,Yes,DSL,No,No,Yes,No,Yes,No,Two year,Yes,Mailed check,54.32,4212.44,No
CUST-06202,Female,0,Yes,Yes,45,Yes,Yes,No,No internet service,No internet service,No internet service,No internet service,No internet service,No internet service,Month-to-month,No,Electronic check,109.8,5678.25,No
CUST-06203,Male,0,No,No,19,Yes,No,Fiber optic,Yes,Yes,No,No,No,No,Month-to-month,No,Electronic check,88.44,1658.21,No
CUST-06204,Male,0,No,No,47,Yes,No,No,No internet service,No internet service,No internet service,No internet service,No internet service,No internet service,One year,Yes,Credit card (automatic),20.19,875.4,No
CUST-06205,Male,0,No,No,53,Yes,No,No,No internet service,No internet service,No internet service,No internet service,No internet service,No internet service,One year,No,Bank transfer (automatic),56.19,3272.18,No
CUST-06206,Male,0,Yes,No,27,Yes,No,Fiber optic,No,No,No,No,No,Yes,Two year,No,Credit card (automatic),57.0,1350.41,No
CUST-06207,Female,0,Yes,No,5,Yes,Yes,Fiber optic,No,No,No,No,No,Yes,Month-to-month,Yes,Electronic check,42.83,194.25,Yes
CUST-06208,Male,0,No,No,60,Yes,Yes,DSL,No,Yes,Yes,No,No,Yes,One year,Yes,Electronic check,77.32,4512.52,No
CUST-06209,Male,0,Yes,No,62,Yes,Yes,Fiber optic,No,No,No,Yes,No,Yes,One year,Yes,Electronic check,22.34,1280.36,No
CUST-06210,Female,0,No,No,59,Yes,No,Fiber optic,Yes,No,No,No,No,Yes,Month-to-month,Yes,Mailed check,78.19,4483.49,Yes
CUST-06211,Male,1,No,Yes,61,Yes,No,Fiber optic,Yes,No,No,Yes,Yes,No,Two year,No,Mailed check,74.26,4174.7,No
CUST-06212,Male,0,Yes,Yes,56,Yes,Yes,Fiber optic,No,No,Yes,Yes,No,No,Month-to-month,No,Credit card (automatic),87.67,5595.9,No
CUST-06213,Male,0,Yes,No,47,Yes,No,Fiber optic,No,No,No,No,Yes,No,One year,No,Electronic check,72.37,3829.53,No
CUST-06214,Male,0,Yes,No,48,Yes,No,Fiber optic,Yes,No,No,No,No,Yes,Month-to-month,No,Mailed check,51.76,2302.83,No
CUST-06215,Female,0,No,Yes,10,No,No phone service,Fiber optic,No,No,Yes,Yes,No,No,Two year,No,Bank transfer (automatic),115.75,997.56,No
CUST-06216,Male,0,Yes,Yes,32,Yes,Yes,DSL,No,No,Yes,No,Yes,No,Two year,Yes,Bank transfer (automatic),31.6,987.45,No
CUST-06217,Female,0,Yes,No,65,Yes,Yes,Fiber optic,No,Yes,Yes,Yes,No,No,One year,No,Credit card (automatic),92.92,5762.26,No
CUST-06218,Female,0,No,No,24,Yes,Yes,No,No internet service,No internet service,No internet service,No internet service,No internet service,No internet service,Two year,Yes,Credit card (automatic),38.91,855.57,No
CUST-06219,Male,0,Yes,No,29,Yes,No,DSL,No,Yes,No,No,No,No,Month-to-month,Yes,Electronic check,24.49,779.87,No
CUST-06220,Male,0,Yes,No,7,Yes,Yes,No,No internet service,No internet service,No internet service,No internet service,No internet service,No internet service,Two year,Yes,Mailed check,95.25,663.41,Yes
CUST-06221,Male,0,Yes,Yes,17,Yes,No,DSL,Yes,No,Yes,No,No,Yes,Two year,Yes,Bank transfer (automatic),104.46,1949.79,No
CUST-06222,Male,0,No,No,25,No,No phone service,No,No internet service,No internet service,No internet service,No internet service,No internet service,No internet service,Month-to-month,No,Mailed check,30.46,786.79,No
CUST-06223,Female,0,Yes,No,36,Yes,No,No,No internet service,No internet service,No internet service,No internet service,No internet service,No internet service,One year,No,Mailed check,71.12,2582.13,No
CUST-06224,Female,0,No,No,61,Yes,No,Fiber optic,Yes,No,Yes,Yes,Yes,No,Two year,Yes,Electronic check,91.46,5347.4,No
CUST-06225,Female,0,No,No,71,Yes,Yes,DSL,Yes,No,No,No,Yes,Yes,One year,No,Electronic check,56.59,3861.38,No
CUST-06226,Male,0,No,No,35,Yes,Yes,DSL,Yes,Yes,Yes,Yes,No,No,Two year,Yes,Bank transfer (automatic),62.7,2025.28,No
CUST-06227,Female,0,No,No,50,Yes,Yes,DSL,No,Yes,Yes,Yes,No,No,One year,Yes,Credit card (automatic),116.48,5581.94,No
CUST-06228,Male,1,Yes,Yes,56,Yes,Yes,No,No internet service,No internet service,No internet service,No internet service,No internet service,No internet service,Month-to-month,Yes,Credit card (automatic),91.53,4592.55,No
CUST-06229,Male,1,Yes,Yes,65,Yes,No,DSL,No,No,Yes,Yes,No,No,Two year,No,Credit card (automatic),110.87,7511.39,No
CUST-06230,Male,0,Yes,Yes,41,Yes,Yes,Fiber optic,No,Yes,No,No,Yes,Yes,Two year,Yes,Credit card (automatic),61.7,2316.46,No
CUST-06231,Male,0,No,No,25,Yes,Yes,Fiber optic,No,No,Yes,No,Yes,Yes,Month-to-month,Yes,Electronic check,66.08,1853.89,No
CUST-06232,Male,0,Yes,No,34,Yes,No,Fiber optic,No,No,No,No,No,Yes,Month-to-month,No,Mailed check,115.71,3854.74,Yes
CUST-06233,Female,0,Yes,No,8,Yes,No,No,No internet service,No internet service,No internet service,No internet service,No internet service,No internet service,One year,Yes,Electronic check,61.2,526.01,No
CUST-06234,Female,1,Yes,No,56,Yes,Yes,Fiber optic,No,No,No,No,No,Yes,One year,Yes,Mailed check,59.65,3591.45,No
CUST-06235,Male,0,Yes,No,30,Yes,No,Fiber optic,No,No,Yes,Yes,Yes,No,Two year,No,Electronic check,88.33,2430.63,No
CUST-06236,Female,0,No,Yes,68,Yes,Yes,Fiber optic,Yes,No,No,Yes,No,No,Month-to-month,No,Bank transfer (automatic),22.71,1611.11,No
CUST-06237,Male,0,No,Yes,21,Yes,Yes,No,No internet service,No internet service,No internet service,No internet service,No internet service,No internet service,Month-to-month,Yes,Mailed check,62.89,1366.83,No
CUST-06238,Male,0,Yes,Yes,10,Yes,Yes,DSL,Yes,No,No,No,No,No,Two year,Yes,Credit card (automatic),112.66,1231.05,No
CUST-06239,Male,1,No,No,33,Yes,No,Fiber optic,No,No,No,No,Yes,No,Two year,No,Electronic check,108.36,3787.69,No
CUST-06240,Female,0,No,Yes,4,Yes,No,No,No internet service,No internet service,No internet service,No internet service,No internet service,No internet service,Two year,No,Mailed check,84.62,355.91,Yes
CUST-06241,Male,0,No,No,23,Yes,No,DSL,No,Yes,No,No,Yes,No,Month-to-month,Yes,Electronic check,62.82,1638.5,Yes
CUST-06242,Male,0,No,No,69,Yes,Yes,DSL,No,No,No,No,No,No,Month-to-month,Yes,Mailed check,69.56,4951.21,Yes
CUST-06243,Female,0,Yes,Yes,53,Yes,No,Fiber optic,No,Yes,Yes,No,No,No,Month-to-month,Yes,Electronic check,44.98,2443.97,No
CUST-06244,Female,0,Yes,Yes,5,Yes,Yes,No,No internet service,No internet service,No internet service,No internet service,No internet service,No internet service,Two year,Yes,Credit card (automatic),38.82,175.29,Yes
CUST-06245,Female,0,No,No,18,Yes,No,DSL,No,No,No,No,No,No,Month-to-month,Yes,Credit card (automatic),45.28,729.92,No
CUST-06246,Male,0,No,Yes,17,Yes,Yes,DSL,Yes,No,Yes,No,No,No,Month-to-month,Yes,Mailed check,108.93,1966.03,No
CUST-06247,Male,0,No,Yes,58,Yes,Yes,Fiber optic,No,No,Yes,No,Yes,Yes,One year,No,Mailed check,44.11,2825.55,No
CUST-06248,Female,0,No,No,67,Yes,No,Fiber optic,No,No,No,No,Yes,No,Two year,Yes,Mailed check,65.42,4769.35,No
CUST-06249,Male,0,No,No,72,Yes,Yes,DSL,No,Yes,No,No,No,No,Month-to-month,Yes,Mailed check,90.27,7341.21,No
CUST-06250,Female,0,No,Yes,56,Yes,No,No,No internet service,No internet service,No internet service,No internet service,No internet service,No internet service,Month-to-month,Yes,Mailed check,92.81,4650.27,Yes
CUST-06251,Female,0,No,No,40,Yes,No,Fiber optic,No,No,No,No,No,No,Two year,No,Mailed check,49.44,2192.69,No
CUST-06252,Male,0,Yes,Yes,2,No,No phone service,Fiber optic,No,Yes,No,No,Yes,No,Month-to-month,No,Credit card (automatic),44.26,89.96,No
CUST-06253,Male,0,No,No,21,Yes,No,Fiber optic,No,No,No,No,Yes,Yes,Month-to-month,No,Mailed check,55.46,1239.73,No
CUST-06254,Female,0,No,No,52,Yes,Yes,No,No internet service,No internet service,No internet service,No internet service,No internet service,No internet service,Month-to-month,No,Bank transfer (automatic),28.4,1387.09,No
CUST-06255,Female,0,No,No,24,No,No phone service,DSL,Yes,Yes,No,No,No,No,Month-to-month,No,Bank transfer (automatic),73.09,1501.9,Yes
CUST-06256,Female,0,Yes,No,53,Yes,No,Fiber optic,No,Yes,No,No,Yes,No,One year,Yes,Credit card (automatic),91.74,4141.66,No
CUST-06257,Female,0,Yes,No,38,Yes,No,DSL,No,No,No,No,No,No,Month-to-month,No,Electronic check,41.88,1448.58,No
CUST-06258,Male,0,No,No,20,Yes,Yes,Fiber optic,No,No,No,No,No,Yes,Two year,No,Electronic check,27.3,508.19,No
CUST-06259,Female,0,No,Yes,50,Yes,No,Fiber optic,Yes,Yes,No,No,No,Yes,Two year,Yes,Bank transfer (automatic),103.09,5284.03,No
CUST-06260,Female,1,No,No,39,Yes,Yes,DSL,No,Yes,No,No,No,No,One year,Yes,Mailed check,106.98,4619.17,No
CUST-06261,Female,0,Yes,No,60,Yes,No,DSL,No,No,Yes,Yes,Yes,No,One year,Yes,Bank transfer (automatic),104.76,5972.68,No
CUST-06262,Male,0,Yes,No,39,Yes,Yes,DSL,No,Yes,No,No,Yes,No,Two year,Yes,Mailed check,60.86,2608.26,No
CUST-06263,Male,0,Yes,No,71,Yes,Yes,No,No internet service,No internet service,No internet service,No internet service,No internet service,No internet service,One year,No,Bank transfer (automatic),32.52,2123.84,No
CUST-06264,Female,0,No,No,33,Yes,Yes,Fiber optic,Yes,No,No,Yes,No,No,Month-to-month,Yes,Credit card (automatic),87.5,2826.38,No
CUST-06265,Male,0,Yes,Yes,29,Yes,No,Fiber optic,Yes,No,No,No,No,Yes,Month-to-month,Yes,Mailed check,28.39,723.06,No
CUST-06266,Male,0,No,No,10,Yes,No,Fiber optic,No,Yes,No,No,No,No,Month-to-month,No,Electronic check,87.78,861.45,Yes
CUST-06267,Male,0,Yes,Yes,67,No,No phone service,Fiber optic,No,Yes,No,No,No,Yes,One year,No,Electronic check,40.12,2847.81,No
CUST-06268,Female,0,No,Yes,3,Yes,No,Fiber optic,No,No,No,No,No,No,Month-to-month,No,Electronic check,29.1,95.73,Yes
CUST-06269,Female,0,No,Yes,31,Yes,No,Fiber optic,Yes,Yes,No,No,No,No,Two year,No,Credit card (automatic),18.43,562.8,No
CUST-06270,Male,0,No,No,27,Yes,Yes,DSL,No,Yes,No,No,Yes,No,One year,Yes,Bank transfer (automatic),69.44,1727.29,No
CUST-06271,Female,0,Yes,Yes,70,Yes,No,DSL,No,No,No,No,Yes,No,Month-to-month,Yes,Mailed check,105.07,6312.35,Yes
CUST-06272,Female,0,No,No,27,Yes,Yes,No,No internet service,No internet service,No internet service,No internet service,No internet service,No internet service,Two year,Yes,Mailed check,93.43,2684.0,No
CUST-06273,Male,0,Yes,No,9,Yes,No,DSL,Yes,No,No,No,No,Yes,Month-to-month,Yes,Electronic check,44.51,377.83,Yes
CUST-06274,Male,0,Yes,Yes,6,Yes,No,Fiber optic,No,No,Yes,No,Yes,No,Month-to-month,Yes,Electronic check,33.16,209.62,Yes
CUST-06275,Female,1,Yes,Yes,6,No,No phone service,Fiber optic,No,Yes,Yes,Yes,No,No,Month-to-month,No,Mailed check,114.61,717.04,No
CUST-06276,Male,1,No,Yes,26,Yes,No,Fiber optic,No,Yes,No,No,No,Yes,Month-to-month,No,Electronic check,101.4,2359.02,Yes
CUST-06277,Female,0,Yes,No,43,Yes,No,Fiber optic,Yes,No,No,No,No,Yes,Month-to-month,Yes,Mailed check,80.91,3860.03,No
CUST-06278,Female,0,No,Yes,19,Yes,No,DSL,Yes,No,Yes,No,Yes,No,Two year,No,Mailed check,53.45,937.78,No
CUST-06279,Male,0,Yes,No,16,No,No phone service,Fiber optic,No,No,No,Yes,No,No,Month-to-month,Yes,Credit card (automatic),97.43,1624.79,Yes
CUST-06280,Female,0,Yes,No,23,Yes,No,Fiber optic,Yes,No,No,No,No,No,Month-to-month,No,Mailed check,56.02,1307.53,No
CUST-06281,Female,1,Yes,No,29,No,No phone service,DSL,No,No,Yes,Yes,Yes,No,Month-to-month,No,Bank transfer (automatic),88.52,2632.92,Yes
CUST-06282,Male,0,No,No,38,Yes,No,Fiber optic,No,Yes,Yes,No,Yes,Yes,Month-to-month,Yes,Credit card (automatic),72.97,2734.23,Yes
CUST-06283,Male,0,Yes,No,59,Yes,Yes,Fiber optic,No,No,No,Yes,No,Yes,Month-to-month,Yes,Credit card (automatic),73.58,4377.93,No
CUST-06284,Male,0,No,No,48,Yes,No,No,No internet service,No internet service,No internet service,No internet service,No internet service,No internet service,One year,No,Bank transfer (automatic),71.67,3707.71,No
CUST-06285,Female,0,No,No,20,Yes,Yes,DSL,No,Yes,Yes,No,No,No,One year,Yes,Mailed check,116.17,2234.82,Yes
CUST-06286,Male,0,No,Yes,21,Yes,Yes,No,No internet service,No internet service,No internet service,No internet service,No internet service,No internet service,Two year,Yes,Electronic check,108.7,2451.24,No
CUST-06287,Male,0,Yes,No,28,Yes,No,No,No internet service,No internet service,No internet service,No internet service,No internet service,No internet service,Two year,No,Mailed check,62.94,1553.69,No
CUST-06288,Male,0,Yes,No,50,Yes,No,DSL,No,No,No,No,No,Yes,One year,Yes,Electronic check,112.98,5791.02,No
CUST-06289,Male,0,No,Yes,33,Yes,Yes,Fiber optic,No,Yes,No,Yes,No,No,One year,Yes,Electronic check,83.98,2767.01,Yes
CUST-06290,Female,0,No,No,40,No,No phone service,DSL,No,No,Yes,No,Yes,No,Month-to-month,Yes,Mailed check,102.82,4377.77,No
CUST-06291,Female,0,Yes,No,54,Yes,Yes,DSL,No,No,No,No,No,No,Two year,Yes,Electronic check,100.11,5315.12,Yes
CUST-06292,Male,0,No,No,10,Yes,Yes,Fiber optic,Yes,No,No,Yes,No,No,One year,Yes,Bank transfer (automatic),114.85,1213.3,No
CUST-06293,Female,0,Yes,No,34,Yes,No,Fiber optic,Yes,No,No,No,No,No,Month-to-month,Yes,Bank transfer (automatic),38.26,1428.65,Yes
CUST-06294,Male,1,No,No,36,Yes,No,DSL,No,No,Yes,Yes,No,Yes,Month-to-month,Yes,Credit card (automatic),88.93,2992.51,No
CUST-06295,Male,0,Yes,Yes,7,Yes,Yes,Fiber optic,No,No,No,No,No,No,Month-to-month,No,Electronic check,113.14,766.72,Yes
CUST-06296,Female,0,Yes,No,16,Yes,Yes,No,No internet service,No internet service,No internet service,No internet service,No internet service,No internet service,Month-to-month,No,Credit card (automatic),24.61,369.32,No
CUST-06297,Female,0,Yes,Yes,51,Yes,No,Fiber optic,No,No,No,No,Yes,No,One year,No,Credit card (automatic),111.04,5179.46,No
CUST-06298,Male,0,No,No,61,No,No phone service,DSL,Yes,No,No,No,No,Yes,Month-to-month,No,Mailed check,112.04,6995.86,No
CUST-06299,Male,0,No,No,31,No,No phone service,DSL,No,Yes,No,No,No,No,Month-to-month,No,Mailed check,69.25,2459.38,No
CUST-06300,Female,0,Yes,Yes,32,Yes,Yes,Fiber optic,Yes,No,No,Yes,Yes,No,Month-to-month,Yes,Credit card (automatic),87.75,2410.69,No
CUST-06301,Male,1,No,No,45,Yes,Yes,Fiber optic,Yes,No,Yes,Yes,Yes,No,Month-to-month,No,Credit card (automatic),19.73,823.04,No
CUST-06302,Female,0,No,Yes,27,Yes,Yes,Fiber optic,No,No,No,No,Yes,No,Month-to-month,No,Electronic check,20.49,634.46,No
CUST-06303,Male,1,No,Yes,22,Yes,Yes,DSL,No,No,No,No,No,No,Month-to-month,Yes,Bank transfer (automatic),20.0,414.23,No
CUST-06304,Male,1,Yes,No,15,Yes,No,Fiber optic,No,Yes,No,Yes,Yes,No,Month-to-month,No,Mailed check,63.57,810.72,No
CUST-06305,Female,1,No,Yes,8,Yes,No,Fiber optic,No,Yes,No,No,No,No,Month-to-month,Yes,Mailed check,29.78,273.28,Yes
CUST-06306,Female,0,Yes,No,68,Yes,No,Fiber optic,No,No,Yes,No,No,No,Month-to-month,No,Electronic check,97.53,7151.82,Yes
CUST-06307,Female,0,Yes,Yes,8,Yes,No,Fiber optic,Yes,No,No,No,Yes,No,Two year,No,Mailed check,41.8,300.34,Yes
CUST-06308,Female,0,No,Yes,16,Yes,No,No,No internet service,No internet service,No internet service,No internet service,No internet service,No internet service,Month-to-month,No,Electronic check,34.26,487.61,No
CUST-06309,Female,0,No,Yes,48,Yes,Yes,No,No internet service,No internet service,No internet service,No internet service,No internet service,No internet service,One year,Yes,Credit card (automatic),52.84,2566.97,No
CUST-06310,Female,0,No,No,34,Yes,No,Fiber optic,Yes,No,Yes,No,Yes,Yes,One year,No,Mailed check,40.64,1179.28,No
CUST-06311,Female,0,No,Yes,57,No,No phone service,No,No internet service,No internet service,No internet service,No internet service,No internet service,No internet service,Month-to-month,No,Credit card (automatic),91.12,5585.97,No
CUST-06312,Male,0,No,No,5,Yes,No,DSL,No,No,No,No,No,No,Two year,Yes,Electronic check,54.36,258.37,No
CUST-06313,Male,1,Yes,No,44,Yes,Yes,DSL,No,Yes,No,No,Yes,Yes,One year,No,Credit card (automatic),96.42,4845.8,No
CUST-06314,Male,0,Yes,Yes,71,Yes,No,DSL,No,Yes,No,No,No,Yes,One year,Yes,Electronic check,100.26,6092.14,No
CUST-06315,Female,0,No,Yes,37,Yes,No,Fiber optic,No,No,Yes,No,Yes,No,One year,Yes,Electronic check,77.47,3186.86,Yes
CUST-06316,Female,0,No,No,28,Yes,No,Fiber optic,Yes,No,Yes,No,Yes,Yes,Month-to-month,No,Credit card (automatic),80.89,2170.13,Yes
CUST-06317,Female,0,No,No,68,Yes,Yes,Fiber optic,Yes,No,No,Yes,Yes,Yes,Month-to-month,Yes,Electronic check,46.88,3348.03,No
CUST-06318,Male,0,No,No,38,Yes,Yes,No,No internet service,No internet service,No internet service,No internet service,No internet service,No internet service,Two year,Yes,Electronic check,83.09,3630.23,Yes
CUST-06319,Female,1,No,No,46,Yes,No,Fiber optic,Yes,No,Yes,Yes,No,No,Two year,Yes,Electronic check,69.25,3447.44,No
CUST-06320,Female,0,No,No,26,Yes,Yes,No,No internet service,No internet service,No internet service,No internet service,No internet service,No internet service,Two year,Yes,Electronic check,88.69,2394.01,No
CUST-06321,Male,0,Yes,No,53,Yes,Yes,DSL,No,Yes,No,No,No,No,Month-to-month,No,Electronic check,85.47,4311.31,No
CUST-06322,Female,0,Yes,No,63,Yes,No,Fiber optic,Yes,Yes,No,No,Yes,No,Two year,No,Credit card (automatic),87.99,5570.63,No
CUST-06323,Male,0,No,Yes,63,Yes,Yes,Fiber optic,No,No,No,No,Yes,Yes,Month-to-month,No,Electronic check,104.04,6622.54,Yes
CUST-06324,Male,0,No,Yes,38,Yes,Yes,DSL,No,Yes,Yes,Yes,No,Yes,Month-to-month,No,Credit card (automatic),77.61,3097.89,Yes
CUST-06325,Female,0,No,No,15,Yes,No,No,No internet service,No internet service,No internet service,No internet service,No internet service,No internet service,Month-to-month,Yes,Credit card (automatic),96.58,1580.39,No
CUST-06326,Female,0,Yes,No,9,Yes,Yes,Fiber optic,No,Yes,No,No,No,No,Month-to-month,No,Bank transfer (automatic),51.09,509.55,No
CUST-06327,Female,0,No,Yes,22,Yes,Yes,DSL,No,No,No,No,No,Yes,Month-to-month,Yes,Electronic check,97.93,2247.04,Yes
CUST-06328,Male,0,No,No,70,No,No phone service,DSL,No,Yes,Yes,No,No,No,One year,Yes,Bank transfer (automatic),49.9,3380.58,No
CUST-06329,Male,0,No,No,56,Yes,Yes,DSL,No,No,No,No,No,No,Month-to-month,No,Mailed check,54.77,3426.36,Yes
CUST-06330,Male,1,Yes,No,37,Yes,Yes,No,No internet service,No internet service,No internet service,No internet service,No internet service,No internet service,Two year,No,Credit card (automatic),106.15,4127.7,No
CUST-06331,Female,0,No,Yes,57,No,No phone service,DSL,Yes,Yes,No,No,Yes,No,Two year,Yes,Mailed check,43.49,2193.07,No
CUST-06332,Female,0,No,No,60,Yes,Yes,Fiber optic,Yes,No,No,Yes,No,No,Month-to-month,No,Electronic check,92.43,4798.48,No
CUST-06333,Female,0,No,Yes,12,Yes,No,DSL,Yes,No,Yes,No,Yes,No,Month-to-month,No,Bank transfer (automatic),41.73,444.51,No
CUST-06334,Female,1,No,Yes,7,Yes,No,Fiber optic,Yes,No,Yes,Yes,Yes,No,Month-to-month,Yes,Mailed check,42.56,323.34,Yes
CUST-06335,Male,1,No,Yes,66,Yes,Yes,DSL,No,Yes,No,Yes,Yes,No,Month-to-month,Yes,Bank transfer (automatic),78.91,5923.43,No
CUST-06336,Male,0,Yes,No,41,No,No phone service,Fiber optic,No,Yes,Yes,Yes,Yes,No,Two year,Yes,Electronic check,21.78,950.7,No
CUST-06337,Male,0,Yes,No,24,Yes,Yes,Fiber optic,No,No,No,No,No,No,Month-to-month,Yes,Credit card (automatic),83.52,1746.34,No
CUST-06338,Male,0,No,No,25,Yes,Yes,Fiber optic,No,Yes,Yes,No,Yes,No,One year,Yes,Bank transfer (automatic),92.28,2425.19,No
CUST-06339,Female,0,Yes,No,62,Yes,No,Fiber optic,No,No,No,Yes,No,No,One year,No,Mailed check,110.15,6078.06,No
CUST-06340,Female,0,No,No,44,Yes,No,No,No internet service,No internet service,No internet service,No internet service,No internet service,No internet service,Month-to-month,No,Bank transfer (automatic),93.92,4076.06,Yes
CUST-06341,Female,0,Yes,Yes,2,No,No phone service,Fiber optic,No,Yes,No,No,No,No,Month-to-month,Yes,Mailed check,103.03,186.17,Yes
CUST-06342,Male,0,Yes,Yes,42,Yes,Yes,No,No internet service,No internet service,No internet service,No internet service,No internet service,No internet service,One year,Yes,Credit card (automatic),41.8,1833.04,No
CUST-06343,Male,1,No,No,33,Yes,Yes,DSL,No,Yes,No,No,No,No,Month-to-month,No,Credit card (automatic),49.62,1708.74,No
CUST-06344,Female,0,Yes,No,17,Yes,No,DSL,No,Yes,Yes,No,No,Yes,One year,No,Credit card (automatic),113.25,2163.65,No
CUST-06345,Female,0,No,No,63,Yes,No,Fiber optic,No,Yes,No,No,No,No,Two year,Yes,Mailed check,80.42,4623.78,No
CUST-06346,Male,0,No,No,22,Yes,Yes,No,No internet service,No internet service,No internet service,No internet service,No internet service,No internet service,Two year,Yes,Electronic check,85.62,2128.66,No
CUST-06347,Female,0,Yes,No,1,Yes,No,DSL,No,No,Yes,No,No,No,Two year,Yes,Bank transfer (automatic),85.8,93.06,Yes
CUST-06348,Male,0,No,No,70,Yes,No,DSL,Yes,No,No,Yes,No,Yes,Month-to-month,Yes,Mailed check,118.3,7310.54,No
CUST-06349,Male,0,Yes,No,54,Yes,No,Fiber optic,No,No,Yes,No,No,No,Two year,Yes,Electronic check,89.68,4614.93,No
CUST-06350,Male,0,No,No,14,Yes,Yes,Fiber optic,No,No,No,Yes,Yes,Yes,Month-to-month,Yes,Credit card (automatic),94.87,1465.76,No
CUST-06351,Female,0,Yes,No,53,Yes,Yes,Fiber optic,Yes,No,No,Yes,No,Yes,Month-to-month,Yes,Electronic check,110.05,5184.66,No
CUST-06352,Female,0,Yes,No,6,Yes,Yes,Fiber optic,No,Yes,Yes,Yes,Yes,No,Month-to-month,Yes,Electronic check,49.67,268.56,No
CUST-06353,Male,0,No,No,64,Yes,No,Fiber optic,No,No,Yes,Yes,No,No,Month-to-month,No,Bank transfer (automatic),100.93,6997.45,No
CUST-06354,Female,0,No,No,33,Yes,No,Fiber optic,No,No,Yes,No,No,No,Two year,Yes,Credit card (automatic),20.85,689.37,No
CUST-06355,Male,0,Yes,No,72,Yes,No,No,No internet service,No internet service,No internet service,No internet service,No internet service,No internet service,One year,No,Bank transfer (automatic),30.24,2301.47,No
CUST-06356,Male,0,No,No,44,Yes,Yes,No,No internet service,No internet service,No internet service,No internet service,No internet service,No internet service,One year,Yes,Bank transfer (automatic),31.58,1449.89,No
CUST-06357,Male,0,No,No,34,Yes,No,DSL,Yes,Yes,No,No,No,No,Two year,Yes,Credit card (automatic),18.81,578.11,No
CUST-06358,Male,0,No,No,34,Yes,No,Fiber optic,No,No,No,No,No,Yes,Two year,Yes,Electronic check,62.07,2406.68,Yes
CUST-06359,Female,0,Yes,No,24,Yes,Yes,DSL,Yes,Yes,Yes,No,Yes,No,Month-to-month,Yes,Bank transfer (automatic),117.42,3097.05,Yes
CUST-06360,Male,0,No,No,2,Yes,No,No,No internet service,No internet service,No internet service,No internet service,No internet service,No internet service,Month-to-month,Yes,Mailed check,46.16,85.55,No
CUST-06361,Male,0,No,No,8,No,No phone service,Fiber optic,Yes,No,Yes,No,No,Yes,Two year,Yes,Bank transfer (automatic),36.33,304.83,No
CUST-06362,Female,1,No,Yes,25,Yes,No,No,No internet service,No internet service,No internet service,No internet service,No internet service,No internet service,One year,No,Credit card (automatic),63.56,1355.24,No
CUST-06363,Male,0,No,No,32,Yes,Yes,DSL,Yes,Yes,No,No,No,Yes,One year,Yes,Mailed check,92.4,2521.44,No
CUST-06364,Male,0,Yes,No,56,Yes,Yes,DSL,Yes,No,No,No,No,No,One year,Yes,Bank transfer (automatic),23.26,1123.46,No
CUST-06365,Female,0,Yes,No,7,Yes,Yes,No,No internet service,No internet service,No internet service,No internet service,No internet service,No internet service,One year,No,Mailed check,71.98,503.4,No
CUST-06366,Female,0,Yes,No,48,No,No phone service,No,No internet service,No internet service,No internet service,No internet service,No internet service,No internet service,One year,No,Bank transfer (automatic),65.8,3266.5,No
CUST-06367,Female,0,Yes,No,54,Yes,No,Fiber optic,Yes,No,No,No,Yes,Yes,Month-to-month,No,Electronic check,75.34,3644.23,No
CUST-06368,Male,0,Yes,No,63,Yes,No,DSL,Yes,Yes,Yes,No,Yes,Yes,Month-to-month,Yes,Electronic check,78.97,4979.2,No
CUST-06369,Female,0,No,Yes,2,No,No phone service,DSL,No,No,No,No,No,Yes,Two year,Yes,Credit card (automatic),47.37,98.33,No
CUST-06370,Female,0,Yes,No,35,Yes,No,Fiber optic,No,Yes,Yes,Yes,No,Yes,Two year,Yes,Electronic check,49.74,1825.99,No
CUST-06371,Male,1,Yes,No,22,Yes,Yes,Fiber optic,No,No,Yes,Yes,No,No,Month-to-month,Yes,Mailed check,61.64,1493.9,No
CUST-06372,Male,0,Yes,Yes,64,Yes,No,No,No internet service,No internet service,No internet service,No internet service,No internet service,No internet service,One year,Yes,Credit card (automatic),116.25,7354.53,No
CUST-06373,Male,0,Yes,No,59,Yes,Yes,DSL,Yes,No,No,Yes,Yes,Yes,Month-to-month,Yes,Electronic check,78.45,5282.85,No
CUST-06374,Male,0,Yes,No,49,Yes,Yes,DSL,No,No,No,No,No,Yes,Month-to-month,Yes,Credit card (automatic),34.69,1925.95,Yes
CUST-06375,Male,1,No,No,52,Yes,No,Fiber optic,No,No,Yes,Yes,No,Yes,Two year,No,Electronic check,34.71,2067.46,No
CUST-06376,Female,0,Yes,Yes,21,Yes,No,DSL,Yes,No,No,No,Yes,Yes,Month-to-month,Yes,Bank transfer (automatic),87.43,2086.05,Yes
CUST-06377,Female,0,No,Yes,12,Yes,Yes,Fiber optic,No,No,No,No,No,Yes,Month-to-month,No,Mailed check,64.87,805.81,Yes
CUST-06378,Female,1,Yes,No,11,Yes,Yes,Fiber optic,Yes,No,No,No,Yes,No,One year,Yes,Electronic check,104.14,1143.03,No
CUST-06379,Male,0,No,Yes,54,Yes,No,Fiber optic,No,Yes,Yes,No,No,No,One year,Yes,Bank transfer (automatic),65.59,3461.41,No
CUST-06380,Male,0,Yes,No,70,Yes,No,Fiber optic,Yes,No,Yes,No,No,No,Two year,Yes,Electronic check,20.51,1401.58,No
CUST-06381,Male,0,No,No,14,Yes,No,No,No internet service,No internet service,No internet service,No internet service,No internet service,No internet service,Month-to-month,No,Bank transfer (automatic),82.74,1161.01,Yes
CUST-06382,Female,0,No,No,33,Yes,Yes,Fiber optic,No,No,No,No,No,No,Month-to-month,Yes,Mailed check,45.06,1537.47,No
CUST-06383,Female,1,No,Yes,26,Yes,Yes,DSL,No,Yes,No,No,Yes,Yes,Month-to-month,No,Electronic check,117.34,2896.08,Yes
CUST-06384,Male,0,No,No,14,Yes,No,DSL,No,Yes,No,No,Yes,No,Month-to-month,Yes,Mailed check,18.84,263.38,No
CUST-06385,Female,1,No,No,48,Yes,No,No,No internet service,No internet service,No internet service,No internet service,No internet service,No internet service,Month-to-month,No,Bank transfer (automatic),39.25,1783.68,No
CUST-06386,Male,1,No,No,65,Yes,Yes,Fiber optic,No,No,No,Yes,Yes,Yes,Month-to-month,No,Electronic check,83.44,5163.35,No
CUST-06387,Female,0,No,Yes,46,Yes,Yes,Fiber optic,Yes,No,No,No,No,No,Month-to-month,No,Credit card (automatic),35.78,1620.63,Yes
CUST-06388,Female,0,No,Yes,55,Yes,No,No,No internet service,No internet service,No internet service,No internet service,No internet service,No internet service,One year,No,Bank transfer (automatic),88.97,4681.5,No
CUST-06389,Female,0,No,No,68,No,No phone service,Fiber optic,No,No,No,Yes,Yes,No,Two year,Yes,Credit card (automatic),70.02,5042.83,No
CUST-06390,Male,0,No,No,12,Yes,No,DSL,No,No,No,No,No,Yes,Month-to-month,Yes,Credit card (automatic),32.16,382.22,No
CUST-06391,Female,0,Yes,No,54,Yes,No,DSL,No,No,Yes,No,Yes,No,Two year,No,Credit card (automatic),58.51,3344.16,No
CUST-06392,Female,0,No,Yes,64,Yes,No,No,No internet service,No internet service,No internet service,No internet service,No internet service,No internet service,Two year,Yes,Mailed check,73.62,5057.25,No
CUST-06393,Male,0,No,No,47,Yes,Yes,Fiber optic,No,No,Yes,No,No,No,Month-to-month,Yes,Electronic check,74.14,3093.42,Yes
CUST-06394,Female,0,No,No,37,Yes,No,Fiber optic,Yes,Yes,Yes,Yes,Yes,No,Month-to-month,Yes,Credit card (automatic),67.51,2485.73,No
CUST-06395,Male,0,Yes,Yes,41,No,No phone service,No,No internet service,No internet service,No internet service,No internet service,No internet service,No internet service,Two year,No,Bank transfer (automatic),91.96,3675.7,No
CUST-06396,Male,1,No,No,27,Yes,Yes,Fiber optic,Yes,No,Yes,No,No,Yes,One year,Yes,Mailed check,54.45,1325.78,No
CUST-06397,Male,0,No,No,42,Yes,No,Fiber optic,Yes,No,Yes,No,No,No,Month-to-month,Yes,Credit card (automatic),80.59,3151.4,Yes
CUST-06398,Male,1,No,No,68,Yes,Yes,Fiber optic,No,No,No,No,No,No,Two year,Yes,Electronic check,37.26,2495.71,No
CUST-06399,Male,0,Yes,No,29,Yes,Yes,Fiber optic,No,No,No,Yes,No,No,Month-to-month,Yes,Credit card (automatic),115.9,3068.26,Yes
CUST-06400,Female,0,Yes,No,36,No,No phone service,Fiber optic,Yes,Yes,No,Yes,Yes,Yes,One year,No,Credit card (automatic),42.23,1392.34,No
CUST-06401,Male,0,Yes,No,57,Yes,No,DSL,Yes,No,Yes,No,Yes,Yes,Month-to-month,Yes,Mailed check,104.86,6762.02,No
CUST-06402,Male,0,No,No,12,Yes,No,No,No internet service,No internet service,No internet service,No internet service,No internet service,No internet service,Two year,No,Mailed check,35.81,377.2,No
CUST-06403,Male,0,Yes,No,45,Yes,Yes,No,No internet service,No internet service,No internet service,No internet service,No internet service,No internet service,Month-to-month,Yes,Credit card (automatic),115.17,4937.5,No
CUST-06404,Male,0,No,No,20,Yes,Yes,Fiber optic,No,No,No,No,No,No,One year,Yes,Mailed check,117.25,2099.43,No
CUST-06405,Female,0,No,No,45,Yes,Yes,Fiber optic,No,No,No,No,No,No,Two year,No,Bank transfer (automatic),45.21,1858.01,No
CUST-06406,Male,0,No,Yes,23,Yes,Yes,DSL,No,No,Yes,No,Yes,No,One year,No,Bank transfer (automatic),39.9,1011.78,No
CUST-06407,Female,0,Yes,No,62,Yes,No,No,No internet service,No internet service,No internet service,No internet service,No internet service,No internet service,Two year,Yes,Electronic check,93.28,5465.22,No
CUST-06408,Male,0,Yes,No,34,Yes,No,Fiber optic,Yes,No,No,No,No,No,Two year,Yes,Credit card (automatic),86.68,2575.73,No
CUST-06409,Female,0,No,Yes,21,Yes,No,Fiber optic,Yes,Yes,Yes,No,No,No,Month-to-month,Yes,Bank transfer (automatic),89.51,1849.5,Yes
CUST-06410,Male,0,No,No,51,Yes,No,Fiber optic,No,No,No,No,Yes,No,Two year,Yes,Electronic check,27.2,1265.87,No
CUST-06411,Male,1,Yes,Yes,9,Yes,No,DSL,No,No,No,No,No,Yes,One year,No,Mailed check,74.45,703.45,Yes
CUST-06412,Female,1,No,Yes,10,Yes,No,DSL,No,Yes,No,No,No,No,Two year,Yes,Electronic check,86.22,790.74,No
CUST-06413,Male,1,No,Yes,52,Yes,Yes,DSL,No,No,Yes,No,No,No,Month-to-month,Yes,Bank transfer (automatic),50.08,2990.14,No
CUST-06414,Female,0,Yes,No,45,No,No phone service,Fiber optic,No,No,Yes,No,No,No,Month-to-month,No,Electronic check,87.61,3494.9,No
CUST-06415,Male,0,Yes,No,52,Yes,No,Fiber optic,Yes,No,No,Yes,Yes,Yes,One year,No,Mailed check,58.74,3187.24,No
CUST-06416,Female,0,No,No,30,Yes,No,DSL,Yes,Yes,No,No,No,No,One year,No,Credit card (automatic),51.13,1477.26,No
CUST-06417,Male,0,Yes,No,64,No,No phone service,DSL,No,Yes,No,No,Yes,Yes,Two year,Yes,Electronic check,97.59,6307.35,No
CUST-06418,Male,0,Yes,No,2,Yes,No,DSL,No,No,No,No,No,Yes,Month-to-month,Yes,Bank transfer (automatic),39.24,75.29,No
CUST-06419,Female,0,Yes,No,49,Yes,No,DSL,No,Yes,Yes,Yes,No,Yes,Month-to-month,No,Electronic check,18.55,1007.41,No
CUST-06420,Male,0,No,Yes,45,Yes,No,No,No internet service,No internet service,No internet service,No internet service,No internet service,No internet service,Month-to-month,Yes,Mailed check,96.51,4148.1,No
CUST-06421,Male,0,No,No,17,Yes,Yes,Fiber optic,No,No,No,Yes,Yes,No,Two year,Yes,Bank transfer (automatic),110.2,1785.74,No
CUST-06422,Male,0,Yes,No,28,Yes,No,DSL,No,No,No,No,No,Yes,Month-to-month,No,Credit card (automatic),58.35,1615.51,No
CUST-06423,Male,0,Yes,Yes,45,Yes,No,Fiber optic,Yes,No,Yes,No,Yes,No,Month-to-month,No,Electronic check,57.21,2500.51,Yes
CUST-06424,Male,0,Yes,Yes,17,Yes,No,Fiber optic,No,No,No,No,No,No,Month-to-month,No,Electronic check,116.22,1793.23,No
CUST-06425,Male,0,No,No,59,Yes,No,No,No internet service,No internet service,No internet service,No internet service,No internet service,No internet service,One year,Yes,Bank transfer (automatic),37.96,2265.12,No
CUST-06426,Female,0,Yes,No,14,Yes,No,DSL,Yes,Yes,Yes,No,Yes,Yes,Two year,Yes,Mailed check,94.43,1201.22,No
CUST-06427,Female,1,No,Yes,10,Yes,No,DSL,No,Yes,Yes,Yes,Yes,No,One year,Yes,Electronic check,25.68,240.2,Yes
CUST-06428,Female,0,Yes,Yes,18,Yes,Yes,Fiber optic,No,Yes,No,Yes,No,Yes,One year,Yes,Bank transfer (automatic),115.56,2248.48,No
CUST-06429,Male,0,Yes,Yes,35,Yes,Yes,No,No internet service,No internet service,No internet service,No internet service,No internet service,No internet service,Month-to-month,Yes,Bank transfer (automatic),90.62,2889.22,No
CUST-06430,Female,1,Yes,No,48,Yes,No,DSL,Yes,Yes,Yes,No,Yes,No,One year,No,Bank transfer (automatic),33.25,1360.64,No
CUST-06431,Male,0,No,No,58,Yes,No,DSL,No,No,No,No,No,No,Month-to-month,Yes,Credit card (automatic),89.22,5482.78,No
CUST-06432,Male,0,No,Yes,18,Yes,Yes,DSL,No,No,Yes,No,No,No,Month-to-month,No,Bank transfer (automatic),105.55,2140.23,No
CUST-06433,Male,0,No,Yes,52,Yes,No,Fiber optic,No,Yes,Yes,No,Yes,Yes,Month-to-month,Yes,Bank transfer (automatic),32.67,1548.98,No
CUST-06434,Male,0,Yes,No,30,Yes,Yes,Fiber optic,Yes,Yes,Yes,No,Yes,Yes,Month-to-month,No,Mailed check,98.39,3200.7,No
CUST-06435,Female,0,Yes,Yes,37,Yes,No,No,No internet service,No internet service,No internet service,No internet service,No internet service,No internet service,Two year,Yes,Bank transfer (automatic),114.65,4667.2,Yes
CUST-06436,Male,0,No,No,40,Yes,Yes,No,No internet service,No internet service,No internet service,No internet service,No internet service,No internet service,Month-to-month,No,Bank transfer (automatic),111.04,4795.95,No
CUST-06437,Female,0,No,Yes,6,Yes,Yes,Fiber optic,No,No,No,No,Yes,Yes,Month-to-month,Yes,Mailed check,57.1,378.04,No
CUST-06438,Male,0,No,Yes,35,Yes,No,No,No internet service,No internet service,No internet service,No internet service,No internet service,No internet service,Month-to-month,Yes,Bank transfer (automatic),86.89,3212.9,No
CUST-06439,Female,1,Yes,No,26,Yes,No,DSL,No,Yes,No,Yes,No,No,One year,No,Credit card (automatic),60.01,1345.95,No
CUST-06440,Female,0,Yes,No,30,Yes,No,Fiber optic,No,Yes,No,No,No,Yes,One year,No,Mailed check,28.1,829.8,No
CUST-06441,Female,0,Yes,No,24,Yes,Yes,No,No internet service,No internet service,No internet service,No internet service,No internet service,No internet service,Month-to-month,Yes,Mailed check,46.03,1003.04,No
CUST-06442,Female,1,No,No,55,Yes,No,Fiber optic,No,No,No,No,Yes,Yes,Month-to-month,Yes,Bank transfer (automatic),65.93,3727.81,Yes
CUST-06443,Female,0,No,No,9,Yes,No,DSL,No,No,No,No,Yes,No,One year,Yes,Electronic check,85.6,816.37,No
CUST-06444,Female,0,No,No,62,Yes,Yes,DSL,No,No,No,No,No,Yes,Two year,Yes,Electronic check,41.95,2972.6,No
CUST-06445,Male,0,Yes,No,18,Yes,No,Fiber optic,Yes,Yes,No,No,Yes,Yes,Month-to-month,Yes,Mailed check,85.63,1617.03,Yes
CUST-06446,Female,0,No,No,51,Yes,No,No,No internet service,No internet service,No internet service,No internet service,No internet service,No internet service,Month-to-month,No,Mailed check,118.15,5961.55,Yes
CUST-06447,Male,0,Yes,Yes,19,Yes,No,Fiber optic,No,No,No,No,Yes,No,Month-to-month,Yes,Electronic check,69.62,1475.15,No
CUST-06448,Female,0,Yes,Yes,69,Yes,No,DSL,No,Yes,No,No,No,No,One year,No,Bank transfer (automatic),91.16,5619.73,No
CUST-06449,Male,0,No,Yes,33,Yes,No,Fiber optic,Yes,No,No,No,No,No,One year,Yes,Mailed check,97.26,2932.38,Yes
CUST-06450,Female,0,No,No,38,Yes,No,No,No internet service,No internet service,No internet service,No internet service,No internet service,No internet service,Month-to-month,No,Electronic check,41.7,1472.65,Yes
CUST-06451,Female,0,No,No,13,Yes,Yes,Fiber optic,Yes,Yes,No,No,No,No,Month-to-month,No,Electronic check,24.16,290.41,No
CUST-06452,Male,1,No,Yes,49,Yes,No,DSL,No,No,No,No,Yes,Yes,Month-to-month,Yes,Bank transfer (automatic),78.61,3723.78,No
CUST-06453,Female,0,Yes,No,53,Yes,No,No,No internet service,No internet service,No internet service,No internet service,No internet service,No internet service,Month-to-month,Yes,Electronic check,63.78,3608.55,No
CUST-06454,Female,1,No,Yes,1,No,No phone service,No,No internet service,No internet service,No internet service,No internet service,No internet service,No internet service,Two year,Yes,Mailed check,101.91,116.09,No
CUST-06455,Female,0,No,No,12,Yes,No,Fiber optic,No,No,No,No,No,No,One year,No,Electronic check,77.07,864.59,Yes
CUST-06456,Male,0,Yes,No,24,Yes,No,DSL,Yes,No,No,Yes,No,No,Month-to-month,Yes,Electronic check,73.1,1560.34,No
CUST-06457,Female,0,No,No,1,Yes,No,Fiber optic,Yes,No,No,No,Yes,No,One year,No,Credit card (automatic),45.05,51.38,No
CUST-06458,Male,0,No,Yes,68,Yes,No,No,No internet service,No internet service,No internet service,No internet service,No internet service,No internet service,Month-to-month,No,Electronic check,82.09,5851.95,No
CUST-06459,Female,0,Yes,No,7,Yes,No,No,No internet service,No internet service,No internet service,No internet service,No internet service,No internet service,Two year,No,Credit card (automatic),26.92,172.35,No
CUST-06460,Female,0,Yes,No,69,Yes,Yes,No,No internet service,No internet service,No internet service,No internet service,No internet service,No internet service,Month-to-month,Yes,Mailed check,57.3,4258.12,No
CUST-06461,Male,0,Yes,No,39,Yes,No,DSL,Yes,No,No,No,No,No,Month-to-month,Yes,Bank transfer (automatic),114.09,4381.82,No
CUST-06462,Female,0,No,Yes,32,Yes,No,No,No internet service,No internet service,No internet service,No internet service,No internet service,No internet service,Two year,No,Bank transfer (automatic),24.28,799.49,No
CUST-06463,Female,1,No,Yes,49,Yes,No,Fiber optic,No,No,Yes,No,Yes,Yes,One year,No,Mailed check,114.24,6215.36,No
CUST-06464,Male,0,No,No,31,Yes,No,No,No internet service,No internet service,No internet service,No internet service,No internet service,No internet service,Month-to-month,Yes,Credit card (automatic),67.88,1926.34,No
CUST-06465,Female,0,Yes,No,3,Yes,Yes,Fiber optic,No,No,No,No,Yes,Yes,Two year,No,Bank transfer (automatic),106.48,312.81,Yes
CUST-06466,Male,0,No,No,47,Yes,Yes,No,No internet service,No internet service,No internet service,No internet service,No internet service,No internet service,Two year,No,Credit card (automatic),84.16,3409.38,No
CUST-06467,Male,0,No,No,15,Yes,No,DSL,No,No,Yes,No,Yes,Yes,One year,No,Mailed check,25.4,407.18,No
CUST-06468,Male,0,Yes,No,51,Yes,No,Fiber optic,No,Yes,No,No,No,No,Month-to-month,Yes,Bank transfer (automatic),102.46,4619.1,No
CUST-06469,Female,0,No,No,21,Yes,Yes,DSL,Yes,Yes,No,No,No,No,Month-to-month,No,Credit card (automatic),94.94,2160.15,Yes
CUST-06470,Male,0,No,Yes,41,Yes,No,DSL,Yes,No,Yes,No,No,Yes,One year,Yes,Bank transfer (automatic),106.4,4423.07,No
CUST-06471,Male,1,Yes,Yes,3,Yes,Yes,Fiber optic,No,No,Yes,No,No,No,Month-to-month,Yes,Electronic check,81.41,231.29,Yes
CUST-06472,Female,0,Yes,No,1,Yes,Yes,Fiber optic,Yes,No,No,Yes,Yes,No,Month-to-month,Yes,Credit card (automatic),56.53,50.4,No
CUST-06473,Male,1,No,Yes,21,Yes,Yes,Fiber optic,No,Yes,No,No,No,Yes,Month-to-month,Yes,Mailed check,110.85,2159.95,Yes
CUST-06474,Female,0,No,No,21,Yes,Yes,DSL,Yes,No,Yes,No,No,No,One year,Yes,Bank transfer (automatic),115.81,2440.74,Yes
CUST-06475,Female,0,No,No,49,Yes,Yes,DSL,No,No,No,No,No,No,Month-to-month,Yes,Electronic check,92.0,3859.83,Yes
CUST-06476,Female,0,No,No,65,Yes,No,DSL,No,Yes,No,Yes,No,No,Month-to-month,Yes,Mailed check,36.32,2129.44,No
CUST-06477,Female,0,Yes,No,41,Yes,No,DSL,No,Yes,No,Yes,No,Yes,Month-to-month,Yes,Bank transfer (automatic),45.73,1939.37,Yes
CUST-06478,Male,0,Yes,No,67,Yes,No,Fiber optic,No,Yes,No,Yes,No,Yes,Month-to-month,Yes,Bank transfer (automatic),96.51,6643.08,No
CUST-06479,Male,0,No,Yes,42,Yes,No,Fiber optic,No,No,No,Yes,Yes,Yes,One year,Yes,Mailed check,39.54,1634.05,No
CUST-06480,Male,0,Yes,No,69,Yes,Yes,No,No internet service,No internet service,No internet service,No internet service,No internet service,No internet service,One year,No,Electronic check,44.99,2644.72,No
CUST-06481,Male,0,No,No,57,Yes,No,DSL,No,No,No,No,No,No,Month-to-month,Yes,Credit card (automatic),25.53,1466.56,No
CUST-06482,Male,1,Yes,No,43,Yes,No,DSL,No,No,Yes,No,No,Yes,Two year,Yes,Bank transfer (automatic),80.11,3865.91,No
CUST-06483,Female,0,Yes,Yes,12,Yes,No,Fiber optic,No,No,Yes,No,No,Yes,Month-to-month,Yes,Electronic check,58.61,680.63,No
CUST-06484,Male,1,Yes,No,64,Yes,No,No,No internet service,No internet service,No internet service,No internet service,No internet service,No internet service,One year,Yes,Credit card (automatic),40.89,2236.18,No
CUST-06485,Male,0,Yes,No,51,Yes,No,DSL,No,No,Yes,No,Yes,No,Month-to-month,Yes,Bank transfer (automatic),71.45,3778.62,Yes
CUST-06486,Male,1,No,No,60,Yes,No,No,No internet service,No internet service,No internet service,No internet service,No internet service,No internet service,One year,Yes,Credit card (automatic),72.86,4553.79,No
CUST-06487,Female,0,Yes,Yes,71,Yes,No,Fiber optic,No,Yes,No,No,Yes,No,Month-to-month,Yes,Credit card (automatic),37.11,2658.72,No
CUST-06488,Female,0,No,No,28,Yes,Yes,No,No internet service,No internet service,No internet service,No internet service,No internet service,No internet service,Month-to-month,No,Bank transfer (automatic),20.87,579.93,Yes
CUST-06489,Male,0,No,No,71,Yes,No,No,No internet service,No internet service,No internet service,No internet service,No internet service,No internet service,Month-to-month,Yes,Electronic check,106.37,8357.8,Yes
CUST-06490,Female,0,No,No,14,Yes,No,DSL,No,Yes,No,No,No,No,One year,No,Bank transfer (automatic),34.06,514.29,No
CUST-06491,Male,0,Yes,No,32,Yes,Yes,Fiber optic,Yes,Yes,No,No,No,Yes,Month-to-month,Yes,Electronic check,103.38,3500.07,Yes
CUST-06492,Male,0,No,No,8,Yes,Yes,No,No internet service,No internet service,No internet service,No internet service,No internet service,No internet service,Month-to-month,No,Mailed check,65.43, ,Yes
CUST-06493,Female,0,Yes,No,27,Yes,No,No,No internet service,No internet service,No internet service,No internet service,No internet service,No internet service,One year,No,Bank transfer (automatic),82.88,2149.13,No
CUST-06494,Female,0,No,No,50,Yes,Yes,Fiber optic,No,No,No,Yes,No,No,Month-to-month,No,Credit card (automatic),60.94,2995.01,No
CUST-06495,Male,0,No,No,59,No,No phone service,No,No internet service,No internet service,No internet service,No internet service,No internet service,No internet service,Month-to-month,Yes,Mailed check,88.48,5839.1,Yes
CUST-06496,Male,0,Yes,No,57,Yes,Yes,Fiber optic,No,No,No,Yes,No,No,Month-to-month,Yes,Mailed check,45.42,2875.76,No
CUST-06497,Female,0,No,No,3,Yes,No,Fiber optic,No,No,Yes,No,No,No,One year,No,Electronic check,40.62,113.56,Yes
CUST-06498,Male,1,Yes,No,27,Yes,Yes,DSL,No,Yes,Yes,Yes,No,Yes,Two year,Yes,Bank transfer (automatic),60.94,1670.93,No
CUST-06499,Female,0,Yes,No,34,Yes,No,Fiber optic,No,Yes,No,No,Yes,No,Two year,Yes,Electronic check,64.12,2420.39,No
CUST-06500,Male,0,No,Yes,26,No,No phone service,Fiber optic,No,No,No,Yes,No,No,Month-to-month,Yes,Credit card (automatic),40.02,1074.96,No
CUST-06501,Female,1,Yes,Yes,40,Yes,No,DSL,No,No,Yes,Yes,No,Yes,Month-to-month,Yes,Electronic check,106.38,3661.01,No
CUST-06502,Male,0,No,No,32,Yes,Yes,No,No internet service,No internet service,No internet service,No internet service,No internet service,No internet service,Two year,Yes,Mailed check,52.6,1766.21,No
CUST-06503,Male,0,No,Yes,41,Yes,Yes,No,No internet service,No internet service,No internet service,No internet service,No internet service,No internet service,Two year,Yes,Credit card (automatic),105.1,3688.13,No
CUST-06504,Female,0,Yes,No,2,Yes,Yes,DSL,No,Yes,No,No,Yes,No,Month-to-month,No,Electronic check,62.24,134.84,Yes
CUST-06505,Male,0,Yes,No,72,Yes,No,Fiber optic,No,Yes,No,Yes,No,No,Month-to-month,No,Mailed check,54.48,3773.26,No
CUST-06506,Male,0,Yes,No,7,Yes,Yes,Fiber optic,No,No,Yes,No,No,No,Month-to-month,Yes,Electronic check,103.52,656.11,No
CUST-06507,Female,0,Yes,Yes,19,Yes,No,No,No internet service,No internet service,No internet service,No internet service,No internet service,No internet service,Two year,No,Electronic check,40.48,791.97,Yes
CUST-06508,Male,0,Yes,Yes,33,No,No phone service,DSL,No,Yes,No,No,Yes,Yes,Month-to-month,Yes,Bank transfer (automatic),25.87,840.19,No
CUST-06509,Male,0,No,No,2,Yes,No,Fiber optic,No,Yes,Yes,No,No,Yes,Month-to-month,No,Credit card (automatic),42.35,79.5,Yes
CUST-06510,Male,0,No,No,67,Yes,Yes,No,No internet service,No internet service,No internet service,No internet service,No internet service,No internet service,Two year,Yes,Electronic check,19.93,1352.32,No
CUST-06511,Female,1,No,No,15,Yes,No,Fiber optic,Yes,No,No,Yes,No,Yes,Month-to-month,Yes,Electronic check,62.97,883.48,No
CUST-06512,Female,0,Yes,No,21,Yes,No,Fiber optic,No,No,No,No,Yes,Yes,Month-to-month,Yes,Mailed check,85.3,1538.28,Yes
CUST-06513,Female,1,No,Yes,59,Yes,Yes,Fiber optic,No,No,No,Yes,No,No,Month-to-month,No,Credit card (automatic),54.45,3376.68,No
CUST-06514,Male,1,No,Yes,39,Yes,Yes,Fiber optic,No,No,No,Yes,Yes,No,Month-to-month,Yes,Electronic check,115.37,3854.47,Yes
CUST-06515,Male,0,Yes,No,20,Yes,Yes,No,No internet service,No internet service,No internet service,No internet service,No internet service,No internet service,Month-to-month,No,Bank transfer (automatic),26.21,531.14,No
CUST-06516,Male,0,Yes,No,1,Yes,No,No,No internet service,No internet service,No internet service,No internet service,No internet service,No internet service,One year,Yes,Bank transfer (automatic),36.63,38.8,Yes
CUST-06517,Male,0,Yes,No,9,Yes,No,Fiber optic,Yes,No,Yes,No,Yes,Yes,Two year,No,Mailed check,48.39,384.09,No
CUST-06518,Female,1,No,Yes,51,Yes,Yes,DSL,No,No,Yes,Yes,No,No,One year,Yes,Electronic check,41.19,1882.14,No
CUST-06519,Male,0,No,Yes,38,Yes,Yes,DSL,No,No,No,No,No,Yes,One year,No,Mailed check,41.82,1812.13,No
CUST-06520,Male,1,No,No,15,No,No phone service,DSL,No,Yes,No,No,No,No,Month-to-month,No,Mailed check,35.13,522.29,No
CUST-06521,Male,0,No,No,41,Yes,Yes,DSL,No,No,No,Yes,No,Yes,One year,Yes,Credit card (automatic),73.07,3287.92,No
CUST-06522,Female,0,No,Yes,47,Yes,Yes,No,No internet service,No internet service,No internet service,No internet service,No internet service,No internet service,Month-to-month,No,Credit card (automatic),90.93,4847.62,No
CUST-06523,Male,0,Yes,No,26,Yes,Yes,Fiber optic,No,Yes,Yes,Yes,No,No,Month-to-month,Yes,Credit card (automatic),68.3,1927.65,No
CUST-06524,Male,0,No,Yes,54,No,No phone service,DSL,No,No,Yes,No,Yes,No,Month-to-month,No,Electronic check,76.71,4700.67,No
CUST-06525,Male,0,No,No,70,Yes,No,No,No internet service,No internet service,No internet service,No internet service,No internet service,No internet service,Two year,Yes,Electronic check,50.71,3962.05,No
CUST-06526,Male,0,Yes,Yes,39,Yes,No,No,No internet service,No internet service,No internet service,No internet service,No internet service,No internet service,Two year,Yes,Electronic check,49.74,2021.22,No
CUST-06527,Male,0,No,No,17,Yes,Yes,No,No internet service,No internet service,No internet service,No internet service,No internet service,No internet service,Two year,Yes,Electronic check,105.04,1792.37,Yes
CUST-06528,Female,0,Yes,Yes,70,Yes,Yes,No,No internet service,No internet service,No internet service,No internet service,No internet service,No internet service,Month-to-month,Yes,Mailed check,71.44,5469.92,No
CUST-06529,Male,1,Yes,Yes,9,No,No phone service,DSL,No,No,No,No,No,No,Month-to-month,No,Mailed check,51.13,510.4,Yes
CUST-06530,Male,1,No,No,46,Yes,Yes,Fiber optic,No,No,Yes,No,Yes,No,Month-to-month,Yes,Mailed check,95.72,4975.99,No
CUST-06531,Male,0,No,No,6,Yes,Yes,DSL,Yes,Yes,No,No,No,No,Two year,Yes,Credit card (automatic),68.61,376.8,No
CUST-06532,Male,0,Yes,No,68,Yes,Yes,Fiber optic,No,No,Yes,No,No,Yes,Month-to-month,Yes,Bank transfer (automatic),24.67,1786.36,No
CUST-06533,Male,0,No,Yes,16,Yes,No,DSL,No,No,No,Yes,Yes,No,One year,Yes,Bank transfer (automatic),47.75,873.68,No
CUST-06534,Male,0,No,No,29,Yes,Yes,No,No internet service,No internet service,No internet service,No internet service,No internet service,No internet service,Two year,Yes,Bank transfer (automatic),114.52,3358.29,No
CUST-06535,Male,0,No,No,41,Yes,No,No,No internet service,No internet service,No internet service,No internet service,No internet service,No internet service,Month-to-month,No,Mailed check,71.25,3257.08,No
CUST-06536,Male,0,Yes,No,68,Yes,Yes,Fiber optic,No,No,Yes,Yes,No,Yes,Month-to-month,No,Mailed check,101.33,6975.21,No
CUST-06537,Male,0,Yes,Yes,62,Yes,Yes,Fiber optic,No,No,No,No,No,Yes,Month-to-month,Yes,Mailed check,40.22,2579.33,No
CUST-06538,Male,1,Yes,Yes,40,Yes,No,No,No internet service,No internet service,No internet service,No internet service,No internet service,No internet service,One year,Yes,Credit card (automatic),100.14,3890.89,No
CUST-06539,Female,0,Yes,No,62,Yes,Yes,Fiber optic,No,No,Yes,Yes,No,Yes,One year,Yes,Bank transfer (automatic),99.23,5671.2,No
CUST-06540,Female,0,Yes,No,24,Yes,Yes,Fiber optic,No,Yes,No,No,Yes,No,Month-to-month,No,Mailed check,44.81,1163.39,No
CUST-06541,Female,0,No,No,6,Yes,No,DSL,Yes,No,No,No,Yes,No,One year,Yes,Mailed check,82.13,471.54,No
CUST-06542,Female,0,Yes,No,40,Yes,Yes,No,No internet service,No internet service,No internet service,No internet service,No internet service,No internet service,Month-to-month,Yes,Credit card (automatic),53.1,2344.08,No
CUST-06543,Male,0,Yes,No,70,Yes,No,No,No internet service,No internet service,No internet service,No internet service,No internet service,No internet service,Month-to-month,Yes,Mailed check,58.14,4511.3,No
CUST-06544,Female,0,Yes,No,58,Yes,No,Fiber optic,Yes,No,Yes,No,No,Yes,Two year,No,Credit card (automatic),96.58,5395.03,No
CUST-06545,Female,0,Yes,No,14,Yes,Yes,Fiber optic,Yes,No,Yes,No,Yes,No,Month-to-month,No,Mailed check,79.37,992.38,No
CUST-06546,Male,1,Yes,No,45,Yes,Yes,Fiber optic,Yes,No,No,No,No,No,One year,Yes,Credit card (automatic),34.72,1522.06,No
CUST-06547,Female,0,Yes,Yes,6,Yes,Yes,DSL,No,No,No,No,No,No,Month-to-month,No,Electronic check,94.01,508.67,Yes
CUST-06548,Female,1,No,Yes,23,Yes,No,DSL,Yes,No,No,No,Yes,Yes,Month-to-month,No,Mailed check,50.25,1226.0,No
CUST-06549,Male,0,Yes,Yes,62,Yes,No,DSL,No,No,No,No,No,No,Month-to-month,Yes,Electronic check,110.23,6605.96,No
CUST-06550,Male,1,No,No,17,Yes,No,DSL,No,Yes,No,No,No,No,Month-to-month,No,Electronic check,44.51,814.47,Yes
CUST-06551,Male,0,No,No,70,Yes,No,DSL,Yes,No,No,No,Yes,No,Month-to-month,Yes,Mailed check,110.23,7679.71,No
CUST-06552,Female,0,Yes,No,28,Yes,No,Fiber optic,No,No,No,No,No,No,Two year,No,Mailed check,46.34,1140.36,No
CUST-06553,Female,0,Yes,No,13,Yes,Yes,Fiber optic,Yes,No,Yes,No,No,No,Month-to-month,Yes,Electronic check,99.34,1174.27,Yes
CUST-06554,Male,0,Yes,No,29,Yes,Yes,No,No internet service,No internet service,No internet service,No internet service,No internet service,No internet service,Month-to-month,Yes,Mailed check,43.59,1420.54,No
CUST-06555,Male,0,Yes,Yes,45,Yes,No,Fiber optic,No,No,Yes,No,Yes,Yes,One year,No,Credit card (automatic),116.76,5038.16,No
CUST-06556,Female,0,Yes,No,20,Yes,Yes,Fiber optic,No,No,No,No,No,Yes,Two year,No,Mailed check,107.71,2148.08,No
CUST-06557,Male,0,No,No,58,Yes,No,No,No internet service,No internet service,No internet service,No internet service,No internet service,No internet service,Two year,Yes,Electronic check,34.1,1843.06,No
CUST-06558,Female,0,Yes,Yes,54,Yes,Yes,No,No internet service,No internet service,No internet service,No internet service,No internet service,No internet service,One year,Yes,Electronic check,78.47,4136.16,Yes
CUST-06559,Male,1,No,Yes,64,Yes,Yes,DSL,No,No,No,Yes,No,Yes,Two year,Yes,Credit card (automatic),43.75,2689.05,No
CUST-06560,Male,0,Yes,Yes,52,No,No phone service,Fiber optic,No,Yes,No,Yes,Yes,Yes,Two year,No,Electronic check,46.37,2148.18,No
CUST-06561,Female,0,No,No,43,Yes,No,Fiber optic,No,Yes,No,No,No,No,Month-to-month,Yes,Credit card (automatic),95.55,4546.05,No
CUST-06562,Male,0,No,Yes,18,Yes,No,Fiber optic,No,Yes,No,Yes,Yes,No,Month-to-month,No,Electronic check,25.29,501.93,No
CUST-06563,Male,0,Yes,No,54,Yes,No,No,No internet service,No internet service,No internet service,No internet service,No internet service,No internet service,Month-to-month,Yes,Mailed check,83.76,4651.03,Yes
CUST-06564,Male,0,Yes,No,60,Yes,No,DSL,Yes,Yes,No,Yes,No,No,Month-to-month,Yes,Bank transfer (automatic),71.49,4867.0,No
CUST-06565,Female,0,No,No,71,Yes,Yes,DSL,Yes,Yes,No,No,No,Yes,Month-to-month,No,Bank transfer (automatic),99.26,7311.12,No
CUST-06566,Male,0,No,No,1,Yes,No,DSL,No,No,No,No,Yes,Yes,Month-to-month,No,Bank transfer (automatic),24.74,23.26,Yes
CUST-06567,Male,0,Yes,No,37,Yes,No,No,No internet service,No internet service,No internet service,No internet service,No internet service,No internet service,One year,Yes,Credit card (automatic),50.33,1596.74,No
CUST-06568,Male,0,Yes,Yes,49,Yes,No,Fiber optic,Yes,No,Yes,Yes,No,No,Month-to-month,Yes,Electronic check,37.86,1802.16,No
CUST-06569,Male,0,Yes,Yes,35,No,No phone service,Fiber optic,Yes,No,No,Yes,No,No,One year,No,Bank transfer (automatic),80.5,2730.34,No
CUST-06570,Male,0,Yes,Yes,67,Yes,Yes,Fiber optic,No,No,No,Yes,Yes,Yes,Month-to-month,No,Credit card (automatic),88.58,6334.19,No
CUST-06571,Male,0,No,No,35,Yes,No,DSL,No,No,No,Yes,No,Yes,Month-to-month,No,Electronic check,18.86,626.33,No
CUST-06572,Female,0,No,No,9,Yes,Yes,DSL,No,No,No,No,Yes,No,One year,Yes,Electronic check,77.24,665.48,No
CUST-06573,Female,1,Yes,No,37,Yes,Yes,No,No internet service,No internet service,No internet service,No internet service,No internet service,No internet service,Month-to-month,No,Bank transfer (automatic),57.15,2075.18,No
CUST-06574,Male,1,Yes,No,60,No,No phone service,DSL,No,No,No,No,Yes,Yes,Two year,Yes,Electronic check,97.22,5848.29,No
CUST-06575,Female,0,Yes,Yes,56,Yes,No,No,No internet service,No internet service,No internet service,No internet service,No internet service,No internet service,Month-to-month,Yes,Bank transfer (automatic),78.11,4873.12,No
CUST-06576,Female,0,No,No,12,Yes,Yes,No,No internet service,No internet service,No internet service,No internet service,No internet service,No internet service,Two year,Yes,Electronic check,73.28,809.75,No
CUST-06577,Male,0,No,Yes,71,Yes,Yes,Fiber optic,No,No,No,Yes,No,No,Month-to-month,No,Mailed check,92.3,6958.73,No
CUST-06578,Female,0,Yes,Yes,71,Yes,No,Fiber optic,No,No,No,No,No,No,Month-to-month,No,Bank transfer (automatic),85.94,6997.27,No
CUST-06579,Female,0,Yes,No,4,Yes,No,Fiber optic,No,Yes,No,No,No,Yes,Month-to-month,No,Credit card (automatic),74.4,324.42,Yes
CUST-06580,Female,0,No,No,61,Yes,Yes,DSL,No,No,Yes,No,No,No,Month-to-month,Yes,Mailed check,63.34,3788.39,Yes
CUST-06581,Female,0,Yes,Yes,45,Yes,No,No,No internet service,No internet service,No internet service,No internet service,No internet service,No internet service,One year,Yes,Mailed check,90.75,3619.33,No
CUST-06582,Female,0,Yes,No,50,No,No phone service,Fiber optic,No,No,Yes,No,Yes,No,Month-to-month,Yes,Credit card (automatic),103.71,5094.87,Yes
CUST-06583,Female,0,Yes,No,50,Yes,No,DSL,No,Yes,No,Yes,No,No,Month-to-month,Yes,Electronic check,52.52,2611.69,Yes
CUST-06584,Female,0,Yes,Yes,48,Yes,No,DSL,No,No,No,Yes,No,Yes,Month-to-month,No,Mailed check,112.21,5002.7,No
CUST-06585,Female,0,Yes,Yes,23,No,No phone service,No,No internet service,No internet service,No internet service,No internet service,No internet service,No internet service,Two year,Yes,Electronic check,104.92,2271.53,No
CUST-06586,Male,0,No,No,8,Yes,No,No,No internet service,No internet service,No internet service,No internet service,No internet service,No internet service,Month-to-month,No,Bank transfer (automatic),64.52,510.47,Yes
CUST-06587,Male,0,No,No,29,No,No phone service,Fiber optic,Yes,No,No,Yes,No,No,Month-to-month,Yes,Mailed check,20.8,577.39,No
CUST-06588,Female,0,Yes,No,43,Yes,No,No,No internet service,No internet service,No internet service,No internet service,No internet service,No internet service,Month-to-month,Yes,Bank transfer (automatic),113.1,4700.94,No
CUST-06589,Female,0,Yes,Yes,53,Yes,Yes,No,No internet service,No internet service,No internet service,No internet service,No internet service,No internet service,Two year,Yes,Electronic check,64.43,3136.14,No
CUST-06590,Male,0,No,No,6,Yes,No,DSL,No,Yes,No,No,No,No,One year,Yes,Credit card (automatic),71.11,399.31,No
CUST-06591,Female,0,Yes,No,24,Yes,No,No,No internet service,No internet service,No internet service,No internet service,No internet service,No internet service,One year,No,Credit card (automatic),98.36,2080.09,No
CUST-06592,Female,0,Yes,No,14,Yes,No,Fiber optic,No,No,Yes,Yes,No,No,Two year,No,Mailed check,40.01,579.23,No
CUST-06593,Male,0,Yes,Yes,52,Yes,No,Fiber optic,No,No,Yes,No,No,No,Month-to-month,Yes,Credit card (automatic),37.85,1803.15,No
CUST-06594,Male,0,No,No,70,Yes,Yes,DSL,Yes,No,No,No,Yes,No,Month-to-month,No,Electronic check,94.35,5708.36,Yes
CUST-06595,Male,0,Yes,No,4,Yes,No,No,No internet service,No internet service,No internet service,No internet service,No internet service,No internet service,Month-to-month,No,Bank transfer (automatic),50.3,200.14,Yes
CUST-06596,Female,0,Yes,No,58,No,No phone service,DSL,No,Yes,No,No,Yes,No,Month-to-month,Yes,Credit card (automatic),80.86,5284.92,No
CUST-06597,Female,1,Yes,No,37,Yes,No,Fiber optic,No,No,No,No,Yes,No,Month-to-month,No,Mailed check,66.29,2733.38,No
CUST-06598,Male,1,Yes,No,48,No,No phone service,DSL,Yes,No,No,No,No,No,Month-to-month,Yes,Bank transfer (automatic),33.03,1751.15,No
CUST-06599,Male,0,No,No,39,Yes,Yes,Fiber optic,Yes,No,Yes,No,Yes,No,Month-to-month,Yes,Bank transfer (automatic),114.96,4168.25,No
CUST-06600,Female,1,No,No,66,Yes,No,Fiber optic,No,No,No,No,No,No,One year,No,Electronic check,55.29,3486.04,No
CUST-06601,Male,0,Yes,No,13,Yes,Yes,Fiber optic,No,No,No,No,No,No,Month-to-month,Yes,Electronic check,50.63,706.12,Yes
CUST-06602,Female,0,Yes,No,66,No,No phone service,Fiber optic,No,No,Yes,No,No,No,One year,Yes,Bank transfer (automatic),111.06,6546.09,Yes
CUST-06603,Female,0,No,No,60,Yes,No,DSL,No,No,Yes,Yes,No,Yes,Month-to-month,No,Mailed check,38.24,2416.09,No
CUST-06604,Male,1,Yes,No,41,Yes,Yes,Fiber optic,No,Yes,Yes,No,No,Yes,One year,Yes,Credit card (automatic),19.73,728.56,No
CUST-06605,Male,0,No,Yes,32,Yes,No,Fiber optic,No,No,Yes,No,No,No,Month-to-month,No,Credit card (automatic),56.34,1560.38,No
CUST-06606,Female,0,No,No,52,Yes,Yes,No,No internet service,No internet service,No internet service,No internet service,No internet service,No internet service,Month-to-month,Yes,Credit card (automatic),99.74,4586.09,Yes
CUST-06607,Male,0,Yes,Yes,5,Yes,No,Fiber optic,Yes,Yes,No,Yes,No,No,Two year,No,Electronic check,20.99,110.28,No
CUST-06608,Male,0,No,No,67,No,No phone service,Fiber optic,Yes,Yes,No,Yes,No,No,Two year,Yes,Mailed check,102.43,6948.34,No
CUST-06609,Male,0,Yes,Yes,66,No,No phone service,No,No internet service,No internet service,No internet service,No internet service,No internet service,No internet service,One year,Yes,Bank transfer (automatic),40.95,2603.68,No
CUST-06610,Male,0,Yes,No,52,Yes,Yes,Fiber optic,Yes,Yes,No,Yes,No,No,Two year,No,Electronic check,89.95,4988.02,No
CUST-06611,Female,0,No,No,49,Yes,No,DSL,Yes,No,No,No,Yes,No,Month-to-month,No,Credit card (automatic),64.08,3460.25,Yes
CUST-06612,Female,0,No,Yes,29,Yes,No,No,No internet service,No internet service,No internet service,No internet service,No internet service,No internet service,Two year,No,Mailed check,29.34,726.3,No
CUST-06613,Female,0,No,No,38,Yes,Yes,No,No internet service,No internet service,No internet service,No internet service,No internet service,No internet service,Month-to-month,No,Electronic check,63.5,2715.93,Yes
CUST-06614,Female,0,No,Yes,70,Yes,No,DSL,No,No,No,No,No,Yes,One year,Yes,Electronic check,42.55,3267.84,No
CUST-06615,Male,0,Yes,No,8,Yes,No,DSL,No,No,No,No,No,No,One year,No,Bank transfer (automatic),47.33,380.65,No
CUST-06616,Male,0,Yes,No,59,Yes,No,No,No internet service,No internet service,No internet service,No internet service,No internet service,No internet service,Two year,Yes,Bank transfer (automatic),98.41,5309.98,No
CUST-06617,Female,0,Yes,No,55,Yes,Yes,Fiber optic,No,No,No,No,No,No,One year,No,Bank transfer (automatic),104.45,6520.36,No
CUST-06618,Female,0,No,No,2,No,No phone service,DSL,Yes,No,Yes,No,No,Yes,Month-to-month,No,Electronic check,75.65,158.65,No
CUST-06619,Male,0,Yes,No,26,Yes,Yes,Fiber optic,No,No,No,No,No,Yes,Month-to-month,No,Bank transfer (automatic),106.07,2365.32,No
CUST-06620,Female,0,Yes,No,63,Yes,No,Fiber optic,No,No,Yes,No,No,No,One year,Yes,Electronic check,86.95,5375.68,No
CUST-06621,Female,1,No,No,17,Yes,Yes,DSL,No,No,Yes,Yes,Yes,No,Two year,No,Credit card (automatic),45.03, ,No
CUST-06622,Male,1,Yes,No,59,No,No phone service,Fiber optic,Yes,No,Yes,No,Yes,Yes,Month-to-month,Yes,Bank transfer (automatic),104.09,6622.46,No
CUST-06623,Female,0,Yes,No,16,Yes,Yes,Fiber optic,No,No,No,No,No,Yes,Two year,No,Bank transfer (automatic),30.11,527.53,No
CUST-06624,Male,0,Yes,Yes,58,Yes,No,Fiber optic,Yes,No,Yes,No,Yes,No,Month-to-month,Yes,Electronic check,62.43,4046.5,No
CUST-06625,Male,1,Yes,Yes,64,Yes,No,Fiber optic,Yes,No,Yes,No,No,No,Month-to-month,Yes,Electronic check,60.14,4212.32,No
CUST-06626,Female,1,Yes,Yes,50,Yes,No,DSL,No,No,No,Yes,No,Yes,Month-to-month,Yes,Electronic check,71.46,3524.4,No
CUST-06627,Male,1,Yes,No,26,Yes,No,DSL,Yes,Yes,Yes,No,No,No,Two year,No,Electronic check,93.24,2630.09,No
CUST-06628,Female,1,Yes,No,17,No,No phone service,Fiber optic,No,No,Yes,Yes,No,Yes,Two year,No,Credit card (automatic),30.71,507.47,No
CUST-06629,Male,0,Yes,Yes,46,Yes,No,DSL,No,No,Yes,Yes,Yes,Yes,Month-to-month,No,Bank transfer (automatic),90.15,3823.59,Yes
CUST-06630,Female,0,Yes,Yes,68,Yes,No,Fiber optic,No,No,Yes,No,Yes,No,One year,No,Credit card (automatic),64.66,4101.25,No
CUST-06631,Female,0,Yes,No,50,Yes,No,No,No internet service,No internet service,No internet service,No internet service,No internet service,No internet service,Month-to-month,No,Electronic check,45.26,2521.61,Yes
CUST-06632,Female,0,Yes,Yes,43,Yes,No,No,No internet service,No internet service,No internet service,No internet service,No internet service,No internet service,Month-to-month,Yes,Bank transfer (automatic),99.52,4438.93,No
CUST-06633,Male,0,Yes,No,48,No,No phone service,Fiber optic,No,Yes,No,No,Yes,Yes,Two year,Yes,Credit card (automatic),68.42,3098.7,No
CUST-06634,Male,0,Yes,No,68,Yes,No,Fiber optic,No,No,No,Yes,No,Yes,One year,No,Mailed check,98.3,6512.77,No
CUST-06635,Female,0,No,No,19,Yes,No,DSL,No,No,No,Yes,No,Yes,Month-to-month,Yes,Electronic check,44.51,780.92,No
CUST-06636,Male,0,No,Yes,25,Yes,No,DSL,No,No,No,No,No,Yes,One year,No,Bank transfer (automatic),102.9,2610.8,No
CUST-06637,Female,0,Yes,No,72,Yes,Yes,DSL,Yes,Yes,No,No,No,Yes,Two year,Yes,Bank transfer (automatic),30.56,1909.24,No
CUST-06638,Female,0,Yes,No,18,Yes,No,No,No internet service,No internet service,No internet service,No internet service,No internet service,No internet service,Two year,Yes,Credit card (automatic),118.38,2409.05,No
CUST-06639,Male,0,No,Yes,51,Yes,Yes,Fiber optic,No,No,No,No,Yes,No,Month-to-month,Yes,Credit card (automatic),94.08,4599.4,Yes
CUST-06640,Female,0,No,No,18,Yes,No,DSL,Yes,No,Yes,No,No,Yes,Month-to-month,Yes,Mailed check,84.54,1518.82,Yes
CUST-06641,Male,0,No,No,58,Yes,No,Fiber optic,No,Yes,Yes,Yes,Yes,Yes,Month-to-month,Yes,Electronic check,52.56,3402.86,No
CUST-06642,Female,0,Yes,Yes,64,Yes,No,Fiber optic,Yes,No,Yes,No,No,No,Month-to-month,No,Electronic check,83.55,5791.54,No
CUST-06643,Male,0,No,No,71,Yes,No,Fiber optic,No,Yes,No,No,No,Yes,Two year,No,Credit card (automatic),108.84,7784.53,No
CUST-06644,Female,0,No,Yes,57,No,No phone service,No,No internet service,No internet service,No internet service,No internet service,No internet service,No internet service,Two year,No,Mailed check,41.19,2486.9,No
CUST-06645,Female,0,Yes,No,17,Yes,No,Fiber optic,No,No,Yes,No,Yes,No,Two year,Yes,Bank transfer (automatic),56.79,842.95,No
CUST-06646,Male,0,Yes,No,59,Yes,No,Fiber optic,No,No,No,No,No,Yes,One year,Yes,Bank transfer (automatic),30.1,1880.38,No
CUST-06647,Female,0,Yes,Yes,67,Yes,Yes,DSL,Yes,No,No,Yes,Yes,Yes,Month-to-month,Yes,Mailed check,81.25,5054.52,No
CUST-06648,Female,1,Yes,Yes,15,No,No phone service,DSL,Yes,No,No,No,No,No,Month-to-month,Yes,Credit card (automatic),58.61,951.98,Yes
CUST-06649,Male,0,Yes,No,26,Yes,Yes,Fiber optic,No,No,No,No,No,No,One year,No,Electronic check,100.61,2602.74,No
CUST-06650,Female,0,No,No,48,No,No phone service,DSL,Yes,No,Yes,No,No,No,Two year,Yes,Bank transfer (automatic),30.49,1316.18,No
CUST-06651,Male,0,Yes,No,14,Yes,Yes,Fiber optic,No,No,No,No,No,No,Two year,Yes,Bank transfer (automatic),32.01,469.87,Yes
CUST-06652,Female,0,Yes,No,9,Yes,Yes,Fiber optic,No,No,Yes,No,No,No,Two year,Yes,Electronic check,50.66,420.15,No
CUST-06653,Male,0,No,No,7,Yes,Yes,Fiber optic,No,Yes,Yes,No,No,No,Month-to-month,No,Electronic check,50.43,405.43,No
CUST-06654,Female,1,Yes,Yes,55,Yes,No,DSL,Yes,Yes,No,No,No,No,One year,No,Bank transfer (automatic),88.81,5268.25,No
CUST-06655,Female,0,Yes,No,12,Yes,No,Fiber optic,Yes,No,Yes,Yes,Yes,Yes,Month-to-month,Yes,Electronic check,56.88,676.08,No
CUST-06656,Female,0,Yes,No,17,Yes,No,No,No internet service,No internet service,No internet service,No internet service,No internet service,No internet service,Two year,Yes,Electronic check,73.64,1118.59,No
CUST-06657,Male,0,Yes,No,8,Yes,No,DSL,Yes,No,No,Yes,No,No,Two year,No,Mailed check,73.81,661.69,No
CUST-06658,Male,0,Yes,Yes,42,Yes,Yes,No,No internet service,No internet service,No internet service,No internet service,No internet service,No internet service,Two year,Yes,Bank transfer (automatic),41.78,1760.09,No
CUST-06659,Male,0,No,No,37,Yes,No,No,No internet service,No internet service,No internet service,No internet service,No internet service,No internet service,Two year,Yes,Credit card (automatic),111.06,4155.55,No
CUST-06660,Male,0,Yes,No,20,Yes,Yes,Fiber optic,No,No,No,No,No,No,Month-to-month,No,Mailed check,39.49,795.25,No
CUST-06661,Female,0,No,No,1,Yes,Yes,Fiber optic,No,No,No,No,No,No,Month-to-month,No,Electronic check,87.13,84.98,Yes
CUST-06662,Female,0,Yes,No,9,Yes,Yes,Fiber optic,No,No,Yes,No,Yes,No,Month-to-month,No,Mailed check,64.67,592.95,Yes
CUST-06663,Male,1,No,No,24,Yes,Yes,Fiber optic,No,Yes,No,No,No,Yes,One year,Yes,Bank transfer (automatic),73.52,1885.28,Yes
CUST-06664,Male,0,No,Yes,34,Yes,Yes,No,No internet service,No internet service,No internet service,No internet service,No internet service,No internet service,Two year,Yes,Electronic check,88.29,2994.69,No
CUST-06665,Male,0,No,No,36,Yes,No,Fiber optic,Yes,No,No,No,No,No,Month-to-month,Yes,Electronic check,114.62,4208.47,Yes
CUST-06666,Female,0,Yes,Yes,4,Yes,Yes,Fiber optic,No,Yes,No,Yes,No,No,Month-to-month,No,Electronic check,18.38,71.22,No
CUST-06667,Male,0,No,Yes,29,Yes,No,DSL,No,No,Yes,No,No,No,Month-to-month,Yes,Mailed check,90.64,2640.43,No
CUST-06668,Male,0,No,No,16,No,No phone service,DSL,No,No,Yes,No,Yes,No,One year,Yes,Credit card (automatic),34.17,481.95,No
CUST-06669,Female,0,No,No,8,Yes,No,No,No internet service,No internet service,No internet service,No internet service,No internet service,No internet service,Two year,Yes,Bank transfer (automatic),96.15,760.86,No
CUST-06670,Female,0,Yes,No,39,No,No phone service,DSL,Yes,Yes,No,No,Yes,No,Month-to-month,Yes,Bank transfer (automatic),107.53,4257.26,No
CUST-06671,Male,0,Yes,No,58,Yes,No,No,No internet service,No internet service,No internet service,No internet service,No internet service,No internet service,One year,No,Credit card (automatic),72.2,4812.95,No
CUST-06672,Female,0,Yes,No,12,Yes,Yes,Fiber optic,Yes,Yes,Yes,No,No,No,Month-to-month,No,Credit card (automatic),65.31,851.65,Yes
CUST-06673,Male,0,Yes,No,44,Yes,No,No,No internet service,No internet service,No internet service,No internet service,No internet service,No internet service,Two year,Yes,Mailed check,22.99,979.39,No
CUST-06674,Female,0,No,Yes,4,Yes,Yes,No,No internet service,No internet service,No internet service,No internet service,No internet service,No internet service,Month-to-month,Yes,Bank transfer (automatic),103.38,453.41,No
CUST-06675,Male,0,No,No,25,Yes,No,No,No internet service,No internet service,No internet service,No internet service,No internet service,No internet service,Two year,Yes,Credit card (automatic),110.28,3014.37,No
CUST-06676,Male,1,No,Yes,70,Yes,Yes,Fiber optic,No,No,No,No,Yes,No,Month-to-month,Yes,Mailed check,90.44,6087.2,Yes
CUST-06677,Male,0,Yes,No,67,No,No phone service,No,No internet service,No internet service,No internet service,No internet service,No internet service,No internet service,One year,Yes,Bank transfer (automatic),42.52,3259.07,No
CUST-06678,Male,0,Yes,No,39,No,No phone service,Fiber optic,No,No,No,Yes,Yes,No,Two year,No,Credit card (automatic),42.68,1642.14,No
CUST-06679,Female,0,Yes,Yes,24,Yes,Yes,DSL,No,No,Yes,No,Yes,No,Two year,Yes,Mailed check,108.31,2946.12,Yes
CUST-06680,Female,0,Yes,Yes,6,Yes,No,Fiber optic,Yes,No,No,No,No,Yes,Month-to-month,No,Bank transfer (automatic),23.45,134.88,No
CUST-06681,Female,0,No,No,72,Yes,No,Fiber optic,No,Yes,No,Yes,No,No,Month-to-month,Yes,Mailed check,26.61,2155.29,No
CUST-06682,Female,1,Yes,No,33,Yes,No,DSL,No,Yes,No,Yes,No,No,Two year,No,Bank transfer (automatic),79.91,2253.99,No
CUST-06683,Male,0,No,No,48,Yes,No,No,No internet service,No internet service,No internet service,No internet service,No internet service,No internet service,Month-to-month,Yes,Mailed check,68.85,3177.33,Yes
CUST-06684,Male,1,No,No,67,Yes,Yes,DSL,No,Yes,No,No,Yes,Yes,Month-to-month,No,Electronic check,21.7,1473.26,No
CUST-06685,Female,0,No,No,2,Yes,No,Fiber optic,Yes,No,No,No,No,No,Month-to-month,No,Credit card (automatic),107.75,245.41,Yes
CUST-06686,Female,0,Yes,No,38,Yes,No,Fiber optic,No,No,No,No,Yes,No,Month-to-month,No,Bank transfer (automatic),49.59,1751.47,No
CUST-06687,Female,0,Yes,No,40,Yes,No,DSL,No,Yes,No,No,Yes,No,Month-to-month,Yes,Credit card (automatic),44.93,1810.31,Yes
CUST-06688,Female,0,Yes,Yes,56,No,No phone service,DSL,No,No,Yes,No,No,No,Month-to-month,No,Bank transfer (automatic),107.51,6115.48,No
CUST-06689,Female,0,Yes,No,21,Yes,No,Fiber optic,No,Yes,Yes,No,Yes,No,One year,No,Credit card (automatic),81.64,1631.99,No
CUST-06690,Male,1,No,No,35,Yes,No,DSL,Yes,Yes,No,No,Yes,Yes,Month-to-month,No,Credit card (automatic),58.58,1813.49,Yes
CUST-06691,Male,0,No,No,67,Yes,No,No,No internet service,No internet service,No internet service,No internet service,No internet service,No internet service,Two year,Yes,Electronic check,60.33,4403.68,No
CUST-06692,Male,1,Yes,No,60,Yes,No,Fiber optic,No,No,No,Yes,Yes,No,One year,No,Credit card (automatic),68.51,4315.36,No
CUST-06693,Female,1,Yes,No,23,Yes,No,DSL,No,No,No,No,Yes,Yes,One year,Yes,Electronic check,65.44,1361.28,No
CUST-06694,Female,1,No,Yes,65,Yes,Yes,DSL,No,Yes,No,Yes,No,No,Two year,No,Credit card (automatic),26.2,1589.78,No
CUST-06695,Female,0,Yes,No,63,Yes,No,Fiber optic,No,Yes,Yes,No,No,No,Month-to-month,Yes,Bank transfer (automatic),112.71,6446.94,No
CUST-06696,Female,0,No,Yes,23,Yes,Yes,No,No internet service,No internet service,No internet service,No internet service,No internet service,No internet service,Month-to-month,Yes,Mailed check,36.32,772.94,No
CUST-06697,Male,0,No,Yes,42,Yes,No,No,No internet service,No internet service,No internet service,No internet service,No internet service,No internet service,Month-to-month,Yes,Credit card (automatic),25.8,1040.6,No
CUST-06698,Male,0,No,No,64,Yes,No,DSL,No,No,No,No,No,No,Two year,Yes,Mailed check,26.23,1643.75,No
CUST-06699,Female,0,No,No,66,Yes,No,DSL,No,No,Yes,No,Yes,Yes,Month-to-month,Yes,Bank transfer (automatic),81.14,6019.91,Yes
CUST-06700,Male,0,No,No,41,Yes,No,DSL,No,No,Yes,No,No,No,Month-to-month,Yes,Electronic check,106.72,4256.24,Yes
CUST-06701,Male,0,No,Yes,20,Yes,No,Fiber optic,Yes,Yes,No,No,Yes,No,Month-to-month,Yes,Electronic check,86.36,1727.15,No
CUST-06702,Female,1,No,No,9,Yes,Yes,Fiber optic,Yes,No,Yes,No,No,No,Two year,Yes,Bank transfer (automatic),53.64,553.58,No
CUST-06703,Female,1,Yes,Yes,57,Yes,Yes,DSL,Yes,Yes,No,No,No,No,One year,No,Mailed check,71.81,3548.53,No
CUST-06704,Female,0,Yes,No,17,Yes,No,DSL,No,No,No,Yes,Yes,No,Month-to-month,No,Electronic check,44.81,704.92,No
CUST-06705,Female,0,No,No,18,Yes,Yes,No,No internet service,No internet service,No internet service,No internet service,No internet service,No internet service,Month-to-month,Yes,Electronic check,29.05,585.48,Yes
CUST-06706,Female,0,Yes,No,63,Yes,No,No,No internet service,No internet service,No internet service,No internet service,No internet service,No internet service,Two year,Yes,Credit card (automatic),27.34,1530.75,No
CUST-06707,Female,0,No,No,72,Yes,Yes,DSL,Yes,Yes,No,Yes,No,Yes,Two year,No,Mailed check,87.41,6381.08,No
CUST-06708,Male,0,No,Yes,72,Yes,No,DSL,No,No,No,No,No,Yes,One year,Yes,Credit card (automatic),60.64,4455.53,No
CUST-06709,Male,0,No,No,26,Yes,Yes,No,No internet service,No internet service,No internet service,No internet service,No internet service,No internet service,Month-to-month,No,Electronic check,81.36,2359.8,Yes
CUST-06710,Female,0,Yes,No,72,Yes,Yes,Fiber optic,No,No,Yes,No,No,No,Month-to-month,Yes,Mailed check,86.05,7006.47,No
CUST-06711,Male,0,Yes,No,72,Yes,Yes,No,No internet service,No internet service,No internet service,No internet service,No internet service,No internet service,One year,Yes,Mailed check,114.46,8301.12,No
CUST-06712,Female,0,Yes,No,13,Yes,Yes,Fiber optic,No,No,Yes,No,No,No,Month-to-month,Yes,Electronic check,54.13,728.07,No
CUST-06713,Female,0,Yes,No,17,Yes,Yes,Fiber optic,No,No,Yes,No,Yes,Yes,Month-to-month,No,Electronic check,38.21,631.19,Yes
CUST-06714,Female,1,No,No,26,Yes,No,DSL,No,Yes,No,No,No,Yes,Month-to-month,Yes,Mailed check,31.24,718.74,Yes
CUST-06715,Female,0,No,No,6,Yes,Yes,No,No internet service,No internet service,No internet service,No internet service,No internet service,No internet service,Two year,No,Mailed check,20.13,136.47,No
CUST-06716,Male,0,No,No,4,Yes,Yes,No,No internet service,No internet service,No internet service,No internet service,No internet service,No internet service,One year,Yes,Bank transfer (automatic),33.58,121.87,No
CUST-06717,Female,0,Yes,Yes,7,Yes,No,DSL,No,Yes,No,No,Yes,No,One year,No,Mailed check,87.76,610.6,No
CUST-06718,Male,0,Yes,Yes,17,Yes,Yes,Fiber optic,No,Yes,Yes,No,Yes,No,Two year,Yes,Electronic check,61.38,1060.54,Yes
CUST-06719,Female,0,Yes,Yes,50,Yes,No,Fiber optic,No,No,Yes,No,No,No,Month-to-month,Yes,Mailed check,106.17,5051.44,No
CUST-06720,Female,0,Yes,No,6,Yes,No,Fiber optic,No,Yes,No,No,No,No,Month-to-month,Yes,Credit card (automatic),19.56,126.36,No
CUST-06721,Female,0,No,Yes,30,Yes,No,No,No internet service,No internet service,No internet service,No internet service,No internet service,No internet service,Month-to-month,No,Electronic check,111.81,3557.08,No
CUST-06722,Male,0,Yes,Yes,56,Yes,No,Fiber optic,Yes,No,No,Yes,No,Yes,One year,Yes,Credit card (automatic),23.44,1202.85,No
CUST-06723,Female,0,Yes,No,39,Yes,Yes,No,No internet service,No internet service,No internet service,No internet service,No internet service,No internet service,Two year,Yes,Bank transfer (automatic),116.86,4497.37,No
CUST-06724,Female,0,No,No,14,Yes,No,No,No internet service,No internet service,No internet service,No internet service,No internet service,No internet service,One year,No,Bank transfer (automatic),28.71,448.55,No
CUST-06725,Female,0,No,No,54,Yes,No,Fiber optic,No,Yes,No,No,No,Yes,One year,Yes,Mailed check,39.05,2159.57,No
CUST-06726,Male,0,Yes,No,22,Yes,No,No,No internet service,No internet service,No internet service,No internet service,No internet service,No internet service,Month-to-month,Yes,Mailed check,90.97,1841.07,No
CUST-06727,Male,0,No,Yes,57,Yes,Yes,DSL,No,No,No,No,No,Yes,One year,Yes,Bank transfer (automatic),57.21,3021.9,No
CUST-06728,Male,0,Yes,No,41,Yes,Yes,DSL,No,No,No,Yes,No,No,One year,Yes,Bank transfer (automatic),112.15,4581.45,No
CUST-06729,Female,1,Yes,Yes,10,Yes,No,DSL,No,Yes,No,No,No,No,One year,Yes,Bank transfer (automatic),29.56,325.75,No
CUST-06730,Male,0,Yes,No,2,No,No phone service,Fiber optic,No,Yes,No,No,No,No,Month-to-month,No,Bank transfer (automatic),92.03,168.87,Yes
CUST-06731,Female,1,No,Yes,67,Yes,Yes,DSL,Yes,No,No,No,Yes,No,One year,Yes,Electronic check,72.8,4390.8,No
CUST-06732,Male,0,Yes,No,48,Yes,Yes,No,No internet service,No internet service,No internet service,No internet service,No internet service,No internet service,Month-to-month,Yes,Mailed check,104.49,4781.19,No
CUST-06733,Male,1,Yes,Yes,42,Yes,No,No,No internet service,No internet service,No internet service,No internet service,No internet service,No internet service,Month-to-month,Yes,Mailed check,29.54,1076.64,No
CUST-06734,Female,0,No,No,11,Yes,No,Fiber optic,No,Yes,Yes,No,Yes,Yes,Month-to-month,Yes,Credit card (automatic),109.04,1341.09,Yes
CUST-06735,Male,0,Yes,Yes,12,Yes,No,Fiber optic,Yes,Yes,No,Yes,No,No,Two year,Yes,Bank transfer (automatic),21.85,260.75,No
CUST-06736,Female,1,Yes,Yes,14,Yes,No,Fiber optic,No,Yes,No,No,No,Yes,Two year,Yes,Mailed check,106.91,1673.75,Yes
CUST-06737,Female,0,Yes,No,30,Yes,Yes,Fiber optic,Yes,No,No,No,No,No,One year,Yes,Credit card (automatic),114.25,3532.29,Yes
CUST-06738,Male,0,Yes,Yes,60,Yes,No,Fiber optic,No,No,No,No,No,No,Two year,No,Bank transfer (automatic),28.0,1806.4,No
CUST-06739,Female,0,No,No,30,Yes,Yes,DSL,No,No,No,No,No,No,Month-to-month,No,Credit card (automatic),54.75,1501.6,Yes
CUST-06740,Female,0,No,No,38,Yes,No,No,No internet service,No internet service,No internet service,No internet service,No internet service,No internet service,Two year,Yes,Credit card (automatic),105.04,3456.04,No
CUST-06741,Male,0,Yes,No,65,Yes,No,DSL,No,No,Yes,No,Yes,No,Month-to-month,No,Bank transfer (automatic),52.97,3422.21,Yes
CUST-06742,Male,0,Yes,No,47,Yes,Yes,Fiber optic,Yes,Yes,No,No,Yes,Yes,Two year,Yes,Mailed check,42.12,2069.51,No
CUST-06743,Female,1,No,No,39,Yes,No,Fiber optic,Yes,No,No,No,Yes,No,Month-to-month,Yes,Mailed check,37.53,1315.03,Yes
CUST-06744,Male,0,Yes,No,49,Yes,No,No,No internet service,No internet service,No internet service,No internet service,No internet service,No internet service,Month-to-month,No,Electronic check,81.99,3556.68,Yes
CUST-06745,Female,1,No,No,58,Yes,No,DSL,No,No,No,No,Yes,Yes,Two year,Yes,Bank transfer (automatic),35.45,2180.77,No
CUST-06746,Female,1,Yes,Yes,17,Yes,Yes,Fiber optic,No,No,No,No,No,No,Month-to-month,Yes,Mailed check,32.42,486.53,Yes
CUST-06747,Male,0,No,Yes,6,Yes,Yes,Fiber optic,No,No,No,No,Yes,No,Two year,Yes,Electronic check,33.88,202.47,No
CUST-06748,Male,0,No,Yes,15,Yes,Yes,Fiber optic,No,No,No,Yes,No,No,Month-to-month,Yes,Electronic check,85.32,1110.43,No
CUST-06749,Male,0,No,No,67,Yes,Yes,DSL,No,No,No,No,No,No,Month-to-month,No,Credit card (automatic),101.14,5906.2,No
CUST-06750,Male,0,Yes,No,28,Yes,No,Fiber optic,Yes,No,No,No,Yes,Yes,Month-to-month,Yes,Electronic check,104.01,3203.62,Yes
CUST-06751,Female,0,No,No,44,Yes,No,DSL,No,No,No,No,No,Yes,Two year,Yes,Mailed check,95.06,4354.4,No
CUST-06752,Female,0,No,No,18,Yes,No,Fiber optic,No,Yes,No,No,No,Yes,Month-to-month,Yes,Mailed check,52.11,840.81,No
CUST-06753,Male,0,No,No,32,Yes,Yes,Fiber optic,No,No,No,No,Yes,No,Month-to-month,No,Mailed check,24.05,663.72,Yes
CUST-06754,Male,0,Yes,No,69,Yes,Yes,No,No internet service,No internet service,No internet service,No internet service,No internet service,No internet service,Month-to-month,Yes,Mailed check,85.68,5652.59,No
CUST-06755,Female,0,No,No,44,Yes,No,DSL,No,Yes,No,No,No,No,Month-to-month,Yes,Electronic check,101.31,4078.23,No
CUST-06756,Female,0,Yes,No,70,Yes,No,Fiber optic,No,No,No,No,No,No,Month-to-month,Yes,Electronic check,93.79,6600.5,No
CUST-06757,Female,0,Yes,No,63,No,No phone service,DSL,Yes,No,No,No,Yes,No,Month-to-month,No,Electronic check,103.86,6892.31,No
CUST-06758,Female,0,No,Yes,58,Yes,No,DSL,Yes,Yes,No,No,Yes,No,Month-to-month,Yes,Credit card (automatic),79.25,4281.86,No
CUST-06759,Male,0,Yes,No,47,Yes,Yes,Fiber optic,No,No,No,No,No,No,Two year,Yes,Bank transfer (automatic),101.26,5400.17,No
CUST-06760,Female,1,No,No,17,Yes,No,DSL,No,Yes,No,No,No,No,One year,No,Credit card (automatic),75.48,1450.65,No
CUST-06761,Female,0,No,Yes,39,Yes,Yes,DSL,No,Yes,No,No,No,No,Month-to-month,No,Bank transfer (automatic),20.01,670.55,No
CUST-06762,Male,0,No,No,59,Yes,No,Fiber optic,Yes,No,Yes,Yes,No,No,Month-to-month,Yes,Mailed check,41.91,2498.81,No
CUST-06763,Female,0,No,Yes,7,Yes,No,Fiber optic,No,Yes,No,No,Yes,No,Month-to-month,Yes,Mailed check,70.35,502.0,No
CUST-06764,Female,1,No,No,63,Yes,No,DSL,Yes,No,No,Yes,No,Yes,Month-to-month,Yes,Mailed check,30.97,1825.85,No
CUST-06765,Male,0,Yes,Yes,57,Yes,Yes,Fiber optic,No,No,No,No,No,No,Month-to-month,Yes,Mailed check,80.38,4257.54,Yes
CUST-06766,Male,0,No,No,34,Yes,No,DSL,Yes,No,No,Yes,No,Yes,Two year,No,Electronic check,21.98,713.2,No
CUST-06767,Male,1,Yes,No,53,Yes,Yes,No,No internet service,No internet service,No internet service,No internet service,No internet service,No internet service,Two year,Yes,Mailed check,60.84,3193.49,No
CUST-06768,Female,0,Yes,No,66,Yes,No,Fiber optic,No,No,No,No,No,Yes,One year,No,Mailed check,90.13,5539.81,No
CUST-06769,Female,0,No,No,48,Yes,No,DSL,No,No,No,No,No,No,Two year,Yes,Bank transfer (automatic),34.88,1727.76,No
CUST-06770,Male,0,Yes,No,60,Yes,Yes,DSL,Yes,Yes,No,Yes,No,Yes,Month-to-month,Yes,Bank transfer (automatic),76.37,5144.52,No
CUST-06771,Male,1,Yes,No,43,Yes,No,DSL,Yes,Yes,Yes,No,Yes,No,Month-to-month,Yes,Credit card (automatic),68.86,3164.73,No
CUST-06772,Female,0,No,No,4,Yes,No,DSL,Yes,Yes,No,No,No,No,One year,No,Mailed check,92.86,329.55,No
CUST-06773,Male,0,Yes,Yes,52,No,No phone service,Fiber optic,No,Yes,No,No,No,No,Month-to-month,Yes,Bank transfer (automatic),101.74,4551.8,No
CUST-06774,Male,0,Yes,No,32,Yes,Yes,No,No internet service,No internet service,No internet service,No internet service,No internet service,No internet service,One year,Yes,Mailed check,61.88,2065.75,No
CUST-06775,Male,0,Yes,No,51,Yes,No,No,No internet service,No internet service,No internet service,No internet service,No internet service,No internet service,Two year,Yes,Mailed check,117.85,6287.64,No
CUST-06776,Female,0,No,No,10,Yes,No,Fiber optic,No,No,No,No,No,No,One year,Yes,Electronic check,30.73,319.85,No
CUST-06777,Female,0,No,Yes,12,Yes,Yes,Fiber optic,Yes,Yes,No,No,No,Yes,Month-to-month,No,Electronic check,110.49,1168.14,Yes
CUST-06778,Female,0,No,Yes,39,Yes,Yes,DSL,Yes,Yes,Yes,No,No,Yes,Two year,Yes,Electronic check,66.29,2470.32,No
CUST-06779,Female,0,Yes,No,68,Yes,Yes,Fiber optic,No,No,No,No,No,No,One year,Yes,Electronic check,105.63,6477.96,No
CUST-06780,Female,0,No,No,10,Yes,Yes,DSL,No,No,No,No,Yes,Yes,Two year,Yes,Electronic check,96.28,955.64,No
CUST-06781,Female,0,No,Yes,10,Yes,Yes,DSL,No,Yes,Yes,Yes,No,No,One year,No,Mailed check,69.23,690.78,No
CUST-06782,Male,0,Yes,No,23,Yes,No,Fiber optic,No,No,No,Yes,Yes,Yes,Two year,No,Electronic check,78.31,1541.44,No
CUST-06783,Female,0,Yes,Yes,13,Yes,Yes,No,No internet service,No internet service,No internet service,No internet service,No internet service,No internet service,Month-to-month,No,Credit card (automatic),46.32,650.49,No
CUST-06784,Female,0,No,No,48,Yes,Yes,DSL,Yes,No,No,No,Yes,No,Month-to-month,No,Electronic check,76.11,3354.65,Yes
CUST-06785,Male,0,No,No,44,Yes,No,DSL,No,Yes,No,No,No,No,Month-to-month,Yes,Electronic check,66.79,3320.04,No
CUST-06786,Female,0,No,No,64,Yes,Yes,DSL,Yes,Yes,No,No,No,No,Two year,No,Mailed check,43.45,2869.03,No
CUST-06787,Female,0,Yes,Yes,40,No,No phone service,DSL,No,No,No,No,No,No,Month-to-month,Yes,Electronic check,43.41,1948.51,No
CUST-06788,Male,0,No,Yes,6,No,No phone service,No,No internet service,No internet service,No internet service,No internet service,No internet service,No internet service,Two year,Yes,Credit card (automatic),42.65,280.68,No
CUST-06789,Male,0,Yes,No,72,Yes,No,DSL,Yes,No,No,No,Yes,No,Month-to-month,Yes,Bank transfer (automatic),86.08,6286.02,No
CUST-06790,Male,0,Yes,No,43,Yes,No,Fiber optic,No,No,No,Yes,No,Yes,Two year,Yes,Electronic check,61.47,2722.65,No
CUST-06791,Female,1,Yes,No,32,Yes,Yes,DSL,No,No,No,No,No,Yes,Two year,No,Mailed check,100.06,3124.35,No
CUST-06792,Male,0,No,No,49,Yes,No,Fiber optic,No,No,Yes,No,No,Yes,Month-to-month,Yes,Mailed check,83.07,3943.55,No
CUST-06793,Female,0,No,No,19,Yes,No,Fiber optic,Yes,No,Yes,No,Yes,No,One year,No,Credit card (automatic),63.39,1118.92,No
CUST-06794,Female,1,No,Yes,52,Yes,Yes,Fiber optic,No,Yes,No,Yes,Yes,No,Month-to-month,No,Bank transfer (automatic),84.22,3900.24,No
CUST-06795,Female,0,No,Yes,52,Yes,No,Fiber optic,No,No,Yes,No,No,No,Month-to-month,Yes,Mailed check,101.73,4611.07,No
CUST-06796,Female,0,Yes,No,34,Yes,No,No,No internet service,No internet service,No internet service,No internet service,No internet service,No internet service,Month-to-month,Yes,Mailed check,107.99,3791.24,Yes
CUST-06797,Male,0,No,No,59,Yes,No,DSL,No,No,No,Yes,Yes,No,Month-to-month,No,Mailed check,57.32,3500.05,No
CUST-06798,Male,0,No,No,5,Yes,Yes,Fiber optic,Yes,No,No,No,No,Yes,Month-to-month,No,Bank transfer (automatic),79.61,369.78,Yes
CUST-06799,Female,0,Yes,No,66,Yes,Yes,Fiber optic,No,No,No,Yes,Yes,No,Month-to-month,No,Electronic check,59.4,3706.19,Yes
CUST-06800,Male,0,Yes,Yes,41,Yes,No,No,No internet service,No internet service,No internet service,No internet service,No internet service,No internet service,Month-to-month,No,Mailed check,99.06,4011.74,No
CUST-06801,Female,0,Yes,No,34,Yes,Yes,No,No internet service,No internet service,No internet service,No internet service,No internet service,No internet service,Month-to-month,Yes,Electronic check,19.16,604.74,Yes
CUST-06802,Female,0,Yes,No,54,Yes,No,DSL,Yes,No,No,No,Yes,Yes,Month-to-month,Yes,Electronic check,50.13,2789.91,No
CUST-06803,Female,0,Yes,No,20,Yes,No,No,No internet service,No internet service,No internet service,No internet service,No internet service,No internet service,One year,No,Electronic check,100.88,2088.9,Yes
CUST-06804,Male,1,Yes,No,54,Yes,No,Fiber optic,No,No,No,Yes,No,Yes,Month-to-month,Yes,Mailed check,66.61,3345.8,No
CUST-06805,Female,0,No,No,66,Yes,No,No,No internet service,No internet service,No internet service,No internet service,No internet service,No internet service,Month-to-month,No,Electronic check,105.79,7328.3,No
CUST-06806,Female,0,Yes,Yes,18,Yes,No,Fiber optic,No,No,No,No,Yes,No,Month-to-month,No,Mailed check,94.76,1622.29,Yes
CUST-06807,Male,0,Yes,No,44,Yes,No,DSL,No,Yes,No,No,No,No,Two year,Yes,Bank transfer (automatic),84.56,3502.34,No
CUST-06808,Male,0,No,Yes,48,Yes,No,Fiber optic,No,Yes,No,Yes,No,No,Two year,Yes,Credit card (automatic),29.65,1478.62,No
CUST-06809,Male,0,Yes,No,35,Yes,Yes,Fiber optic,No,No,Yes,No,No,No,Month-to-month,Yes,Bank transfer (automatic),19.59,641.04,No
CUST-06810,Male,0,No,Yes,39,Yes,No,DSL,No,No,No,Yes,Yes,No,Two year,Yes,Bank transfer (automatic),63.63,2302.2,No
CUST-06811,Female,0,No,Yes,3,Yes,Yes,Fiber optic,No,No,No,No,No,No,Month-to-month,Yes,Credit card (automatic),26.8,89.68,Yes
CUST-06812,Male,0,Yes,Yes,19,Yes,Yes,Fiber optic,Yes,No,No,No,Yes,Yes,Month-to-month,Yes,Mailed check,86.25,1558.53,Yes
CUST-06813,Female,0,Yes,Yes,18,No,No phone service,No,No internet service,No internet service,No internet service,No internet service,No internet service,No internet service,Month-to-month,No,Mailed check,87.83,1583.16,Yes
CUST-06814,Male,0,Yes,No,5,Yes,No,Fiber optic,No,Yes,No,Yes,No,Yes,Two year,Yes,Electronic check,99.7,557.26,Yes
CUST-06815,Male,1,Yes,No,55,No,No phone service,Fiber optic,Yes,Yes,Yes,No,No,No,Month-to-month,No,Mailed check,30.97,1484.02,Yes
CUST-06816,Male,1,Yes,No,13,Yes,No,No,No internet service,No internet service,No internet service,No internet service,No internet service,No internet service,Month-to-month,Yes,Mailed check,18.95,270.38,No
CUST-06817,Male,0,Yes,No,34,Yes,No,Fiber optic,No,No,No,No,No,No,Month-to-month,No,Credit card (automatic),27.7,812.99,No
CUST-06818,Male,0,Yes,Yes,18,Yes,No,Fiber optic,Yes,No,No,No,No,No,One year,Yes,Electronic check,60.42,1116.19,Yes
CUST-06819,Male,0,No,No,68,Yes,No,DSL,No,No,No,No,Yes,No,Two year,Yes,Bank transfer (automatic),24.83,1651.63,No
CUST-06820,Female,0,Yes,Yes,72,Yes,No,Fiber optic,Yes,Yes,No,No,No,Yes,Two year,Yes,Bank transfer (automatic),53.65,4371.94,No
CUST-06821,Male,1,No,Yes,43,Yes,No,DSL,No,No,No,No,No,Yes,Month-to-month,No,Bank transfer (automatic),67.42,3318.71,Yes
CUST-06822,Male,0,Yes,Yes,65,Yes,Yes,No,No internet service,No internet service,No internet service,No internet service,No internet service,No internet service,One year,Yes,Bank transfer (automatic),100.07,7222.86,No
CUST-06823,Male,0,No,No,41,Yes,No,No,No internet service,No internet service,No internet service,No internet service,No internet service,No internet service,Month-to-month,No,Credit card (automatic),25.18,1072.63,No
CUST-06824,Male,1,Yes,Yes,38,Yes,No,DSL,No,No,No,Yes,No,No,Month-to-month,Yes,Bank transfer (automatic),115.33,4072.97,Yes
CUST-06825,Female,1,No,No,38,Yes,No,DSL,No,No,Yes,No,No,Yes,One year,No,Credit card (automatic),76.48,3220.92,No
CUST-06826,Male,0,Yes,No,13,Yes,No,Fiber optic,Yes,No,Yes,No,No,Yes,Month-to-month,Yes,Bank transfer (automatic),110.06,1235.95,Yes
CUST-06827,Male,0,No,No,22,Yes,No,DSL,No,No,Yes,No,Yes,Yes,Month-to-month,Yes,Credit card (automatic),97.3,1938.39,Yes
CUST-06828,Male,0,Yes,No,29,Yes,No,Fiber optic,Yes,No,No,No,No,No,Two year,No,Bank transfer (automatic),18.81,512.52,No
CUST-06829,Male,0,No,No,9,Yes,No,Fiber optic,No,Yes,Yes,No,No,No,One year,Yes,Mailed check,108.22,1030.16,No
CUST-06830,Female,0,Yes,No,68,Yes,No,No,No internet service,No internet service,No internet service,No internet service,No internet service,No internet service,Month-to-month,Yes,Electronic check,102.83,7017.23,No
CUST-06831,Male,0,No,Yes,17,Yes,No,No,No internet service,No internet service,No internet service,No internet service,No internet service,No internet service,One year,Yes,Credit card (automatic),117.5,2257.06,No
CUST-06832,Female,0,Yes,No,37,No,No phone service,Fiber optic,No,No,No,No,No,No,Month-to-month,Yes,Electronic check,31.13,1095.26,No
CUST-06833,Male,0,Yes,Yes,64,Yes,No,Fiber optic,No,No,Yes,Yes,Yes,No,Month-to-month,No,Credit card (automatic),97.39,6597.77,No
CUST-06834,Female,0,Yes,No,67,Yes,Yes,Fiber optic,No,No,No,Yes,Yes,No,Month-to-month,No,Bank transfer (automatic),21.85,1261.37,No
CUST-06835,Female,0,Yes,No,4,Yes,No,No,No internet service,No internet service,No internet service,No internet service,No internet service,No internet service,One year,Yes,Bank transfer (automatic),99.22,418.43,No
CUST-06836,Male,0,No,No,40,Yes,No,DSL,Yes,Yes,No,No,Yes,Yes,Month-to-month,No,Mailed check,57.29,2236.07,Yes
CUST-06837,Male,0,No,No,16,No,No phone service,Fiber optic,No,Yes,Yes,Yes,No,No,Month-to-month,No,Electronic check,112.87,1996.49,Yes
CUST-06838,Female,0,Yes,Yes,11,Yes,Yes,DSL,Yes,Yes,No,No,No,Yes,Two year,Yes,Bank transfer (automatic),42.68,485.9,No
CUST-06839,Female,0,No,No,26,No,No phone service,DSL,Yes,Yes,No,Yes,Yes,No,Month-to-month,No,Mailed check,76.87,2113.12,No
CUST-06840,Male,0,No,No,72,Yes,No,Fiber optic,Yes,No,No,Yes,No,Yes,One year,No,Mailed check,45.62,3618.54,No
CUST-06841,Female,0,No,No,65,Yes,No,DSL,Yes,No,Yes,No,No,No,Month-to-month,No,Bank transfer (automatic),109.09,6098.02,No
CUST-06842,Female,0,Yes,Yes,2,Yes,No,Fiber optic,No,No,No,No,No,Yes,Two year,Yes,Electronic check,88.57,203.03,No
CUST-06843,Female,0,Yes,No,45,Yes,No,DSL,No,No,Yes,No,No,No,Month-to-month,No,Bank transfer (automatic),53.05,2181.04,No
CUST-06844,Male,0,No,No,43,Yes,No,Fiber optic,No,No,Yes,Yes,No,No,One year,Yes,Credit card (automatic),66.71,2599.9,No
CUST-06845,Female,0,Yes,No,3,Yes,Yes,DSL,No,No,Yes,Yes,No,Yes,Month-to-month,Yes,Electronic check,117.84,385.37,No
CUST-06846,Female,0,No,No,34,Yes,Yes,No,No internet service,No internet service,No internet service,No internet service,No internet service,No internet service,Two year,Yes,Mailed check,58.31,1936.91,No
CUST-06847,Female,0,No,No,65,Yes,Yes,Fiber optic,No,No,No,No,No,Yes,One year,Yes,Mailed check,22.46,1328.27,No
CUST-06848,Male,0,Yes,No,64,Yes,Yes,DSL,No,Yes,No,No,No,No,Month-to-month,Yes,Electronic check,115.57,6692.32,Yes
CUST-06849,Male,0,Yes,No,7,Yes,No,DSL,Yes,Yes,Yes,Yes,Yes,No,Month-to-month,No,Mailed check,115.83,725.58,No
CUST-06850,Female,1,No,No,35,Yes,No,DSL,Yes,No,No,No,Yes,No,Two year,No,Electronic check,82.02,2819.36,Yes
CUST-06851,Male,0,Yes,No,22,Yes,No,Fiber optic,Yes,No,Yes,Yes,No,No,One year,No,Credit card (automatic),70.15,1338.73,No
CUST-06852,Female,0,Yes,No,48,Yes,No,DSL,No,No,No,Yes,No,No,Two year,Yes,Credit card (automatic),105.81,4332.3,No
CUST-06853,Male,0,Yes,Yes,32,Yes,No,DSL,No,No,Yes,No,No,Yes,Two year,Yes,Credit card (automatic),118.56,4148.65,No
CUST-06854,Male,0,No,No,26,Yes,Yes,Fiber optic,No,No,No,No,Yes,No,Month-to-month,No,Credit card (automatic),117.95,3120.36,No
CUST-06855,Female,0,Yes,No,6,Yes,No,No,No internet service,No internet service,No internet service,No internet service,No internet service,No internet service,One year,Yes,Bank transfer (automatic),92.75,515.99,No
CUST-06856,Male,0,No,No,46,Yes,No,DSL,No,No,No,No,No,No,Month-to-month,Yes,Credit card (automatic),44.01,1772.31,No
CUST-06857,Male,0,Yes,Yes,55,Yes,Yes,DSL,No,Yes,Yes,Yes,No,Yes,Month-to-month,No,Mailed check,79.68,4632.59,No
CUST-06858,Male,0,Yes,No,55,Yes,No,Fiber optic,Yes,No,No,Yes,Yes,Yes,Month-to-month,Yes,Credit card (automatic),25.54,1533.1,No
CUST-06859,Female,0,No,No,57,Yes,No,Fiber optic,No,No,No,No,No,Yes,Two year,Yes,Credit card (automatic),91.92,5197.34,No
CUST-06860,Male,1,No,No,63,Yes,Yes,Fiber optic,No,No,No,Yes,No,Yes,Month-to-month,Yes,Mailed check,31.65,2181.47,No
CUST-06861,Male,0,Yes,Yes,1,Yes,No,Fiber optic,Yes,No,No,Yes,Yes,Yes,One year,Yes,Credit card (automatic),51.53,57.69,No
CUST-06862,Female,0,No,Yes,21,Yes,Yes,DSL,No,No,Yes,No,No,No,One year,No,Mailed check,110.36,2274.51,No
CUST-06863,Male,0,Yes,No,20,No,No phone service,Fiber optic,No,Yes,Yes,No,No,Yes,Two year,Yes,Bank transfer (automatic),79.05,1786.45,No
CUST-06864,Male,0,No,No,29,Yes,No,No,No internet service,No internet service,No internet service,No internet service,No internet service,No internet service,One year,Yes,Credit card (automatic),82.61,2148.61,No
CUST-06865,Male,0,Yes,No,43,Yes,No,No,No internet service,No internet service,No internet service,No internet service,No internet service,No internet service,Two year,Yes,Credit card (automatic),33.58,1509.42,No
CUST-06866,Male,0,No,No,45,Yes,Yes,Fiber optic,No,Yes,No,No,No,No,Two year,No,Bank transfer (automatic),92.77,4092.71,No
CUST-06867,Male,0,No,No,65,No,No phone service,DSL,No,No,Yes,No,No,No,Month-to-month,No,Electronic check,97.17,5550.04,No
CUST-06868,Female,0,Yes,No,3,Yes,No,Fiber optic,No,Yes,Yes,No,Yes,No,Two year,Yes,Electronic check,114.64,388.35,No
CUST-06869,Female,0,No,Yes,20,Yes,Yes,No,No internet service,No internet service,No internet service,No internet service,No internet service,No internet service,Month-to-month,No,Credit card (automatic),80.75,1754.65,No
CUST-06870,Male,0,No,Yes,37,Yes,Yes,DSL,No,Yes,No,Yes,No,No,One year,Yes,Mailed check,108.18,4058.73,No
CUST-06871,Male,0,Yes,No,38,Yes,Yes,Fiber optic,No,No,Yes,No,Yes,No,Month-to-month,No,Electronic check,95.56,3896.5,Yes
CUST-06872,Male,0,No,No,45,No,No phone service,No,No internet service,No internet service,No internet service,No internet service,No internet service,No internet service,Two year,No,Credit card (automatic),57.46,2570.02,No
CUST-06873,Female,1,No,No,42,Yes,Yes,Fiber optic,No,No,Yes,No,No,Yes,One year,Yes,Mailed check,35.54,1531.01,No
CUST-06874,Female,1,No,No,46,Yes,No,Fiber optic,Yes,No,No,No,Yes,Yes,Month-to-month,No,Credit card (automatic),113.89,4771.48,No
CUST-06875,Male,0,No,No,60,Yes,No,Fiber optic,No,No,No,No,Yes,No,Two year,Yes,Mailed check,114.39,6840.47,No
CUST-06876,Male,0,No,No,13,Yes,No,DSL,No,No,Yes,Yes,No,Yes,Month-to-month,Yes,Credit card (automatic),43.59,516.51,No
CUST-06877,Female,0,No,No,31,Yes,No,Fiber optic,Yes,No,No,No,No,No,One year,No,Credit card (automatic),116.46,4110.6,No
CUST-06878,Male,0,No,Yes,68,Yes,No,No,No internet service,No internet service,No internet service,No internet service,No internet service,No internet service,Month-to-month,Yes,Mailed check,75.44,5038.08,No
CUST-06879,Female,0,Yes,No,62,Yes,Yes,No,No internet service,No internet service,No internet service,No internet service,No internet service,No internet service,Month-to-month,Yes,Electronic check,47.27,2864.29,No
CUST-06880,Female,1,No,No,49,Yes,No,Fiber optic,Yes,No,No,Yes,Yes,No,Month-to-month,Yes,Bank transfer (automatic),105.2,5878.83,No
CUST-06881,Male,0,Yes,No,18,Yes,Yes,Fiber optic,No,No,No,No,Yes,No,One year,Yes,Credit card (automatic),86.95,1775.12,No
CUST-06882,Female,0,No,No,53,Yes,No,DSL,No,No,No,Yes,No,No,Two year,Yes,Electronic check,65.59,3722.68,No
CUST-06883,Male,0,No,No,18,Yes,No,Fiber optic,Yes,No,Yes,No,No,Yes,Month-to-month,Yes,Electronic check,66.93,1292.78,Yes
CUST-06884,Male,0,Yes,No,51,Yes,Yes,Fiber optic,No,No,Yes,No,No,No,One year,Yes,Mailed check,113.45,6470.91,Yes
CUST-06885,Male,0,Yes,No,41,Yes,No,Fiber optic,No,Yes,No,No,Yes,No,Two year,No,Electronic check,56.63,2646.16,No
CUST-06886,Male,0,Yes,Yes,67,Yes,Yes,Fiber optic,No,Yes,No,No,Yes,Yes,Two year,Yes,Electronic check,55.63,4155.08,No
CUST-06887,Male,0,Yes,No,65,Yes,No,Fiber optic,Yes,Yes,No,No,Yes,No,Two year,Yes,Mailed check,55.94,3116.58,No
CUST-06888,Male,0,No,Yes,6,Yes,No,Fiber optic,No,Yes,Yes,No,No,Yes,Two year,Yes,Mailed check,112.87,712.94,Yes
CUST-06889,Female,1,Yes,No,37,Yes,Yes,DSL,No,Yes,No,No,Yes,Yes,Month-to-month,No,Credit card (automatic),80.59,3390.15,Yes
CUST-06890,Female,0,No,No,12,Yes,No,Fiber optic,No,No,Yes,Yes,No,No,Month-to-month,Yes,Credit card (automatic),115.14,1267.89,No
CUST-06891,Female,1,No,No,2,Yes,No,Fiber optic,No,Yes,No,Yes,No,No,Two year,Yes,Electronic check,92.0,186.66,Yes
CUST-06892,Female,0,No,Yes,53,Yes,Yes,DSL,Yes,Yes,No,No,No,Yes,Month-to-month,No,Credit card (automatic),101.07,6154.66,No
CUST-06893,Male,0,Yes,No,25,Yes,Yes,DSL,Yes,No,Yes,Yes,No,No,Month-to-month,Yes,Electronic check,71.03,1806.75,Yes
CUST-06894,Female,0,No,No,28,Yes,Yes,No,No internet service,No internet service,No internet service,No internet service,No internet service,No internet service,Two year,No,Bank transfer (automatic),88.61,2351.67,No
CUST-06895,Female,0,Yes,Yes,45,Yes,Yes,DSL,No,No,Yes,No,Yes,No,Month-to-month,Yes,Electronic check,47.39,2294.73,Yes
CUST-06896,Female,0,No,No,37,Yes,No,Fiber optic,No,Yes,Yes,Yes,No,No,Month-to-month,No,Electronic check,26.07,1105.91,No
CUST-06897,Male,0,No,No,17,Yes,No,DSL,No,No,No,No,No,No,Month-to-month,No,Mailed check,34.85,517.45,No
CUST-06898,Female,0,Yes,No,69,Yes,Yes,DSL,No,No,Yes,Yes,No,No,Two year,Yes,Credit card (automatic),115.99,7102.96,No
CUST-06899,Male,0,Yes,No,56,Yes,Yes,DSL,No,No,Yes,No,Yes,No,Month-to-month,Yes,Mailed check,25.1,1441.2,No
CUST-06900,Female,0,Yes,No,58,Yes,No,Fiber optic,Yes,Yes,No,No,Yes,No,Month-to-month,Yes,Electronic check,61.75,3862.13,Yes
CUST-06901,Male,0,No,Yes,4,Yes,No,No,No internet service,No internet service,No internet service,No internet service,No internet service,No internet service,Two year,No,Electronic check,116.33,502.22,No
CUST-06902,Male,0,Yes,No,55,Yes,Yes,No,No internet service,No internet service,No internet service,No internet service,No internet service,No internet service,Two year,No,Electronic check,58.44,3234.97,No
CUST-06903,Female,0,No,No,49,Yes,Yes,Fiber optic,No,No,Yes,No,No,Yes,One year,Yes,Mailed check,104.58,5842.71,Yes
CUST-06904,Male,0,Yes,No,38,No,No phone service,Fiber optic,No,No,Yes,No,No,Yes,Month-to-month,No,Credit card (automatic),34.5,1370.9,No
CUST-06905,Male,0,No,No,45,Yes,No,Fiber optic,No,No,No,No,No,Yes,Month-to-month,Yes,Electronic check,69.48,3104.71,No
CUST-06906,Female,0,Yes,No,30,Yes,Yes,Fiber optic,No,No,Yes,No,No,No,Month-to-month,Yes,Electronic check,56.55,1730.6,Yes
CUST-06907,Female,1,Yes,No,37,Yes,No,No,No internet service,No internet service,No internet service,No internet service,No internet service,No internet service,One year,Yes,Bank transfer (automatic),92.82,3752.2,No
CUST-06908,Female,0,Yes,No,56,Yes,No,No,No internet service,No internet service,No internet service,No internet service,No internet service,No internet service,One year,Yes,Bank transfer (automatic),20.93,1313.41,No
CUST-06909,Male,0,No,No,27,Yes,No,Fiber optic,No,Yes,No,No,No,No,One year,No,Mailed check,95.5,2833.77,Yes
CUST-06910,Male,1,No,No,32,Yes,No,Fiber optic,No,No,No,No,No,No,Month-to-month,No,Electronic check,46.5,1528.82,Yes
CUST-06911,Male,1,Yes,No,11,No,No phone service,Fiber optic,Yes,Yes,Yes,No,Yes,No,One year,Yes,Electronic check,97.68,935.72,Yes
CUST-06912,Female,0,Yes,Yes,58,Yes,No,Fiber optic,Yes,Yes,No,No,Yes,Yes,Two year,Yes,Mailed check,54.41,3372.81,No
CUST-06913,Male,1,Yes,No,35,Yes,No,Fiber optic,Yes,No,Yes,No,Yes,No,Month-to-month,Yes,Electronic check,22.84,861.78,No
CUST-06914,Male,0,No,Yes,17,Yes,Yes,Fiber optic,Yes,No,No,No,No,Yes,One year,Yes,Electronic check,19.47,290.14,No
CUST-06915,Male,0,Yes,No,30,Yes,No,No,No internet service,No internet service,No internet service,No internet service,No internet service,No internet service,One year,No,Electronic check,108.32,3069.08,No
CUST-06916,Male,0,No,No,18,Yes,Yes,No,No internet service,No internet service,No internet service,No internet service,No internet service,No internet service,Two year,No,Electronic check,112.25,1768.62,No
CUST-06917,Male,0,No,Yes,30,Yes,No,Fiber optic,No,Yes,No,No,No,Yes,Month-to-month,Yes,Credit card (automatic),51.98,1515.74,Yes
CUST-06918,Male,0,No,No,16,Yes,Yes,DSL,No,Yes,Yes,No,Yes,Yes,One year,Yes,Electronic check,60.53,980.01,No
CUST-06919,Male,0,No,Yes,54,Yes,No,DSL,No,No,Yes,No,No,Yes,One year,Yes,Electronic check,111.92,5445.37,No
CUST-06920,Female,1,Yes,No,4,Yes,No,No,No internet service,No internet service,No internet service,No internet service,No internet service,No internet service,Month-to-month,Yes,Mailed check,66.21,272.88,No
CUST-06921,Female,0,No,No,15,Yes,No,No,No internet service,No internet service,No internet service,No internet service,No internet service,No internet service,Month-to-month,No,Credit card (automatic),86.45,1400.47,Yes
CUST-06922,Female,0,Yes,Yes,27,Yes,No,Fiber optic,No,Yes,No,Yes,Yes,No,Month-to-month,Yes,Mailed check,69.04,2076.39,No
CUST-06923,Male,0,Yes,No,4,Yes,Yes,Fiber optic,No,No,No,Yes,No,No,Two year,No,Electronic check,105.33,467.55,No
CUST-06924,Male,0,No,No,35,No,No phone service,Fiber optic,No,No,No,No,Yes,Yes,One year,No,Bank transfer (automatic),113.78,4175.5,Yes
CUST-06925,Female,0,Yes,No,63,Yes,No,Fiber optic,Yes,Yes,No,Yes,No,No,Month-to-month,No,Mailed check,91.48,6089.66,No
CUST-06926,Male,0,Yes,No,66,Yes,Yes,DSL,No,No,No,No,Yes,Yes,Two year,Yes,Bank transfer (automatic),42.61,2487.38,No
CUST-06927,Female,1,Yes,No,39,Yes,No,DSL,No,No,Yes,No,No,No,One year,Yes,Bank transfer (automatic),33.03,1179.98,No
CUST-06928,Male,0,Yes,Yes,28,Yes,Yes,DSL,No,No,Yes,No,Yes,Yes,Month-to-month,Yes,Electronic check,21.32,680.19,No
CUST-06929,Male,0,Yes,No,34,Yes,No,Fiber optic,Yes,Yes,No,No,No,Yes,Two year,No,Mailed check,86.68,3388.43,No
CUST-06930,Female,0,Yes,No,33,Yes,Yes,Fiber optic,No,No,Yes,No,No,No,Two year,Yes,Mailed check,96.5,2727.74,No
CUST-06931,Female,0,Yes,No,50,Yes,Yes,No,No internet service,No internet service,No internet service,No internet service,No internet service,No internet service,Two year,No,Mailed check,83.15,4485.28,No
CUST-06932,Female,1,No,Yes,60,Yes,No,DSL,No,No,No,No,No,No,One year,Yes,Bank transfer (automatic),29.11,1815.31,No
CUST-06933,Female,0,No,No,72,Yes,No,Fiber optic,No,No,Yes,No,Yes,Yes,Month-to-month,Yes,Credit card (automatic),30.69,1899.22,No
CUST-06934,Female,0,No,No,72,Yes,No,DSL,No,No,No,Yes,Yes,No,Two year,Yes,Bank transfer (automatic),80.09,5902.54,No
CUST-06935,Male,0,No,No,42,Yes,Yes,No,No internet service,No internet service,No internet service,No internet service,No internet service,No internet service,Two year,No,Electronic check,84.16,3631.84,No
CUST-06936,Male,0,No,No,28,Yes,Yes,No,No internet service,No internet service,No internet service,No internet service,No internet service,No internet service,Month-to-month,No,Mailed check,42.67,1136.37,No
CUST-06937,Male,0,No,No,27,No,No phone service,No,No internet service,No internet service,No internet service,No internet service,No internet service,No internet service,Two year,No,Mailed check,58.56,1780.77,No
CUST-06938,Female,0,No,No,1,Yes,No,DSL,No,No,No,Yes,Yes,Yes,Month-to-month,Yes,Electronic check,112.05,128.68,Yes
CUST-06939,Female,0,No,No,8,Yes,Yes,No,No internet service,No internet service,No internet service,No internet service,No internet service,No internet service,One year,Yes,Mailed check,25.11,226.51,Yes
CUST-06940,Female,0,Yes,No,46,No,No phone service,DSL,No,No,No,No,No,Yes,One year,No,Electronic check,40.6,1590.31,No
CUST-06941,Female,0,No,No,24,Yes,Yes,DSL,No,Yes,No,No,No,No,Month-to-month,Yes,Bank transfer (automatic),101.01,2234.83,No
CUST-06942,Female,0,No,No,40,Yes,Yes,DSL,Yes,No,Yes,No,No,Yes,Month-to-month,Yes,Credit card (automatic),87.19,3521.55,Yes
CUST-06943,Female,0,No,No,51,Yes,No,Fiber optic,Yes,Yes,No,No,No,Yes,Month-to-month,Yes,Credit card (automatic),71.95,3982.31,No
CUST-06944,Male,0,No,Yes,24,Yes,Yes,DSL,No,Yes,No,Yes,No,No,One year,No,Electronic check,77.67,1648.25,No
CUST-06945,Male,1,Yes,Yes,22,Yes,Yes,Fiber optic,Yes,No,Yes,Yes,Yes,Yes,Month-to-month,No,Mailed check,33.59,752.59,No
CUST-06946,Male,0,Yes,No,68,Yes,Yes,DSL,No,Yes,No,No,No,No,One year,Yes,Electronic check,83.57,5214.0,No
CUST-06947,Male,0,No,No,8,Yes,Yes,No,No internet service,No internet service,No internet service,No internet service,No internet service,No internet service,Month-to-month,Yes,Mailed check,57.94,450.44,No
CUST-06948,Male,0,No,Yes,58,Yes,No,Fiber optic,No,No,No,No,No,Yes,Month-to-month,No,Electronic check,118.39,7768.65,Yes
CUST-06949,Female,0,Yes,No,15,Yes,No,Fiber optic,No,No,Yes,No,No,No,Month-to-month,No,Bank transfer (automatic),20.96,301.1,Yes
CUST-06950,Female,0,Yes,No,8,Yes,No,No,No internet service,No internet service,No internet service,No internet service,No internet service,No internet service,One year,Yes,Electronic check,113.68,941.8,No
CUST-06951,Female,1,No,No,42,No,No phone service,DSL,Yes,No,No,No,No,No,Month-to-month,No,Mailed check,41.8,1591.82,No
CUST-06952,Female,0,Yes,No,39,Yes,Yes,DSL,No,Yes,No,Yes,No,No,Month-to-month,No,Credit card (automatic),51.91,1767.38,No
CUST-06953,Female,0,Yes,No,35,Yes,Yes,Fiber optic,No,Yes,No,Yes,No,Yes,One year,Yes,Mailed check,24.32,957.15,No
CUST-06954,Female,0,Yes,Yes,41,Yes,Yes,DSL,Yes,Yes,No,No,No,Yes,Month-to-month,No,Credit card (automatic),82.12,3863.77,No
CUST-06955,Male,1,Yes,No,48,Yes,No,DSL,No,No,Yes,No,Yes,Yes,One year,Yes,Credit card (automatic),75.79,3120.47,No
CUST-06956,Female,0,Yes,No,71,Yes,No,No,No internet service,No internet service,No internet service,No internet service,No internet service,No internet service,Two year,No,Mailed check,97.96,6911.52,No
CUST-06957,Female,0,No,No,44,Yes,No,DSL,Yes,Yes,No,No,No,No,One year,Yes,Bank transfer (automatic),67.29,2564.28,No
CUST-06958,Female,1,Yes,No,35,Yes,No,No,No internet service,No internet service,No internet service,No internet service,No internet service,No internet service,Month-to-month,Yes,Bank transfer (automatic),85.87,3050.87,Yes
CUST-06959,Female,0,Yes,Yes,27,Yes,Yes,DSL,No,Yes,No,No,No,No,Month-to-month,No,Electronic check,113.94,3329.67,No
CUST-06960,Male,0,No,No,65,No,No phone service,No,No internet service,No internet service,No internet service,No internet service,No internet service,No internet service,One year,Yes,Mailed check,59.66,3827.9,No
CUST-06961,Male,0,No,No,70,Yes,No,Fiber optic,No,No,No,No,No,No,Month-to-month,Yes,Mailed check,65.86,4209.65,No
CUST-06962,Female,0,Yes,No,66,Yes,No,Fiber optic,Yes,Yes,No,Yes,No,No,Two year,No,Mailed check,68.96,4648.93,No
CUST-06963,Male,0,No,Yes,71,Yes,No,DSL,No,No,Yes,No,No,No,Two year,No,Electronic check,72.33,4726.3,No
CUST-06964,Male,0,No,No,72,Yes,Yes,DSL,No,Yes,Yes,No,Yes,No,Month-to-month,Yes,Bank transfer (automatic),43.43,3453.69,No
CUST-06965,Female,0,No,Yes,63,Yes,No,Fiber optic,Yes,No,Yes,No,Yes,Yes,One year,No,Credit card (automatic),41.42,2828.94,No
CUST-06966,Female,0,No,No,29,Yes,No,Fiber optic,No,No,No,No,Yes,No,Month-to-month,No,Mailed check,57.23,1699.72,No
CUST-06967,Female,0,No,No,31,Yes,No,DSL,No,Yes,Yes,Yes,No,No,One year,No,Credit card (automatic),104.92,3174.25,No
CUST-06968,Female,0,Yes,No,64,Yes,Yes,Fiber optic,Yes,No,No,No,No,No,Two year,Yes,Bank transfer (automatic),100.65,7110.01,No
CUST-06969,Female,0,No,No,53,Yes,Yes,DSL,No,No,No,Yes,Yes,Yes,Month-to-month,No,Electronic check,22.51,1256.62,No
CUST-06970,Male,0,No,No,68,No,No phone service,No,No internet service,No internet service,No internet service,No internet service,No internet service,No internet service,Month-to-month,No,Mailed check,99.36,7115.39,No
CUST-06971,Female,0,Yes,Yes,25,Yes,No,No,No internet service,No internet service,No internet service,No internet service,No internet service,No internet service,Month-to-month,No,Bank transfer (automatic),47.87,1263.99,No
CUST-06972,Female,0,No,No,13,Yes,Yes,DSL,Yes,No,Yes,No,No,Yes,Two year,Yes,Bank transfer (automatic),23.19,267.17,No
CUST-06973,Female,0,No,No,40,Yes,Yes,Fiber optic,Yes,No,No,No,Yes,No,Month-to-month,No,Bank transfer (automatic),57.84,2371.92,No
CUST-06974,Male,0,No,Yes,72,Yes,No,Fiber optic,No,No,No,Yes,No,No,Two year,Yes,Bank transfer (automatic),27.99,1928.33,No
CUST-06975,Female,0,Yes,Yes,7,Yes,No,No,No internet service,No internet service,No internet service,No internet service,No internet service,No internet service,Month-to-month,Yes,Electronic check,42.42,288.06,Yes
CUST-06976,Female,0,Yes,No,32,Yes,Yes,DSL,No,No,Yes,No,No,Yes,Two year,Yes,Credit card (automatic),93.46,3036.25,No
CUST-06977,Female,0,No,No,24,Yes,Yes,DSL,No,No,No,Yes,Yes,No,Month-to-month,No,Electronic check,23.55,649.34,No
CUST-06978,Male,0,Yes,No,1,Yes,Yes,No,No internet service,No internet service,No internet service,No internet service,No internet service,No internet service,One year,Yes,Electronic check,62.76,70.39,Yes
CUST-06979,Female,0,No,No,47,Yes,No,No,No internet service,No internet service,No internet service,No internet service,No internet service,No internet service,Two year,No,Electronic check,38.36,2070.98,No
CUST-06980,Female,0,Yes,No,51,Yes,No,No,No internet service,No internet service,No internet service,No internet service,No internet service,No internet service,One year,Yes,Electronic check,61.39,3419.49,No
CUST-06981,Female,0,No,No,36,Yes,Yes,DSL,No,No,No,No,Yes,Yes,Month-to-month,No,Bank transfer (automatic),106.5,3398.75,No
CUST-06982,Male,0,No,Yes,27,No,No phone service,DSL,No,No,No,Yes,Yes,Yes,Month-to-month,Yes,Electronic check,99.79,2411.28,No
CUST-06983,Female,0,Yes,No,70,No,No phone service,DSL,No,No,No,No,No,Yes,Month-to-month,No,Electronic check,59.56,3829.89,Yes
CUST-06984,Female,0,Yes,No,42,Yes,Yes,No,No internet service,No internet service,No internet service,No internet service,No internet service,No internet service,One year,Yes,Electronic check,33.9,1636.68,No
CUST-06985,Female,0,Yes,No,68,Yes,No,Fiber optic,No,No,No,No,No,No,Month-to-month,Yes,Electronic check,114.69,7810.95,No
CUST-06986,Male,1,Yes,No,70,Yes,No,No,No internet service,No internet service,No internet service,No internet service,No internet service,No internet service,Month-to-month,Yes,Bank transfer (automatic),67.36,5106.15,No
CUST-06987,Female,0,No,No,13,Yes,Yes,No,No internet service,No internet service,No internet service,No internet service,No internet service,No internet service,Month-to-month,No,Mailed check,33.04,463.36,Yes
CUST-06988,Female,0,No,No,25,Yes,No,Fiber optic,No,Yes,No,Yes,No,No,Month-to-month,Yes,Bank transfer (automatic),43.13,1230.74,Yes
CUST-06989,Female,0,Yes,No,22,Yes,No,Fiber optic,Yes,No,No,No,Yes,No,Month-to-month,Yes,Electronic check,101.55,1960.82,Yes
CUST-06990,Male,0,Yes,No,21,No,No phone service,DSL,No,Yes,No,No,No,Yes,Month-to-month,No,Bank transfer (automatic),39.74,731.68,No
CUST-06991,Male,0,Yes,Yes,15,Yes,No,Fiber optic,No,No,No,No,Yes,Yes,Two year,Yes,Electronic check,27.71,448.17,No
CUST-06992,Female,0,No,No,67,Yes,Yes,Fiber optic,Yes,No,No,No,Yes,Yes,Month-to-month,No,Mailed check,49.03,2806.52,No
CUST-06993,Male,0,Yes,Yes,37,Yes,Yes,DSL,No,Yes,Yes,Yes,No,Yes,Month-to-month,Yes,Credit card (automatic),92.96,3825.25,No
CUST-06994,Male,0,No,Yes,45,Yes,Yes,DSL,No,No,No,No,No,Yes,Month-to-month,No,Electronic check,57.84,2611.25,Yes
CUST-06995,Male,0,No,No,26,Yes,Yes,Fiber optic,No,Yes,No,No,No,No,Two year,No,Credit card (automatic),37.26,898.43,No
CUST-06996,Female,0,No,No,55,Yes,Yes,Fiber optic,No,No,Yes,No,No,No,Month-to-month,No,Electronic check,108.59,6709.04,Yes
CUST-06997,Female,1,No,No,50,Yes,No,Fiber optic,Yes,Yes,No,No,No,No,Month-to-month,Yes,Electronic check,71.22,3817.22,No
CUST-06998,Male,0,No,No,35,Yes,No,Fiber optic,Yes,Yes,Yes,No,Yes,No,Month-to-month,Yes,Credit card (automatic),114.43,3754.63,Yes
CUST-06999,Male,1,No,Yes,41,Yes,No,DSL,Yes,No,No,No,No,No,One year,Yes,Bank transfer (automatic),113.26,4978.77,Yes
CUST-07000,Male,0,No,Yes,72,Yes,No,No,No internet service,No internet service,No internet service,No internet service,No internet service,No internet service,Month-to-month,No,Electronic check,79.4,5379.78,No
CUST-07001,Female,1,Yes,Yes,11,Yes,No,Fiber optic,No,No,No,No,Yes,Yes,Month-to-month,No,Bank transfer (automatic),63.87,710.72,No
CUST-07002,Female,0,No,No,8,Yes,No,Fiber optic,No,No,No,Yes,Yes,Yes,One year,Yes,Credit card (automatic),59.93,515.32,No
CUST-07003,Male,0,Yes,Yes,54,Yes,Yes,DSL,Yes,No,Yes,No,No,No,Month-to-month,No,Credit card (automatic),61.55,3248.1,Yes
CUST-07004,Male,0,No,Yes,1,Yes,No,Fiber optic,No,Yes,No,Yes,Yes,No,Month-to-month,Yes,Credit card (automatic),21.41,23.42,Yes
CUST-07005,Male,1,No,No,20,Yes,Yes,Fiber optic,No,Yes,No,No,No,No,Two year,No,Credit card (automatic),86.85,1558.94,Yes
CUST-07006,Male,0,No,Yes,34,Yes,No,DSL,No,Yes,Yes,No,No,Yes,Month-to-month,Yes,Electronic check,49.7,1699.36,Yes
CUST-07007,Female,0,No,Yes,57,Yes,No,Fiber optic,No,No,Yes,No,No,Yes,Month-to-month,Yes,Bank transfer (automatic),51.69,2530.86,No
CUST-07008,Male,1,Yes,No,13,Yes,Yes,DSL,No,Yes,Yes,No,Yes,Yes,Month-to-month,Yes,Electronic check,97.11,1444.34,No
CUST-07009,Female,0,No,No,54,Yes,Yes,Fiber optic,No,No,No,No,No,Yes,Month-to-month,No,Credit card (automatic),116.75,5692.43,Yes
CUST-07010,Male,0,Yes,No,53,Yes,No,No,No internet service,No internet service,No internet service,No internet service,No internet service,No internet service,Two year,Yes,Electronic check,29.52,1406.6,No
CUST-07011,Male,1,Yes,No,52,Yes,No,DSL,No,Yes,Yes,No,No,Yes,One year,No,Bank transfer (automatic),39.73,2030.08,No
CUST-07012,Male,0,Yes,No,6,Yes,No,Fiber optic,No,Yes,No,No,No,No,Month-to-month,Yes,Electronic check,27.07,141.29,No
CUST-07013,Male,0,Yes,Yes,36,Yes,Yes,Fiber optic,Yes,No,No,No,Yes,Yes,Month-to-month,Yes,Credit card (automatic),97.68,3909.0,Yes
CUST-07014,Male,0,No,No,25,Yes,No,No,No internet service,No internet service,No internet service,No internet service,No internet service,No internet service,Month-to-month,No,Mailed check,90.97,2065.0,Yes
CUST-07015,Female,0,No,No,58,Yes,Yes,Fiber optic,Yes,No,No,Yes,Yes,Yes,One year,No,Mailed check,82.43,4968.98,No
CUST-07016,Male,0,No,No,55,Yes,No,No,No internet service,No internet service,No internet service,No internet service,No internet service,No internet service,One year,Yes,Mailed check,37.53,2242.77,No
CUST-07017,Male,1,Yes,No,3,Yes,No,No,No internet service,No internet service,No internet service,No internet service,No internet service,No internet service,Month-to-month,No,Bank transfer (automatic),72.88,218.58,Yes
CUST-07018,Male,0,No,No,28,Yes,Yes,Fiber optic,Yes,No,No,No,Yes,Yes,Month-to-month,Yes,Credit card (automatic),78.49,1891.92,No
CUST-07019,Female,0,No,No,68,Yes,Yes,DSL,No,Yes,Yes,No,No,No,Month-to-month,No,Credit card (automatic),113.73,7308.42,Yes
CUST-07020,Female,0,No,No,38,Yes,Yes,Fiber optic,No,No,No,No,Yes,No,Two year,Yes,Electronic check,86.12,3379.28,No
CUST-07021,Female,0,No,No,34,Yes,No,DSL,No,No,No,Yes,No,Yes,Two year,Yes,Mailed check,105.35,3442.57,No
CUST-07022,Female,0,No,No,13,No,No phone service,Fiber optic,No,No,Yes,No,No,No,Month-to-month,Yes,Mailed check,102.45,1390.78,Yes
CUST-07023,Male,0,Yes,No,5,Yes,Yes,Fiber optic,No,No,Yes,No,No,No,Month-to-month,Yes,Electronic check,94.04,471.95,No
CUST-07024,Male,0,No,No,60,Yes,Yes,Fiber optic,Yes,Yes,No,No,Yes,Yes,One year,Yes,Bank transfer (automatic),55.15,3287.76,No
CUST-07025,Male,0,No,Yes,17,Yes,Yes,DSL,Yes,No,Yes,No,Yes,No,Two year,No,Bank transfer (automatic),106.5,1671.43,No
CUST-07026,Female,0,No,No,57,Yes,Yes,Fiber optic,No,No,No,No,No,No,One year,Yes,Credit card (automatic),94.4,6108.06,No
CUST-07027,Male,0,Yes,Yes,31,Yes,No,No,No internet service,No internet service,No internet service,No internet service,No internet service,No internet service,Month-to-month,Yes,Bank transfer (automatic),91.48,2889.44,Yes
CUST-07028,Male,0,No,Yes,65,Yes,No,DSL,No,No,No,No,Yes,Yes,Month-to-month,No,Electronic check,32.13,1913.09,No
CUST-07029,Female,0,No,No,66,Yes,No,Fiber optic,No,Yes,No,No,Yes,Yes,One year,No,Credit card (automatic),111.43,7060.41,No
CUST-07030,Female,0,No,No,33,Yes,Yes,Fiber optic,Yes,No,No,Yes,No,No,Month-to-month,Yes,Electronic check,18.46,538.97,No
CUST-07031,Female,0,No,Yes,4,No,No phone service,DSL,No,Yes,Yes,No,No,Yes,One year,Yes,Bank transfer (automatic),49.37,214.86,No
CUST-07032,Male,0,Yes,No,55,Yes,Yes,Fiber optic,No,No,No,No,No,No,One year,No,Bank transfer (automatic),86.31,4881.22,No
CUST-07033,Male,0,Yes,No,24,Yes,No,Fiber optic,No,No,Yes,Yes,No,Yes,Month-to-month,Yes,Electronic check,33.29,866.09,Yes
CUST-07034,Female,0,No,No,32,Yes,No,Fiber optic,No,No,Yes,No,No,No,One year,Yes,Mailed check,95.91,3238.5,No
CUST-07035,Male,0,No,Yes,47,Yes,Yes,Fiber optic,No,Yes,Yes,No,No,No,Month-to-month,Yes,Electronic check,32.7,1750.11,No
CUST-07036,Female,0,No,No,16,No,No phone service,Fiber optic,No,No,No,No,No,No,Month-to-month,Yes,Bank transfer (automatic),18.4,315.98,No
CUST-07037,Female,0,Yes,No,21,Yes,No,Fiber optic,No,No,No,No,No,Yes,Two year,Yes,Bank transfer (automatic),21.11,466.5,No
CUST-07038,Male,0,No,No,67,Yes,No,DSL,No,Yes,Yes,No,Yes,Yes,One year,Yes,Mailed check,39.93,2760.66,No
CUST-07039,Female,0,Yes,No,31,Yes,No,Fiber optic,No,No,No,No,Yes,No,One year,Yes,Electronic check,73.01,1973.69,Yes
CUST-07040,Female,0,No,No,14,Yes,Yes,DSL,No,Yes,Yes,No,No,Yes,Month-to-month,Yes,Bank transfer (automatic),25.86,314.67,Yes
CUST-07041,Female,0,Yes,Yes,6,No,No phone service,Fiber optic,No,Yes,No,No,No,No,One year,Yes,Credit card (automatic),54.38,352.76,No
CUST-07042,Male,1,No,No,69,Yes,Yes,DSL,No,Yes,No,No,No,No,One year,No,Bank transfer (automatic),37.4,2751.62,No
CUST-07043,Female,0,Yes,No,29,Yes,Yes,No,No internet service,No internet service,No internet service,No internet service,No internet service,No internet service,Month-to-month,Yes,Credit card (automatic),106.64,2848.54,No
